[www.clic-formation.net/index.html]
[backblue.gif]
[fade.gif]
[index.html]
[www.clic-formation.net/templates/clic/favicon.ico]
[www.clic-formation.net/component/search/index5ded.html]
[www.clic-formation.net/media/vendor/bootstrap/css/bootstrap.minea31.css]
[www.clic-formation.net/media/system/css/joomla-fontawesome.minea31.css]
[www.clic-formation.net/media/vendor/joomla-custom-elements/css/joomla-alert.mineeda.css]
[www.clic-formation.net/media/vendor/jquery/js/jquery.min8a0c.js]
[www.clic-formation.net/media/vendor/jquery/js/jquery-noconflict.min8a0c.js]
[www.clic-formation.net/media/system/js/core.min23b9.js]
[www.clic-formation.net/media/vendor/bootstrap/js/alert.min9b16.js]
[www.clic-formation.net/media/vendor/bootstrap/js/button.min9b16.js]
[www.clic-formation.net/media/vendor/bootstrap/js/carousel.min9b16.js]
[www.clic-formation.net/media/vendor/bootstrap/js/collapse.min9b16.js]
[www.clic-formation.net/media/vendor/bootstrap/js/dropdown.min9b16.js]
[www.clic-formation.net/media/vendor/bootstrap/js/modal.min9b16.js]
[www.clic-formation.net/media/vendor/bootstrap/js/offcanvas.min9b16.js]
[www.clic-formation.net/media/vendor/bootstrap/js/popover.min9b16.js]
[www.clic-formation.net/media/vendor/bootstrap/js/scrollspy.min9b16.js]
[www.clic-formation.net/media/vendor/bootstrap/js/tab.min9b16.js]
[www.clic-formation.net/media/vendor/bootstrap/js/toast.min9b16.js]
[www.clic-formation.net/media/system/js/messages.minee3c.js]
[www.clic-formation.net/components/com_pagebuilderck/assets/jquery-uick.minf8ee.js]
[www.clic-formation.net/components/com_pagebuilderck/assets/pagebuilderckf8ee.js]
[www.clic-formation.net/components/com_pagebuilderck/assets/parallaxbackgroundf8ee.js]
[www.clic-formation.net/media/plg_system_jcemediabox/js/jcemediabox.min473e.js]
[www.clic-formation.net/modules/mod_maximenuck/assets/maximenuck.minf2d6.js]
[www.clic-formation.net/media/plg_system_imageeffectck/js/imageeffectck.js]
[www.clic-formation.net/plugins/system/mediabox_ck/assets/mediaboxck.minbf47.js]
[www.clic-formation.net/media/plg_system_mobilemenuck/assets/mobilemenuck99ed.js]
[pagead2.googlesyndication.com/pagead/js/fa66f.txt]
[www.clic-formation.net/templates/clic/css/custom907b.css]
[www.clic-formation.net/index-2.html]
[www.clic-formation.net/tableur.html]
[www.clic-formation.net/tableur/liste-exercices-par-tags.html]
[www.clic-formation.net/word.html]
[www.clic-formation.net/quels-logiciels.html]
[www.clic-formation.net/parcours-photo/01-installer-photofiltre.html]
[www.clic-formation.net/traitement-photo/inskape.html]
[www.clic-formation.net/powerbi.html]
[www.clic-formation.net/debutant.html]
[www.clic-formation.net/debutant/souris.html]
[www.clic-formation.net/debutant/clavier.html]
[www.clic-formation.net/debutant/fichiers-et-dossiers.html]
[www.clic-formation.net/debutant/windows.html]
[www.clic-formation.net/debutant/recherche-web.html]
[www.clic-formation.net/debutant/messagerie-electronique.html]
[www.clic-formation.net/parcours-b2i-souris.html]
[www.clic-formation.net/pao.html]
[www.clic-formation.net/programme-informatique.html]
[www.clic-formation.net/progression-annuelle-muc.html]
[www.clic-formation.net/02-cms.html]
[www.clic-formation.net/asca.html]
[www.clic-formation.net/access.html]
[www.clic-formation.net/liste-quizz.html]
[www.clic-formation.net/liste-quizz/qcm-examen-civique.html]
[www.clic-formation.net/liste-quizz/excel.html]
[www.clic-formation.net/liste-quizz/word.html]
[www.clic-formation.net/liste-quizz/generalites-informatiques.html]
[www.clic-formation.net/liste-quizz/web.html]
[www.clic-formation.net/liste-quizz/geographie.html]
[www.clic-formation.net/liste-quizz/histoire.html]
[www.clic-formation.net/liste-quizz/culture-generale.html]
[www.clic-formation.net/liste-quizz/primaire.html]
[www.clic-formation.net/component/users/login6e87.html]
[www.clic-formation.net/gareoult.html]
[www.clic-formation.net/jeux-de-connaissances.html]
[www.clic-formation.net/utilisateur.html]
[www.clic-formation.net/index28be.html]
[www.clic-formation.net/images/site/link.png]
[www.clic-formation.net/accueil/comment-ca-marche.html]
[www.clic-formation.net/exercices-asca-ul21-excel/nett-industrie.html]
[www.clic-formation.net/exercices-asca-ul21-excel/bustop.html]
[www.clic-formation.net/cas-fiche-clients-garage.html]
[www.clic-formation.net/inserer-une-image/exercice-10.html]
[www.clic-formation.net/31-trucs/exercice-3-raccourci-table-des-caracteres.html]
[www.clic-formation.net/index55a3.html]
[www.clic-formation.net/exercice-6-fonction-rept.html]
[www.clic-formation.net/index6361.html]
[www.clic-formation.net/derniers-articles.html]
[pagead2.googlesyndication.com/pagead/js/f.txt]
[www.clic-formation.net/manipulation-souris-niveau-1.html]
[www.clic-formation.net/images/site/souris-verte.png]
[www.clic-formation.net/manipulation-souris-niveau-2.html]
[www.clic-formation.net/images/site/souris-bleue.png]
[www.clic-formation.net/manipulation-souris-niveau-3.html]
[www.clic-formation.net/images/site/souris-rouge.png]
[www.clic-formation.net/manipulation-clavier-niveau-1.html]
[www.clic-formation.net/images/site/clavier-vert.png]
[www.clic-formation.net/manipulation-clavier-niveau-2.html]
[www.clic-formation.net/images/site/clavier-bleu.png]
[www.clic-formation.net/manipulation-clavier-niveau-3.html]
[www.clic-formation.net/images/site/clavier-rouge.png]
[www.clic-formation.net/images/site/2025-photofiltre.png]
[www.clic-formation.net/traitement-texte-initiation-niveau-1.html]
[www.clic-formation.net/images/site/oo-vert.png]
[www.clic-formation.net/traitement-texte-initiation-niveau-2.html]
[www.clic-formation.net/images/site/oo-bleu.png]
[www.clic-formation.net/traitement-texte-initiation-niveau-3.html]
[www.clic-formation.net/images/site/oo-rouge.png]
[www.clic-formation.net/images/site/01-souris.jpg]
[www.clic-formation.net/images/site/01-clavier.jpg]
[www.clic-formation.net/images/site/01-doc.png]
[www.clic-formation.net/images/site/01-win.png]
[www.clic-formation.net/images/site/01-web.png]
[www.clic-formation.net/images/site/01-mail.jpg]
[www.clic-formation.net/index.html]
[www.clic-formation.net/media/vendor/bootstrap/css/bootstrap.minea31.css]
[www.clic-formation.net/media/vendor/fontawesome-free/webfonts/fa-regular-400f499.woff2]
[www.clic-formation.net/media/vendor/fontawesome-free/webfonts/fa-regular-4007c4b.ttf]
[www.clic-formation.net/media/vendor/fontawesome-free/webfonts/fa-solid-90035a9.woff2]
[www.clic-formation.net/media/vendor/fontawesome-free/webfonts/fa-solid-90024c4.ttf]
[www.clic-formation.net/media/vendor/fontawesome-free/webfonts/fa-brands-400fc73.woff2]
[www.clic-formation.net/media/vendor/fontawesome-free/webfonts/fa-brands-400cfc8.ttf]
[www.clic-formation.net/media/system/css/joomla-fontawesome.minea31.css]
[www.clic-formation.net/templates/clic/css/templateea31.css]
[www.clic-formation.net/templates/clic/css/darkea31.css]
[www.clic-formation.net/templates/clic/css/mobileea31.css]
[www.clic-formation.net/media/vendor/joomla-custom-elements/css/joomla-alert.mineeda.css]
[www.clic-formation.net/components/com_pagebuilderck/assets/pagebuilderckf8ee.css]
[www.clic-formation.net/media/plg_system_jcemediabox/css/jcemediabox.min473e.css]
[www.clic-formation.net/media/plg_system_jcepro/site/css/content.mine24d.css]
[www.clic-formation.net/modules/mod_maximenuck/themes/custom/css/maximenuck_maximenuck193.css]
[www.clic-formation.net/media/plg_system_imageeffectck/css/imageeffectck3cae.css]
[www.clic-formation.net/plugins/system/mediabox_ck/assets/images/loading.gif]
[www.clic-formation.net/plugins/system/mediabox_ck/assets/mediaboxck23c5.css]
[www.clic-formation.net/plugins/system/mediabox_ck/assets/images/icon_zoom.png]
[www.clic-formation.net/templates/clic/css/custom907b.css]
[www.clic-formation.net/templates/clic/css/print907b.css]
[www.clic-formation.net/images/site/picto/logo-clic-formation.svg]
[www.clic-formation.net/index-2.html]
[www.clic-formation.net/component/search/index3d7d.html]
[www.clic-formation.net/images/site/1814113_add_more_plus_icon.png]
[www.clic-formation.net/images/site/211774_minus_icon.png]
[www.clic-formation.net/media/tabsaccordions/js/script.minea31.js]
[www.clic-formation.net/media/com_accordeonmenuck/assets/accordeonmenuck.js]
[www.clic-formation.net/media/com_accordeonmenuck/assets/jquery.easing.1.3.js]
[www.clic-formation.net/images/mod_jb_flexslider/libre-office.png]
[www.clic-formation.net/images/mod_jb_flexslider/excel.png]
[www.clic-formation.net/interface-excel/support.html]
[www.clic-formation.net/images/site/01-support.png]
[www.clic-formation.net/interface-excel/exercice-1.html]
[www.clic-formation.net/images/site/1-1.png]
[www.clic-formation.net/interface-excel/exercice-2.html]
[www.clic-formation.net/interface-excel/exercice-3.html]
[www.clic-formation.net/interface-excel/exercice-4.html]
[www.clic-formation.net/saisir-des-donnees/support.html]
[www.clic-formation.net/saisir-des-donnees/exercice-1.html]
[www.clic-formation.net/saisir-des-donnees/exercice-2.html]
[www.clic-formation.net/saisir-des-donnees/exercice-3.html]
[www.clic-formation.net/selectionner-la-celulle/support.html]
[www.clic-formation.net/selectionner-la-celulle/exercice-1.html]
[www.clic-formation.net/selectionner-la-celulle/exercice-2.html]
[www.clic-formation.net/selectionner-la-celulle/exercice-3.html]
[www.clic-formation.net/images/site/2-1.png]
[www.clic-formation.net/selectionner-la-celulle/exercice-4.html]
[www.clic-formation.net/selectionner-la-celulle/exercice-5.html]
[www.clic-formation.net/format-embelissement/format-embelissement.html]
[www.clic-formation.net/format-embelissement/format-embelissement-1.html]
[www.clic-formation.net/format-embelissement/format-embelissement-2.html]
[www.clic-formation.net/format-embelissement/format-embelissement-3.html]
[www.clic-formation.net/format-embelissement/format-embelissement-4.html]
[www.clic-formation.net/format-embelissement/format-embelissement-5.html]
[www.clic-formation.net/format-embelissement/format-embelissement-6.html]
[www.clic-formation.net/format-embelissement/format-embelissement-7.html]
[www.clic-formation.net/format-embelissement/format-embelissement-8.html]
[www.clic-formation.net/images/site/3-1.png]
[www.clic-formation.net/format-embelissement/format-embelissement-9.html]
[www.clic-formation.net/integrer-une-image/support.html]
[www.clic-formation.net/integrer-une-image/exercice-1.html]
[www.clic-formation.net/integrer-une-image/exercice-2.html]
[www.clic-formation.net/integrer-une-image/exercice-3.html]
[www.clic-formation.net/integrer-une-image/exercice-4.html]
[www.clic-formation.net/integrer-une-image/exercice-5.html]
[www.clic-formation.net/integrer-une-image/exercice-6.html]
[www.clic-formation.net/poignee-de-recopie/support.html]
[www.clic-formation.net/poignee-de-recopie/exercice-1-poignee-de-recopie.html]
[www.clic-formation.net/poignee-de-recopie/exercice-2-poignee-de-recopie.html]
[www.clic-formation.net/poignee-de-recopie/exercice-3-poignee-de-recopie.html]
[www.clic-formation.net/poignee-de-recopie/exercice-4-poignee-de-recopie.html]
[www.clic-formation.net/poignee-de-recopie/exercice-5-poignee-de-recopie.html]
[www.clic-formation.net/poignee-de-recopie/exercice-6-poignee-de-recopie.html]
[www.clic-formation.net/poignee-de-recopie/exercice-7-poigne-de-recopie.html]
[www.clic-formation.net/poignee-de-recopie/exercice-8-liste-personnalisable.html]
[www.clic-formation.net/poignee-de-recopie/exercice-9-liste-personnalisable.html]
[www.clic-formation.net/poignee-de-recopie/exercice-10-poignee-de-recopie.html]
[www.clic-formation.net/addition/support.html]
[www.clic-formation.net/addition/exercices-1-addition.html]
[www.clic-formation.net/addition/exercices-2-addition.html]
[www.clic-formation.net/addition/exercices-3-addition.html]
[www.clic-formation.net/addition/exercices-4-addition.html]
[www.clic-formation.net/addition/exercices-5-addition.html]
[www.clic-formation.net/addition/exercices-6-addition.html]
[www.clic-formation.net/addition/exercices-7-addition.html]
[www.clic-formation.net/addition/exercices-8-addition.html]
[www.clic-formation.net/addition/exercices-9-addition.html]
[www.clic-formation.net/addition/exercices-10-addition.html]
[www.clic-formation.net/soustraction/support.html]
[www.clic-formation.net/soustraction/exercice-1-soustraction.html]
[www.clic-formation.net/soustraction/exercice-2-soustraction.html]
[www.clic-formation.net/soustraction/exercice-3-soustraction.html]
[www.clic-formation.net/soustraction/exercice-4-soustraction.html]
[www.clic-formation.net/soustraction/exercice-5-soustraction.html]
[www.clic-formation.net/soustraction/exercice-6-soustraction.html]
[www.clic-formation.net/soustraction/exercice-7-soustraction.html]
[www.clic-formation.net/soustraction/exercice-8-soustraction.html]
[www.clic-formation.net/multiplication/support.html]
[www.clic-formation.net/multiplication/exercice-1-multiplication.html]
[www.clic-formation.net/multiplication/exercice-2-multiplication.html]
[www.clic-formation.net/multiplication/exercice-3-multiplication.html]
[www.clic-formation.net/multiplication/exercice-4-multiplication.html]
[www.clic-formation.net/multiplication/exercice-5-multiplication.html]
[www.clic-formation.net/multiplication/exercice-6-multiplication.html]
[www.clic-formation.net/multiplication/exercice-7-multiplication.html]
[www.clic-formation.net/division/support.html]
[www.clic-formation.net/division/exercice-1-division.html]
[www.clic-formation.net/division/exercice-2-division.html]
[www.clic-formation.net/division/exercice-3-division.html]
[www.clic-formation.net/division/exercice-4-division.html]
[www.clic-formation.net/division/exercice-5-division.html]
[www.clic-formation.net/division/exercice-6-division.html]
[www.clic-formation.net/division/exercice-7-division.html]
[www.clic-formation.net/division/exercice-8-division.html]
[www.clic-formation.net/division/exercice-9-division.html]
[www.clic-formation.net/pourcentage/support.html]
[www.clic-formation.net/pourcentage/exercice-1-pourcentage.html]
[www.clic-formation.net/pourcentage/exercice-2-pourcentage.html]
[www.clic-formation.net/pourcentage/exercice-3-pourcentage.html]
[www.clic-formation.net/pourcentage/exercice-4-pourcentage.html]
[www.clic-formation.net/pourcentage/exercice-5-pourcentage.html]
[www.clic-formation.net/pourcentage/exercice-6-pourcentage.html]
[www.clic-formation.net/pourcentage/exercice-7-pourcentage.html]
[www.clic-formation.net/pourcentage/exercice-8-pourcentage.html]
[www.clic-formation.net/graphiques1/support.html]
[www.clic-formation.net/graphiques1/exercice-1-graphiques-1.html]
[www.clic-formation.net/graphiques1/exercice-2-graphique.html]
[www.clic-formation.net/graphiques1/exercice-3-graphique.html]
[www.clic-formation.net/graphiques1/exercice-4-graphique.html]
[www.clic-formation.net/graphiques1/exercice-5-graphique.html]
[www.clic-formation.net/graphiques1/exercice-6-graphique-excel.html]
[www.clic-formation.net/graphiques1/exercice-7-graphique-excel.html]
[www.clic-formation.net/graphiques1/exercice-8-graphique-excel.html]
[www.clic-formation.net/graphiques1/exercice-9-graphique-excel.html]
[www.clic-formation.net/images/site/4-1.png]
[www.clic-formation.net/graphiques1/exercice-10-graphique-excel.html]
[www.clic-formation.net/graphiques1/support-sparklines.html]
[www.clic-formation.net/graphiques1/exercice-1-sparkline.html]
[www.clic-formation.net/impression/support.html]
[www.clic-formation.net/impression/exercice-1-impression-classeur-excel.html]
[www.clic-formation.net/impression/exercice-2-impression-classeur-excel.html]
[www.clic-formation.net/impression/exercice-3-impression-classeur-excel.html]
[www.clic-formation.net/impression/exercice-4-impression-classeur-excel.html]
[www.clic-formation.net/impression/exercice-5-impression-classeur-excel.html]
[www.clic-formation.net/impression/exercice-6-impression-classeur-excel.html]
[www.clic-formation.net/impression/exercice-7-impression-classeur-excel.html]
[www.clic-formation.net/raccourcis/les-essentiels.html]
[www.clic-formation.net/raccourcis/alt.html]
[www.clic-formation.net/raccourcis/ctrl-e.html]
[www.clic-formation.net/raccourcis/f4.html]
[www.clic-formation.net/evaluation/quizz-evaluation.html]
[www.clic-formation.net/images/site/quizz-petit.png]
[www.clic-formation.net/evaluation/quizz-operations-simples.html]
[www.clic-formation.net/evaluation/evaluation-pourcentage.html]
[www.clic-formation.net/presentation/les-outils.html]
[www.clic-formation.net/format-de-celulle/support.html]
[www.clic-formation.net/format-de-celulle/format-personnalise.html]
[www.clic-formation.net/format-de-celulle/exercice-1.html]
[www.clic-formation.net/format-de-celulle/exercice-2.html]
[www.clic-formation.net/format-de-celulle/exercice-3-format-de-cellule-excel.html]
[www.clic-formation.net/format-de-celulle/exercice-4-format-de-cellule-excel.html]
[www.clic-formation.net/format-de-celulle/exercice-5-format-de-cellule-excel.html]
[www.clic-formation.net/format-de-celulle/exercice-6-format-de-cellule-excel.html]
[www.clic-formation.net/format-de-celulle/exercice-7-format-de-cellule-excel.html]
[www.clic-formation.net/format-de-celulle/exercice-8-date.html]
[www.clic-formation.net/reference-absolue/support.html]
[www.clic-formation.net/reference-absolue/exercice-1-reference-absolue.html]
[www.clic-formation.net/reference-absolue/exercice-2-reference-absolue.html]
[www.clic-formation.net/reference-absolue/exercice-3.html]
[www.clic-formation.net/reference-absolue/exercice-4.html]
[www.clic-formation.net/reference-absolue/exercice-5.html]
[www.clic-formation.net/reference-absolue/exercice-6-valeur-absolue.html]
[www.clic-formation.net/reference-absolue/exercice-7-valeur-absolue.html]
[www.clic-formation.net/reference-absolue/exercice-8-valeur-absolue.html]
[www.clic-formation.net/reference-absolue/exercice-9-valeur-absolue.html]
[www.clic-formation.net/reference-absolue/exercice-10-valeur-absolue.html]
[www.clic-formation.net/tri/support.html]
[www.clic-formation.net/tri/exercice-1-tri.html]
[www.clic-formation.net/tri/exercice-2-tri.html]
[www.clic-formation.net/tri/exercice-3.html]
[www.clic-formation.net/tri/exercice-3-tri-filtre.html]
[www.clic-formation.net/tri/exercice-7-tri-filtre.html]
[www.clic-formation.net/tri/support-filtres-avances.html]
[www.clic-formation.net/tri/exercice-5-tri-filtre.html]
[www.clic-formation.net/tri/exercice-6-tri-filtre.html]
[www.clic-formation.net/tri/exercice-8-tri-filtre.html]
[www.clic-formation.net/tri/exercice-9-segment.html]
[www.clic-formation.net/mise-en-forme-conditionnelle/support.html]
[www.clic-formation.net/mise-en-forme-conditionnelle/exercice-1-mise-en-forme-conditionnelle.html]
[www.clic-formation.net/mise-en-forme-conditionnelle/exercice-2.html]
[www.clic-formation.net/mise-en-forme-conditionnelle/exercice-3.html]
[www.clic-formation.net/mise-en-forme-conditionnelle/exercice-4.html]
[www.clic-formation.net/mise-en-forme-conditionnelle/exercice-5.html]
[www.clic-formation.net/mise-en-forme-conditionnelle/exercice-6.html]
[www.clic-formation.net/mise-en-forme-conditionnelle/exercice-7.html]
[www.clic-formation.net/mise-en-forme-conditionnelle/exercice-8.html]
[www.clic-formation.net/mise-en-forme-conditionnelle/exercice-9.html]
[www.clic-formation.net/validation-des-donnees/support.html]
[www.clic-formation.net/validation-des-donnees/exercice-1-validation-des-donnees.html]
[www.clic-formation.net/validation-des-donnees/exercice-2-validation-des-donnees.html]
[www.clic-formation.net/validation-des-donnees/exercice-3-validation-des-donnees.html]
[www.clic-formation.net/validation-des-donnees/exercice-4-validation-des-donnees.html]
[www.clic-formation.net/validation-des-donnees/exercice-5-supprimer-les-doublons.html]
[www.clic-formation.net/validation-des-donnees/exercice-6-remplissage-instantane.html]
[www.clic-formation.net/validation-des-donnees/exercice-7-validation-des-donnees.html]
[www.clic-formation.net/validation-des-donnees/exercice-8-validation-des-donnees.html]
[www.clic-formation.net/validation-des-donnees/exercice-8-convertir-des-donnees.html]
[www.clic-formation.net/validation-des-donnees/exercice-10-listes-deroulantes-en-cascade.html]
[www.clic-formation.net/lier-des-feuilles-de-calculs/support-liaisons-feuilles.html]
[www.clic-formation.net/lier-des-feuilles-de-calculs/exercice-1.html]
[www.clic-formation.net/lier-des-feuilles-de-calculs/exercice-2.html]
[www.clic-formation.net/lier-des-feuilles-de-calculs/exercice-3.html]
[www.clic-formation.net/lier-des-feuilles-de-calculs/exercice-4.html]
[www.clic-formation.net/lier-des-feuilles-de-calculs/exercice-5.html]
[www.clic-formation.net/lier-des-feuilles-de-calculs/exercice-6.html]
[www.clic-formation.net/lier-des-feuilles-de-calculs/exercice-7.html]
[www.clic-formation.net/lier-des-feuilles-de-calculs/exercice-8.html]
[www.clic-formation.net/nommer-une-plage-de-celulle/support.html]
[www.clic-formation.net/nommer-une-plage-de-celulle/exercice-1-nommer-une-cellule.html]
[www.clic-formation.net/nommer-une-plage-de-celulle/10-02-nommage-cellule.html]
[www.clic-formation.net/nommer-une-plage-de-celulle/exercice-3-nommer-cellule.html]
[www.clic-formation.net/nommer-une-plage-de-celulle/exercice-4-nommer-cellule.html]
[www.clic-formation.net/nommer-une-plage-de-celulle/exercice-5-nommer-cellule.html]
[www.clic-formation.net/nommer-une-plage-de-celulle/exercice-6-nommer-cellule.html]
[www.clic-formation.net/nommer-une-plage-de-celulle/exercice-7-nommer-cellule.html]
[www.clic-formation.net/nommer-une-plage-de-celulle/exercice-8-nommer-cellule.html]
[www.clic-formation.net/nommer-une-plage-de-celulle/exercice-9-nommer-cellule.html]
[www.clic-formation.net/fonctions-base-de-donnees/support-tableau-croise.html]
[www.clic-formation.net/fonctions-base-de-donnees/tableau-croise-dynamique-1.html]
[www.clic-formation.net/fonctions-base-de-donnees/exercice-2-tcd.html]
[www.clic-formation.net/fonctions-base-de-donnees/exercice-3-tcd.html]
[www.clic-formation.net/fonctions-base-de-donnees/exercice-4-tcd.html]
[www.clic-formation.net/fonctions-base-de-donnees/exercice-5-tcd.html]
[www.clic-formation.net/fonctions-base-de-donnees/exercice-6-tcd.html]
[www.clic-formation.net/fonctions-base-de-donnees/exercice-7.html]
[www.clic-formation.net/fonctions-base-de-donnees/exercice-8.html]
[www.clic-formation.net/fonctions-base-de-donnees/exercice-9.html]
[www.clic-formation.net/sous-totaux/support.html]
[www.clic-formation.net/sous-totaux/exercice-1.html]
[www.clic-formation.net/sous-totaux/exercice-2.html]
[www.clic-formation.net/sous-totaux/exercice-3.html]
[www.clic-formation.net/sous-totaux/exercice-4.html]
[www.clic-formation.net/consolidation/support.html]
[www.clic-formation.net/consolidation/exercice-1.html]
[www.clic-formation.net/consolidation/exercice-2.html]
[www.clic-formation.net/consolidation/exercice-3.html]
[www.clic-formation.net/consolidation/exercice-4.html]
[www.clic-formation.net/consolidation/exercice-5.html]
[www.clic-formation.net/consolidation/exercice-6.html]
[www.clic-formation.net/consolidation/exercice-7.html]
[www.clic-formation.net/consolidation/exercice-8.html]
[www.clic-formation.net/macro/support-macro.html]
[www.clic-formation.net/macro/exercice-1-macro.html]
[www.clic-formation.net/macro/exercice-2-macro.html]
[www.clic-formation.net/macro/exercice-3-macro.html]
[www.clic-formation.net/macro/exercice-4-macro.html]
[www.clic-formation.net/macro/exercice-5-macro.html]
[www.clic-formation.net/formulaires/support.html]
[www.clic-formation.net/formulaires/exercice-1.html]
[www.clic-formation.net/controles-de-formulaire/support-case-a-cocher.html]
[www.clic-formation.net/controles-de-formulaire/exercice-1-case-a-cocher.html]
[www.clic-formation.net/controles-de-formulaire/exercice-2-case-a-cocher.html]
[www.clic-formation.net/controles-de-formulaire/exercice-3-case-a-cocher.html]
[www.clic-formation.net/controles-de-formulaire/support-cases-doption.html]
[www.clic-formation.net/controles-de-formulaire/exercice-1-bouton-radio.html]
[www.clic-formation.net/controles-de-formulaire/exercice-2-bouton-radio.html]
[www.clic-formation.net/controles-de-formulaire/exercice-3-bouton-radio.html]
[www.clic-formation.net/controles-de-formulaire/exercice-4-bouton-radio.html]
[www.clic-formation.net/activex/support.html]
[www.clic-formation.net/activex/exercice-1-activex.html]
[www.clic-formation.net/calcul-matriciel/support.html]
[www.clic-formation.net/calcul-matriciel/exercice-calcul-matriciel-1.html]
[www.clic-formation.net/calcul-matriciel/exercice-calcul-matriciel-2.html]
[www.clic-formation.net/calcul-matriciel/exercice-calcul-matriciel-3.html]
[www.clic-formation.net/calcul-matriciel/exercice-calcul-matriciel-4.html]
[www.clic-formation.net/quizz-evaluation-connexion-requise-2/quizz-valeur-absolue.html]
[www.clic-formation.net/fonctions-statistiques.html]
[www.clic-formation.net/images/02-word/icone/fonction-stat.png]
[www.clic-formation.net/fonctions-logiques.html]
[www.clic-formation.net/images/02-word/icone/fonction-logique.png]
[www.clic-formation.net/fonctions-recherche.html]
[www.clic-formation.net/images/02-word/icone/fonction-recherche.png]
[www.clic-formation.net/fonctions-mathematiques.html]
[www.clic-formation.net/images/02-word/icone/fonction-math.png]
[www.clic-formation.net/fonctions-de-date-et-heures.html]
[www.clic-formation.net/images/02-word/icone/focntion-date.png]
[www.clic-formation.net/fonctions-texte.html]
[www.clic-formation.net/images/02-word/icone/fonction-texte.png]
[www.clic-formation.net/fonctions-cartographie.html]
[www.clic-formation.net/images/02-word/icone/fonction-carto.png]
[www.clic-formation.net/excel-inclassable.html]
[www.clic-formation.net/images/02-word/icone/inclassable.png]
[www.clic-formation.net/exercices-asca-ul11-word/wi-tool.html]
[www.clic-formation.net/exercices-asca-ul11-word/electra.html]
[www.clic-formation.net/exercices-asca-ul11-word/cas-cite-des-concerts.html]
[www.clic-formation.net/exercices-asca-ul11-word/cas-union-des-commercants.html]
[www.clic-formation.net/exercices-asca-ul11-word/cas-novatix.html]
[www.clic-formation.net/exercices-asca-ul11-word/cas-super-print.html]
[www.clic-formation.net/exercices-asca-ul11-word/cas-credit-top.html]
[www.clic-formation.net/exercices-asca-ul11-word/cas-logique-bio.html]
[www.clic-formation.net/exercices-asca-ul21-excel/enveloppe.html]
[www.clic-formation.net/exercices-asca-ul21-excel/cas-com-un-parfum.html]
[www.clic-formation.net/exercices-asca-ul21-excel/cas-vancouver.html]
[www.clic-formation.net/exercices-asca-ul21-excel/cas-la-sue-doise.html]
[www.clic-formation.net/exercices-asca-ul21-excel/cas-mosaique.html]
[www.clic-formation.net/exercices-asca-ul21-excel/cas-sud-informatique.html]
[www.clic-formation.net/exercices-asca-ul21-excel/cas-generale-de-cosmetiques.html]
[www.clic-formation.net/exercices-asca-ul21-excel/cas-petits-porteurs.html]
[www.clic-formation.net/exercices-asca-ul21-excel/cas-centre-format.html]
[www.clic-formation.net/exercices-asca-ul21-excel/cas-parcelle.html]
[www.clic-formation.net/exercices-asca-ul21-excel/cas-ress-marketing.html]
[www.clic-formation.net/ul22-excel/suedoise-sandwicherie-ul22.html]
[www.clic-formation.net/ul22-excel/blue-lagon.html]
[www.clic-formation.net/exercice-complet.html]
[www.clic-formation.net/images/site/blog.png]
[www.clic-formation.net/cas-creation-planning-conges.html]
[www.clic-formation.net/cas-formulaire-de-saisie.html]
[www.clic-formation.net/cas-fiche-dintervention.html]
[www.clic-formation.net/cas-calendrier-perpetuel.html]
[www.clic-formation.net/cas-reservation-spectacle.html]
[www.clic-formation.net/cas-fiche-horticole.html]
[www.clic-formation.net/cas-gantt-simple.html]
[www.clic-formation.net/cas-societe-clicou.html]
[www.clic-formation.net/cas-sud-informatique.html]
[www.clic-formation.net/cas-grand-raid.html]
[www.clic-formation.net/cas-course-haut-caroux.html]
[www.clic-formation.net/cas-salon-de-coiffure.html]
[www.clic-formation.net/cas-facturation.html]
[www.clic-formation.net/revisions-operations-simples.html]
[www.clic-formation.net/calculs-heures-et-distances.html]
[www.clic-formation.net/images/site/fonctionnement/comment-ca-fonctionne-menu.jpg]
[www.clic-formation.net/images/site/fonctionnement/number_1.png]
[www.clic-formation.net/images/site/fonctionnement/number_2.png]
[www.clic-formation.net/images/site/fonctionnement/number_3.png]
[www.clic-formation.net/images/site/fonctionnement/number_4.png]
[www.clic-formation.net/images/site/fonctionnement/number_5.png]
[www.clic-formation.net/images/site/fonctionnement/comment-faire-2.jpg]
[www.clic-formation.net/images/mod_jb_flexslider/evolution-excel.webp]
[www.clic-formation.net/tableur.html]
[www.clic-formation.net/media/com_tags/js/tags-default.min32c3.js]
[www.clic-formation.net/component/search/index51b0.html]
[www.clic-formation.net/fonction-si/support-fonction-si.html]
[www.clic-formation.net/fonction-si/exercice-1-si.html]
[www.clic-formation.net/fonction-si/exercice-2-si.html]
[www.clic-formation.net/fonction-si/exercice-3-si.html]
[www.clic-formation.net/fonction-si/exercice-4-si.html]
[www.clic-formation.net/fonction-si/exercice-5-si.html]
[www.clic-formation.net/fonction-si/exercice-6-si.html]
[www.clic-formation.net/fonction-si/exercice-7-si.html]
[www.clic-formation.net/fonction-si/exercice-8-si.html]
[www.clic-formation.net/fonction-si/exercice-09-si.html]
[www.clic-formation.net/fonction-si/exercice-10-si.html]
[www.clic-formation.net/fonction-si/exercicel-11-si.html]
[www.clic-formation.net/fonction-si/exercicel-12-si.html]
[www.clic-formation.net/fonction-si/exercice-13-si.html]
[www.clic-formation.net/fonction-si/exercice-14-si.html]
[www.clic-formation.net/fonction-si/exercice-15-si.html]
[www.clic-formation.net/fonction-ou/support-fonction-ou.html]
[www.clic-formation.net/fonction-ou/exercice-1-si-ou.html]
[www.clic-formation.net/fonction-ou/exercice-2-si-ou.html]
[www.clic-formation.net/fonction-ou/exercice-3-si-ou.html]
[www.clic-formation.net/fonction-ou/exercice-4-si-ou.html]
[www.clic-formation.net/fonction-et/support-fonction-et.html]
[www.clic-formation.net/fonction-et/exercice-1-si-et.html]
[www.clic-formation.net/fonction-et/exercice-2-si-et.html]
[www.clic-formation.net/fonction-et/exercice-3-si-et.html]
[www.clic-formation.net/fonction-et/exercice-4-si-et.html]
[www.clic-formation.net/fonction-estvide/support-fonction-estvide.html]
[www.clic-formation.net/fonction-estvide/exercice-1-estvide.html]
[www.clic-formation.net/evaluation-fonction-logiques/evaluation-fonction-logique.html]
[www.clic-formation.net/fonction-moyenne/support.html]
[www.clic-formation.net/fonction-moyenne/exercice-1-moyenne.html]
[www.clic-formation.net/fonction-moyenne/exercice-2-moyenne.html]
[www.clic-formation.net/fonction-moyenne/exercice-fonction-moyenne-3.html]
[www.clic-formation.net/fonction-moyenne/exercice-fonction-moyenne-4.html]
[www.clic-formation.net/fonction-max-min/support.html]
[www.clic-formation.net/fonction-max-min/exercice-1-max-min.html]
[www.clic-formation.net/fonction-max-min/exercice-2-max-min.html]
[www.clic-formation.net/fonction-max-min/exercice-3-max-min.html]
[www.clic-formation.net/fonction-rang/support.html]
[www.clic-formation.net/fonction-rang/exercice-1-rang.html]
[www.clic-formation.net/fonction-rang/exercice-2-rang.html]
[www.clic-formation.net/fonction-rang/exercice-3-rang.html]
[www.clic-formation.net/fonction-rang/exercice-4-rang.html]
[www.clic-formation.net/fonction-rang/exercice-5-rang.html]
[www.clic-formation.net/fonction-nb-si/support.html]
[www.clic-formation.net/fonction-nb-si/exercice-1-fonction-nb-si.html]
[www.clic-formation.net/fonction-nb-si/exercice-2-fonction-nb-si.html]
[www.clic-formation.net/fonction-nb-si/exercice-3-fonction-nb-si.html]
[www.clic-formation.net/fonction-nb-si/exercice-4-fonction-nb.html]
[www.clic-formation.net/fonction-nb-si-ens/support-nb-si-ens.html]
[www.clic-formation.net/fonction-nb-si-ens/exercice-1-fonction-nb-si-ens.html]
[www.clic-formation.net/fonction-nb-vide/support.html]
[www.clic-formation.net/fonction-nb-vide/exercice-1-fonction-nb-vide.html]
[www.clic-formation.net/fonction-nb-vide/exercice-2.html]
[www.clic-formation.net/fonction-moyenne-si/support.html]
[www.clic-formation.net/fonction-moyenne-si/exercice-1-fonction-moyenne-si.html]
[www.clic-formation.net/fonction-moyenne-si/exercice-2-fonction-moyenne-si.html]
[www.clic-formation.net/fonction-moyenne-si/exercice-3-fonction-moyenne-si.html]
[www.clic-formation.net/fonction-moyenne-si/exercice-4-fonction-moyenne-si.html]
[www.clic-formation.net/fonction-moyenne-si/exercice-5-fonction-moyenne-si.html]
[www.clic-formation.net/fonction-moyenne-si-ens/support.html]
[www.clic-formation.net/fonction-moyenne-si-ens/exercice-1-moyenne-si-ens.html]
[www.clic-formation.net/fonction-moyenne-si-ens/exercice-2-moyenne-si-ens.html]
[www.clic-formation.net/fonction-rang-pourcentage/support.html]
[www.clic-formation.net/fonction-rang-pourcentage/exercice-1.html]
[www.clic-formation.net/autres-fonctions/exercice-1-divers.html]
[www.clic-formation.net/autres-fonctions/exercice-stats-1.html]
[www.clic-formation.net/autres-fonctions/exercice-4-stat.html]
[www.clic-formation.net/autres-fonctions/exercice-6-stat.html]
[www.clic-formation.net/autres-fonctions/exercice-8.html]
[www.clic-formation.net/revisions-fonctions-statistiques.html]
[www.clic-formation.net/revisions-fonctions-statistiques-2.html]
[www.clic-formation.net/evaluation-fonction-stats/evaluation-fonction-statistiques.html]
[www.clic-formation.net/fonction-recherche-v-h/support.html]
[www.clic-formation.net/fonction-recherche-v-h/exercice-1-recherche.html]
[www.clic-formation.net/fonction-recherche-v-h/exercice-2-recherche.html]
[www.clic-formation.net/fonction-recherche-v-h/exercice-3-recherche.html]
[www.clic-formation.net/fonction-recherche-v-h/exercice-4-recherche.html]
[www.clic-formation.net/fonction-recherche-v-h/exercice-5-recherche.html]
[www.clic-formation.net/fonction-recherche-v-h/exercice-6-recherche.html]
[www.clic-formation.net/fonction-recherche-v-h/exercice-7-recherche.html]
[www.clic-formation.net/fonction-recherche-v-h/exercice-8-recherche.html]
[www.clic-formation.net/fonction-recherche-v-h/exercice-9-recherche.html]
[www.clic-formation.net/fonction-recherche-v-h/exercice-10-recherche.html]
[www.clic-formation.net/fonction-recherche-v-h/exercice-11-recherche.html]
[www.clic-formation.net/fonction-recherchex/support.html]
[www.clic-formation.net/fonction-recherchex/exercice-1.html]
[www.clic-formation.net/fonction-recherchex/exercice-2.html]
[www.clic-formation.net/fonction-recherchex/exercice-3.html]
[www.clic-formation.net/fonction-recherchex/exercice-4.html]
[www.clic-formation.net/fonction-trier-trierpar/support.html]
[www.clic-formation.net/fonction-trier-trierpar/exercice-1.html]
[www.clic-formation.net/fonction-trier-trierpar/exercice-2.html]
[www.clic-formation.net/fonction-trier-trierpar/exercice-3.html]
[www.clic-formation.net/fonction-filtre/support.html]
[www.clic-formation.net/fonction-filtre/exercice-1.html]
[www.clic-formation.net/fonction-filtre/exercice-2.html]
[www.clic-formation.net/fonction-filtre/exercice-3.html]
[www.clic-formation.net/fonction-index/support-index.html]
[www.clic-formation.net/fonction-index/support-equiv.html]
[www.clic-formation.net/fonction-index/exercice-1-index.html]
[www.clic-formation.net/fonction-index/exercice-2-index.html]
[www.clic-formation.net/fonction-index/exercice-3-index.html]
[www.clic-formation.net/fonction-index/exercice-4-index.html]
[www.clic-formation.net/fonction-index/exercice-5-index.html]
[www.clic-formation.net/fonction-index/exercice-6-index-equiv.html]
[www.clic-formation.net/fonction-indirect/support-indirect.html]
[www.clic-formation.net/fonction-indirect/exercice-1-indirect.html]
[www.clic-formation.net/fonction-indirect/exercice-2-indirect.html]
[www.clic-formation.net/fonction-indirect/exercice-3-indirect.html]
[www.clic-formation.net/fonction-unique/support-unique.html]
[www.clic-formation.net/fonction-unique/exercice-1-unique.html]
[www.clic-formation.net/fonction-unique/exercice-2-unique.html]
[www.clic-formation.net/fonction-unique/exercice-3-unique.html]
[www.clic-formation.net/evaluation-fonction-recherche/quizz-recherche.html]
[www.clic-formation.net/fonction-arrondi/support-arrondi.html]
[www.clic-formation.net/fonction-arrondi/exercice-1-arrondi.html]
[www.clic-formation.net/fonction-arrondi/exercice-2-arrondi.html]
[www.clic-formation.net/fonction-ent/support-ent.html]
[www.clic-formation.net/fonction-ent/exercice-1-ent.html]
[www.clic-formation.net/fonction-ent/exercice-3-ent.html]
[www.clic-formation.net/fonction-ent/exercice-2-ent.html]
[www.clic-formation.net/fonction-somme-si/support-sommesi.html]
[www.clic-formation.net/fonction-somme-si/exercice-1-sommesi.html]
[www.clic-formation.net/fonction-somme-si/exercice-2-somme-si.html]
[www.clic-formation.net/fonction-somme-si/exercice-3-somme-si.html]
[www.clic-formation.net/fonction-somme-si/exercice-4-somme-si.html]
[www.clic-formation.net/fonction-somme-si/exercice-5-somme-si.html]
[www.clic-formation.net/fonction-somme-si/exercice-6-somme-si.html]
[www.clic-formation.net/fonction-somme-si/exercice-7-somme-si.html]
[www.clic-formation.net/fonction-somme-si/exercice-8-somme-si.html]
[www.clic-formation.net/fonction-somme-si/exercice-9-somme-si.html]
[www.clic-formation.net/fonction-somme-si-ens/support-somme-si-ens.html]
[www.clic-formation.net/fonction-somme-si-ens/exercice-1-somme-si-ens.html]
[www.clic-formation.net/fonction-somme-si-ens/exercice-2-somme-si-ens.html]
[www.clic-formation.net/fonction-somme-si-ens/exercice-3-somme-si-ens.html]
[www.clic-formation.net/fonction-sommeprod/support-sommeprod.html]
[www.clic-formation.net/fonction-sommeprod/exercice-1-sommeprod.html]
[www.clic-formation.net/fonction-sommeprod/exercice-2-sommeprod.html]
[www.clic-formation.net/fonction-sommeprod/exercice-3-sommeprod.html]
[www.clic-formation.net/tableau-alea/support.html]
[www.clic-formation.net/tableau-alea/exercice-1-tableau-alea.html]
[www.clic-formation.net/divers-mathematique/exercice-1-divers.html]
[www.clic-formation.net/divers-mathematique/exercice-1-division.html]
[www.clic-formation.net/fonction-concatener/support.html]
[www.clic-formation.net/fonction-concatener/exercice-1-concatener.html]
[www.clic-formation.net/fonction-concatener/exercice-2-concatener.html]
[www.clic-formation.net/fonction-concatener/exercice-3-concatener.html]
[www.clic-formation.net/fonction-minuscule-majuscule/support.html]
[www.clic-formation.net/fonction-minuscule-majuscule/exercice-3-fonction-texte-excel.html]
[www.clic-formation.net/fonction-minuscule-majuscule/exercice-2-fonction-maj-min.html]
[www.clic-formation.net/fonction-droite-gauche/support.html]
[www.clic-formation.net/fonction-droite-gauche/exercice-1-fonction-droite-gauche.html]
[www.clic-formation.net/fonction-droite-gauche/exercice-4-fonction-texte-excel.html]
[www.clic-formation.net/fonction-trouve/support.html]
[www.clic-formation.net/fonction-trouve/exercice-1.html]
[www.clic-formation.net/fonction-trouve/exercice-2.html]
[www.clic-formation.net/fonction-trouve/exercice-3.html]
[www.clic-formation.net/fonction-substitute/support.html]
[www.clic-formation.net/fonction-substitute/exercice-1.html]
[www.clic-formation.net/fonction-stxt/support.html]
[www.clic-formation.net/fonction-stxt/exercice-1-fonction-stxt.html]
[www.clic-formation.net/fonction-stxt/exercice-2-fonction-stxt.html]
[www.clic-formation.net/fonction-stxt/exercice-3-fonction-stxt.html]
[www.clic-formation.net/fonction-cherche/support.html]
[www.clic-formation.net/fonction-cherche/exercice-1-cherche.html]
[www.clic-formation.net/evaluation-fonction-logiques-2/evaluation-fonction-texte.html]
[www.clic-formation.net/evaluation-fonction-logiques-2/recap.html]
[www.clic-formation.net/calcul-dheure/support.html]
[www.clic-formation.net/calcul-dheure/exercice-1-calcul-heure.html]
[www.clic-formation.net/calcul-dheure/exercice-2-calcul-heure.html]
[www.clic-formation.net/calcul-dheure/exercice-3-date.html]
[www.clic-formation.net/calcul-dheure/exercice-4-format-calcul-heure.html]
[www.clic-formation.net/fonction-aujourdhui/support.html]
[www.clic-formation.net/fonction-aujourdhui/exercice-1-aujourd-hui.html]
[www.clic-formation.net/fonction-aujourdhui/exercice-2-aujourd-hui.html]
[www.clic-formation.net/fonction-datedif/support.html]
[www.clic-formation.net/fonction-datedif/exercice-1-datedif.html]
[www.clic-formation.net/fonction-serie-jour-ouvre/support.html]
[www.clic-formation.net/fonction-serie-jour-ouvre/exercice-1.html]
[www.clic-formation.net/fonction-fin-mois/support.html]
[www.clic-formation.net/fonction-fin-mois/exercice-1-fin-mois.html]
[www.clic-formation.net/focntion-date/support.html]
[www.clic-formation.net/focntion-date/exercice-1-date.html]
[www.clic-formation.net/fonction-joursem/support-fonction-joursem.html]
[www.clic-formation.net/fonction-joursem/exercice-1-joursem.html]
[www.clic-formation.net/fonction-joursem/exercice-2-joursem.html]
[www.clic-formation.net/fonction-joursem/exercice-3-joursem.html]
[www.clic-formation.net/fonction-joursem/exercice-4-joursem.html]
[www.clic-formation.net/tableur/liste-exercices-par-tags/soustraction.html]
[www.clic-formation.net/tableur/liste-exercices-par-tags/multiplication.html]
[www.clic-formation.net/tableur/liste-exercices-par-tags/division.html]
[www.clic-formation.net/tableur/liste-exercices-par-tags/pourcentage.html]
[www.clic-formation.net/tableur/liste-exercices-par-tags/addition.html]
[www.clic-formation.net/tableur/liste-exercices-par-tags/valeur-absolue-relative.html]
[www.clic-formation.net/tableur/liste-exercices-par-tags/annee.html]
[www.clic-formation.net/tableur/liste-exercices-par-tags/arrondi.html]
[www.clic-formation.net/tableur/liste-exercices-par-tags/aujourdhui.html]
[www.clic-formation.net/tableur/liste-exercices-par-tags/cherche.html]
[www.clic-formation.net/tableur/liste-exercices-par-tags/choisir.html]
[www.clic-formation.net/tableur/liste-exercices-par-tags/concatener.html]
[www.clic-formation.net/tableur/liste-exercices-par-tags/controle-de-formulaire.html]
[www.clic-formation.net/tableur/liste-exercices-par-tags/date.html]
[www.clic-formation.net/tableur/liste-exercices-par-tags/droite.html]
[www.clic-formation.net/tableur/liste-exercices-par-tags/ent.html]
[www.clic-formation.net/tableur/liste-exercices-par-tags/equiv.html]
[www.clic-formation.net/tableur/liste-exercices-par-tags/estnum.html]
[www.clic-formation.net/tableur/liste-exercices-par-tags/estvide.html]
[www.clic-formation.net/tableur/liste-exercices-par-tags/et.html]
[www.clic-formation.net/tableur/liste-exercices-par-tags5a94.html]
[www.clic-formation.net/tableur/liste-exercices-par-tags4abd.html]
[www.clic-formation.net/tableur/liste-exercices-par-tags.html]
[www.clic-formation.net/tableur/liste-exercices-par-tagsc61e.html]
[www.clic-formation.net/images/mod_jb_flexslider/writer-lo.webp]
[www.clic-formation.net/images/mod_jb_flexslider/word.webp]
[www.clic-formation.net/component/search/indexcd14.html]
[www.clic-formation.net/prise-en-main-word/support.html]
[www.clic-formation.net/prise-en-main-word/exercice-1.html]
[www.clic-formation.net/prise-en-main-word/exercice-2.html]
[www.clic-formation.net/prise-en-main-word/exercice-3.html]
[www.clic-formation.net/images/02-word/icone/02-gerer-documents.gif]
[www.clic-formation.net/gerer-les-documents-dans-word/support.html]
[www.clic-formation.net/gerer-les-documents-dans-word/exercice-1.html]
[www.clic-formation.net/gerer-les-documents-dans-word/exercice-2.html]
[www.clic-formation.net/images/02-word/icone/03-saisir-texte.gif]
[www.clic-formation.net/changer-de-police/support.html]
[www.clic-formation.net/changer-de-police/exercice-1-changer-de-police.html]
[www.clic-formation.net/changer-de-police/exercice-2-changer-de-police.html]
[www.clic-formation.net/changer-de-police/exercice-3-mises-en-forme.html]
[www.clic-formation.net/changer-de-police/exercice-reproduction-mise-en-forme.html]
[www.clic-formation.net/changer-de-police/exercice-5-raccourci-clavier.html]
[www.clic-formation.net/changer-de-police/exercice-aligner-du-texte.html]
[www.clic-formation.net/changer-de-police/exercice-2-aligner-du-texte.html]
[www.clic-formation.net/changer-de-police/exercice-saisir-caracteres.html]
[www.clic-formation.net/changer-de-police/exercice-9-effacer-inserer.html]
[www.clic-formation.net/changer-de-police/exercice-10-mise-en-forme.html]
[www.clic-formation.net/images/02-word/icone/04-paragraphe.gif]
[www.clic-formation.net/changer-de-couleur/support.html]
[www.clic-formation.net/changer-de-couleur/exercice-1-changer-de-couleur.html]
[www.clic-formation.net/changer-de-couleur/exercice-2-changer-de-couleur.html]
[www.clic-formation.net/changer-de-couleur/exercice-3-bordures-paragraphes.html]
[www.clic-formation.net/changer-de-couleur/exercice-4-alignement-paragraphes.html]
[www.clic-formation.net/changer-de-couleur/exercice-5-alignement-paragraphes.html]
[www.clic-formation.net/changer-de-couleur/exercice-6-interlinge.html]
[www.clic-formation.net/images/02-word/icone/05-puce.gif]
[www.clic-formation.net/29-puces-et-numeros/support.html]
[www.clic-formation.net/29-puces-et-numeros/puce-et-numeros-1.html]
[www.clic-formation.net/29-puces-et-numeros/exercice-2.html]
[www.clic-formation.net/29-puces-et-numeros/exercice-3.html]
[www.clic-formation.net/29-puces-et-numeros/exercice-4.html]
[www.clic-formation.net/29-puces-et-numeros/exercice-5.html]
[www.clic-formation.net/29-puces-et-numeros/exercice-6.html]
[www.clic-formation.net/29-puces-et-numeros/exercice-7.html]
[www.clic-formation.net/29-puces-et-numeros/exercice-8.html]
[www.clic-formation.net/images/02-word/icone/06-colonne.gif]
[www.clic-formation.net/28-mise-en-colonne/support.html]
[www.clic-formation.net/28-mise-en-colonne/21-01-mise-en-colonne.html]
[www.clic-formation.net/28-mise-en-colonne/exercice-mise-en-colonne.html]
[www.clic-formation.net/28-mise-en-colonne/exercice-mise-en-colonne-3.html]
[www.clic-formation.net/28-mise-en-colonne/exercice-mise-en-colonne-4.html]
[www.clic-formation.net/28-mise-en-colonne/exercice-mise-en-colonne-5.html]
[www.clic-formation.net/28-mise-en-colonne/exercice-mise-en-colonne-6.html]
[www.clic-formation.net/images/02-word/icone/07-wordart.gif]
[www.clic-formation.net/17-word-art/support-word-art.html]
[www.clic-formation.net/17-word-art/exercice-1.html]
[www.clic-formation.net/17-word-art/exercice-2.html]
[www.clic-formation.net/17-word-art/exercice-3.html]
[www.clic-formation.net/17-word-art/exercice-lettrine-1.html]
[www.clic-formation.net/17-word-art/exercice-lettrine.html]
[www.clic-formation.net/images/02-word/icone/08-forme.gif]
[www.clic-formation.net/18-inserer-une-forme/support.html]
[www.clic-formation.net/18-inserer-une-forme/exercice-1-insertion-forme.html]
[www.clic-formation.net/18-inserer-une-forme/exercice-2-insertion-forme.html]
[www.clic-formation.net/18-inserer-une-forme/exercice-3.html]
[www.clic-formation.net/18-inserer-une-forme/exercice-04-insertion-de-formes.html]
[www.clic-formation.net/18-inserer-une-forme/exercice-insertion-de-formes-5.html]
[www.clic-formation.net/18-inserer-une-forme/exercice-insertion-de-formes-6.html]
[www.clic-formation.net/18-inserer-une-forme/exercice-7.html]
[www.clic-formation.net/18-inserer-une-forme/exercice-8.html]
[www.clic-formation.net/18-inserer-une-forme/exercice-9.html]
[www.clic-formation.net/18-inserer-une-forme/exercice-10.html]
[www.clic-formation.net/images/02-word/icone/09-zone-de-texte.gif]
[www.clic-formation.net/26-zone-de-texte/support.html]
[www.clic-formation.net/26-zone-de-texte/exercice-1-zone-de-texte.html]
[www.clic-formation.net/26-zone-de-texte/exercice-2-zone-de-texte.html]
[www.clic-formation.net/26-zone-de-texte/exercice-3-zone-de-texte.html]
[www.clic-formation.net/26-zone-de-texte/exercice-4-zone-de-texte.html]
[www.clic-formation.net/26-zone-de-texte/exercice-5-zone-de-texte.html]
[www.clic-formation.net/26-zone-de-texte/exercice-6-zone-de-texte.html]
[www.clic-formation.net/images/02-word/icone/10-impression.gif]
[www.clic-formation.net/w10-impression/impression-support.html]
[www.clic-formation.net/images/02-word/icone/11-saut.gif]
[www.clic-formation.net/mise-en-forme/support.html]
[www.clic-formation.net/mise-en-forme/exercice-1-mise-en-forme-avancee.html]
[www.clic-formation.net/mise-en-forme/exercice-2-mise-forme-avancee.html]
[www.clic-formation.net/mise-en-forme/exercice-3.html]
[www.clic-formation.net/mise-en-forme/exercice-4.html]
[www.clic-formation.net/images/02-word/icone/12-inserer-image.gif]
[www.clic-formation.net/inserer-une-image/support.html]
[www.clic-formation.net/inserer-une-image/exercice-1.html]
[www.clic-formation.net/inserer-une-image/exercice-2-insertion-images.html]
[www.clic-formation.net/inserer-une-image/exercice-3.html]
[www.clic-formation.net/inserer-une-image/exercice-4.html]
[www.clic-formation.net/inserer-une-image/exercice-5.html]
[www.clic-formation.net/inserer-une-image/exercice-6.html]
[www.clic-formation.net/inserer-une-image/exercice-7.html]
[www.clic-formation.net/inserer-une-image/exercice-8.html]
[www.clic-formation.net/inserer-une-image/exercice-9.html]
[www.clic-formation.net/images/02-word/icone/13-pied-de-page.gif]
[www.clic-formation.net/en-tete-et-pied-de-page/support.html]
[www.clic-formation.net/en-tete-et-pied-de-page/exercice-1.html]
[www.clic-formation.net/en-tete-et-pied-de-page/exercice-2.html]
[www.clic-formation.net/en-tete-et-pied-de-page/exercice-3.html]
[www.clic-formation.net/en-tete-et-pied-de-page/exercice-4.html]
[www.clic-formation.net/images/02-word/icone/14-tableau.gif]
[www.clic-formation.net/18-inserer-tableau/support.html]
[www.clic-formation.net/18-inserer-tableau/exercice-1-creer-un-tableau.html]
[www.clic-formation.net/18-inserer-tableau/exercice-2-creer-un-tableau.html]
[www.clic-formation.net/18-inserer-tableau/exercice-3-creer-un-tableau.html]
[www.clic-formation.net/18-inserer-tableau/exercice-4.html]
[www.clic-formation.net/18-inserer-tableau/exercice-5.html]
[www.clic-formation.net/18-inserer-tableau/exercice-6.html]
[www.clic-formation.net/18-inserer-tableau/exercice-7.html]
[www.clic-formation.net/18-inserer-tableau/exercice-8.html]
[www.clic-formation.net/18-inserer-tableau/exercice-9.html]
[www.clic-formation.net/images/02-word/icone/15-mef-tableau.gif]
[www.clic-formation.net/mise-en-forme-d-un-tableau/support.html]
[www.clic-formation.net/mise-en-forme-d-un-tableau/exercice-1-surligner-du-texte.html]
[www.clic-formation.net/mise-en-forme-d-un-tableau/exercice-tableau-word-2.html]
[www.clic-formation.net/mise-en-forme-d-un-tableau/exercice-tableau-word-3.html]
[www.clic-formation.net/mise-en-forme-d-un-tableau/exercice-tableau-word-4.html]
[www.clic-formation.net/mise-en-forme-d-un-tableau/exercice-tableau-word-5.html]
[www.clic-formation.net/mise-en-forme-d-un-tableau/exercice-tableau-word-6.html]
[www.clic-formation.net/mise-en-forme-d-un-tableau/exercice-tableau-word-7.html]
[www.clic-formation.net/images/02-word/icone/16-tableau-avance.gif]
[www.clic-formation.net/tableau-avances-et-trucs/support.html]
[www.clic-formation.net/tableau-avances-et-trucs/exercice-1.html]
[www.clic-formation.net/tableau-avances-et-trucs/exercice-2.html]
[www.clic-formation.net/tableau-avances-et-trucs/exercice-3.html]
[www.clic-formation.net/tableau-avances-et-trucs/exercice-4.html]
[www.clic-formation.net/tableau-avances-et-trucs/exercice-5.html]
[www.clic-formation.net/tableau-avances-et-trucs/exercice-6.html]
[www.clic-formation.net/tableau-avances-et-trucs/exercice-7.html]
[www.clic-formation.net/tableau-avances-et-trucs/exercice-8.html]
[www.clic-formation.net/images/02-word/icone/17-tab.gif]
[www.clic-formation.net/14-tabulation-simple/support.html]
[www.clic-formation.net/14-tabulation-simple/exercice-1-tabulation.html]
[www.clic-formation.net/14-tabulation-simple/exercice-2-tabulation.html]
[www.clic-formation.net/14-tabulation-simple/exercice-3-tabulation.html]
[www.clic-formation.net/14-tabulation-simple/exercice-4-tabulation.html]
[www.clic-formation.net/14-tabulation-simple/exercice-5-tabulation.html]
[www.clic-formation.net/14-tabulation-simple/exercice-6-tabulation.html]
[www.clic-formation.net/14-tabulation-simple/exercice-7-tabulation.html]
[www.clic-formation.net/images/02-word/icone/18-emplacer.gif]
[www.clic-formation.net/remplacer-un-mot/support.html]
[www.clic-formation.net/remplacer-un-mot/exercie-1.html]
[www.clic-formation.net/remplacer-un-mot/08-02-recherche.html]
[www.clic-formation.net/remplacer-un-mot/08-03-remplacer.html]
[www.clic-formation.net/remplacer-un-mot/08-03-remplacer-2.html]
[www.clic-formation.net/remplacer-un-mot/08-03-remplacer-3.html]
[www.clic-formation.net/remplacer-un-mot/exercice-6.html]
[www.clic-formation.net/remplacer-un-mot/exercice-7.html]
[www.clic-formation.net/remplacer-un-mot/exercice-8.html]
[www.clic-formation.net/images/02-word/icone/19-format-page.gif]
[www.clic-formation.net/format-de-page/support.html]
[www.clic-formation.net/format-de-page/exercice-1.html]
[www.clic-formation.net/format-de-page/exercice-2.html]
[www.clic-formation.net/format-de-page/exercice-3.html]
[www.clic-formation.net/format-de-page/exercice-4.html]
[www.clic-formation.net/format-de-page/exercice-5.html]
[www.clic-formation.net/format-de-page/exercice-6.html]
[www.clic-formation.net/format-de-page/exercice-7.html]
[www.clic-formation.net/format-de-page/exercice-8.html]
[www.clic-formation.net/images/02-word/icone/20-affichage.gif]
[www.clic-formation.net/aligner-du-texte/support-affichage.html]
[www.clic-formation.net/aligner-du-texte/exercice-1.html]
[www.clic-formation.net/aligner-du-texte/exercice-2.html]
[www.clic-formation.net/aligner-du-texte/exercice-3.html]
[www.clic-formation.net/aligner-du-texte/exercice-4.html]
[www.clic-formation.net/aligner-du-texte/exercice-5.html]
[www.clic-formation.net/aligner-du-texte/exercice-6.html]
[www.clic-formation.net/images/02-word/icone/21-smart-art.gif]
[www.clic-formation.net/27-outil-dessin/support-smart-art.html]
[www.clic-formation.net/27-outil-dessin/exercice-1.html]
[www.clic-formation.net/27-outil-dessin/exercice-2.html]
[www.clic-formation.net/27-outil-dessin/exercice-3.html]
[www.clic-formation.net/27-outil-dessin/exercice-4.html]
[www.clic-formation.net/27-outil-dessin/exercice-5.html]
[www.clic-formation.net/27-outil-dessin/exercice-6.html]
[www.clic-formation.net/images/02-word/icone/22-modele.gif]
[www.clic-formation.net/26-modeles/support-modele.html]
[www.clic-formation.net/26-modeles/exercice-1.html]
[www.clic-formation.net/26-modeles/exercice-2.html]
[www.clic-formation.net/26-modeles/exercice-3.html]
[www.clic-formation.net/26-modeles/exercice-4.html]
[www.clic-formation.net/images/02-word/icone/23-style.gif]
[www.clic-formation.net/27-styles/support-style-de-texte-dans-word.html]
[www.clic-formation.net/27-styles/exercice-1.html]
[www.clic-formation.net/27-styles/exercice-2.html]
[www.clic-formation.net/27-styles/exercice-3.html]
[www.clic-formation.net/27-styles/exercice-4.html]
[www.clic-formation.net/27-styles/exercice-5.html]
[www.clic-formation.net/images/02-word/icone/26-publipostage.gif]
[www.clic-formation.net/24-publipostage/support-publipostage.html]
[www.clic-formation.net/24-publipostage/exercice-1.html]
[www.clic-formation.net/24-publipostage/exercice-2.html]
[www.clic-formation.net/24-publipostage/exercice-3.html]
[www.clic-formation.net/24-publipostage/exercice-4.html]
[www.clic-formation.net/24-publipostage/exercice-5.html]
[www.clic-formation.net/24-publipostage/exercice-6.html]
[www.clic-formation.net/24-publipostage/exercice-7.html]
[www.clic-formation.net/24-publipostage/exercice-8.html]
[www.clic-formation.net/images/02-word/icone/24-doc-long.gif]
[www.clic-formation.net/document-long/support-document-long.html]
[www.clic-formation.net/document-long/exercice-1.html]
[www.clic-formation.net/document-long/exercice-2.html]
[www.clic-formation.net/document-long/exercice-3.html]
[www.clic-formation.net/document-long/exercice-4.html]
[www.clic-formation.net/document-long/exercice-5.html]
[www.clic-formation.net/document-long/exercice-6.html]
[www.clic-formation.net/document-long/exercice-7.html]
[www.clic-formation.net/document-long/exercice-8.html]
[www.clic-formation.net/document-long/exercice-9.html]
[www.clic-formation.net/images/02-word/icone/25-lier.gif]
[www.clic-formation.net/lier-votre-document/support-lier.html]
[www.clic-formation.net/lier-votre-document/exercice-1.html]
[www.clic-formation.net/lier-votre-document/exercice-2.html]
[www.clic-formation.net/lier-votre-document/exercice-3.html]
[www.clic-formation.net/lier-votre-document/exercice-4.html]
[www.clic-formation.net/lier-votre-document/exercice-5.html]
[www.clic-formation.net/lier-votre-document/exercice-6.html]
[www.clic-formation.net/images/02-word/icone/26-quick-part.gif]
[www.clic-formation.net/champs-et-formulaire/support.html]
[www.clic-formation.net/champs-et-formulaire/exercice-1.html]
[www.clic-formation.net/champs-et-formulaire/exercice-2.html]
[www.clic-formation.net/champs-et-formulaire/exercice-3.html]
[www.clic-formation.net/31-trucs/exercice-1-convertir-des-majuscules-en-minuscules.html]
[www.clic-formation.net/31-trucs/exercice-1-convertir-du-texte-en-tableau.html]
[www.clic-formation.net/exercices-niveau-1.html]
[www.clic-formation.net/exercices-niveau-1/animaux.html]
[www.clic-formation.net/images/site/fleche-3.png]
[www.clic-formation.net/exercices-niveau-1/cb-nettoyage.html]
[www.clic-formation.net/exercices-niveau-1/credit-carte.html]
[www.clic-formation.net/exercices-niveau-1/documentation.html]
[www.clic-formation.net/exercices-niveau-1/internet.html]
[www.clic-formation.net/exercices-niveau-1/jacques-fox.html]
[www.clic-formation.net/exercices-niveau-1/lycee.html]
[www.clic-formation.net/exercices-niveau-1/micro-sud.html]
[www.clic-formation.net/exercices-niveau-1/mont-blanc.html]
[www.clic-formation.net/exercices-niveau-1/multipro.html]
[www.clic-formation.net/exercices-niveau-1/pepiniere-bessiere.html]
[www.clic-formation.net/exercices-niveau-1/tortilla.html]
[www.clic-formation.net/exercices-niveau-2.html]
[www.clic-formation.net/exercices-niveau-2/armenie.html]
[www.clic-formation.net/exercices-niveau-2/bulletin-d-inscription.html]
[www.clic-formation.net/exercices-niveau-2/carre-de-couleur.html]
[www.clic-formation.net/exercices-niveau-2/eco-services.html]
[www.clic-formation.net/exercices-niveau-2/fenetres-hill.html]
[www.clic-formation.net/exercices-niveau-2/joe-dalton.html]
[www.clic-formation.net/exercices-niveau-2/menu-restaurant.html]
[www.clic-formation.net/exercices-niveau-2/nexxus.html]
[www.clic-formation.net/exercices-niveau-2/stress.html]
[www.clic-formation.net/exercices-niveau-2/topo-randonnees.html]
[www.clic-formation.net/exercices-niveau-2/vacances-a-la-montagne.html]
[www.clic-formation.net/exercices-niveau-2/voyages.html]
[www.clic-formation.net/exercices-niveau-2/tableaux.html]
[www.clic-formation.net/exercices-niveau-3.html]
[www.clic-formation.net/exercices-niveau-3/affichette-post-it-2.html]
[www.clic-formation.net/exercices-niveau-3/affichette-post-it.html]
[www.clic-formation.net/exercices-niveau-3/affichette-vtt.html]
[www.clic-formation.net/exercices-niveau-3/artesi.html]
[www.clic-formation.net/exercices-niveau-3/agro-alimentaire.html]
[www.clic-formation.net/exercices-niveau-3/association.html]
[www.clic-formation.net/exercices-niveau-3/campagne-facebook.html]
[www.clic-formation.net/exercices-niveau-3/caisse-a-roulette.html]
[www.clic-formation.net/exercices-niveau-3/flyer-a5-a4.html]
[www.clic-formation.net/exercices-niveau-3/flyer-ongles.html]
[www.clic-formation.net/exercices-niveau-3/joomla.html]
[www.clic-formation.net/exercices-niveau-3/journal-4-pages.html]
[www.clic-formation.net/exercices-niveau-3/salon-international.html]
[www.clic-formation.net/exercices-niveau-3/tableau-planning.html]
[www.clic-formation.net/exercices-niveau-4.html]
[www.clic-formation.net/exercices-niveau-4/etude-de-cas.html]
[www.clic-formation.net/exercices-niveau-4/fiche-commune.html]
[www.clic-formation.net/exercices-niveau-4/gazette-du-caroux.html]
[www.clic-formation.net/quizz-generalites.html]
[www.clic-formation.net/images/site/quizz.png]
[www.clic-formation.net/images/mod_jb_flexslider/evolution-word.webp]
[www.clic-formation.net/word.html]
[www.clic-formation.net/exercice-ppt-1.html]
[www.clic-formation.net/component/search/index62a1.html]
[www.clic-formation.net/exercice-ppt-2.html]
[www.clic-formation.net/exercice-ppt-3.html]
[www.clic-formation.net/exercice-ppt-5.html]
[www.clic-formation.net/exercice-ppt-6.html]
[www.clic-formation.net/exercice-ppt-7.html]
[www.clic-formation.net/quels-logiciels.html]
[www.clic-formation.net/component/search/index47cb.html]
[www.clic-formation.net/parcours-photo/02-parametrer-photofiltre.html]
[www.clic-formation.net/taille-de-l-image/support.html]
[www.clic-formation.net/taille-de-l-image/exercice-1.html]
[www.clic-formation.net/taille-de-l-image/exercice-2.html]
[www.clic-formation.net/taille-de-l-image/exercice-3.html]
[www.clic-formation.net/taille-de-l-image/exercice-4.html]
[www.clic-formation.net/taille-de-l-image/11-format-web.html]
[www.clic-formation.net/03-les-outils-outils-photofiltre/support.html]
[www.clic-formation.net/03-les-outils-outils-photofiltre/exercice-1-outils-photofiltre.html]
[www.clic-formation.net/03-les-outils-outils-photofiltre/exercice-2-outils-photofiltre.html]
[www.clic-formation.net/04-rotation-symetrie/support.html]
[www.clic-formation.net/04-rotation-symetrie/exercice-1-rotation-photofiltre.html]
[www.clic-formation.net/04-rotation-symetrie/exercice-2-rotation-photofiltre.html]
[www.clic-formation.net/04-rotation-symetrie/exercice-3-rotation-symetrie-photofiltre.html]
[www.clic-formation.net/recadrer-une-photo/suppoet.html]
[www.clic-formation.net/recadrer-une-photo/exercice-1-recadrage-photofiltre.html]
[www.clic-formation.net/recadrer-une-photo/exercice-2-recadrage-photofiltre.html]
[www.clic-formation.net/recadrer-une-photo/exercice-3-recadrage-photofiltre.html]
[www.clic-formation.net/recadrer-une-photo/exercice-4-recadrage-photofiltre.html]
[www.clic-formation.net/recadrer-une-photo/exercice-5.html]
[www.clic-formation.net/recadrer-une-photo/exercice-6.html]
[www.clic-formation.net/recadrer-une-photo/exercice-7.html]
[www.clic-formation.net/recadrer-une-photo/exercice-8.html]
[www.clic-formation.net/outils-trait/support.html]
[www.clic-formation.net/outils-trait/exercice-1.html]
[www.clic-formation.net/outils-trait/exercice-2.html]
[www.clic-formation.net/outils-trait/exercice-3.html]
[www.clic-formation.net/outils-trait/exercice-4.html]
[www.clic-formation.net/outil-remplissage/support-outil-remplissage-photofiltre.html]
[www.clic-formation.net/outil-remplissage/exercice-1.html]
[www.clic-formation.net/outil-remplissage/exercice-2.html]
[www.clic-formation.net/outil-remplissage/exercice-3.html]
[www.clic-formation.net/outil-remplissage/exercice-4.html]
[www.clic-formation.net/ajouter-un-texte-avec-photofiltre/support.html]
[www.clic-formation.net/ajouter-un-texte-avec-photofiltre/01-ajouter-un-texte.html]
[www.clic-formation.net/ajouter-un-texte-avec-photofiltre/09-a-ajouter-un-texte.html]
[www.clic-formation.net/ajouter-un-texte-avec-photofiltre/exercice-3.html]
[www.clic-formation.net/ajouter-un-texte-avec-photofiltre/exercice-4.html]
[www.clic-formation.net/06-selection-geometrique/support.html]
[www.clic-formation.net/06-selection-geometrique/exercice-1-selection-geometrtique.html]
[www.clic-formation.net/06-selection-geometrique/exercice-2-selection-geometrtique.html]
[www.clic-formation.net/06-selection-geometrique/exercice-3-selection-geometrique.html]
[www.clic-formation.net/07-baguette-magique/support-baguette-magique.html]
[www.clic-formation.net/07-baguette-magique/exercice-1-baguette-magique.html]
[www.clic-formation.net/07-baguette-magique/exercice-2-baguette-magique.html]
[www.clic-formation.net/07-baguette-magique/exercice-3-baguette-magique.html]
[www.clic-formation.net/07-baguette-magique/exercice-4-baguette-magique.html]
[www.clic-formation.net/07-baguette-magique/exercice-5-baguette-magique.html]
[www.clic-formation.net/tampon-de-clonage-photofiltre/support.html]
[www.clic-formation.net/tampon-de-clonage-photofiltre/01-exercice-tampon-de-clonage.html]
[www.clic-formation.net/tampon-de-clonage-photofiltre/02-exercice-tampon-de-clonage.html]
[www.clic-formation.net/tampon-de-clonage-photofiltre/03-exercice-tampon-de-clonage.html]
[www.clic-formation.net/tampon-de-clonage-photofiltre/04-exercice-tampon-de-clonage.html]
[www.clic-formation.net/tampon-de-clonage-photofiltre/05-exercice-tampon-de-clonag.html]
[www.clic-formation.net/tampon-de-clonage-photofiltre/06-exercice-tampon-de-clonage.html]
[www.clic-formation.net/tampon-de-clonage-photofiltre/07-exercice-tampon-de-clonage.html]
[www.clic-formation.net/tampon-de-clonage-photofiltre/08-exercice-tampon-de-clonage.html]
[www.clic-formation.net/tampon-de-clonage-photofiltre/09-exercice-tampon-de-clonage.html]
[www.clic-formation.net/calques-les-bases/support-manipulations-basiques-des-calques.html]
[www.clic-formation.net/calques-les-bases/exercice-1.html]
[www.clic-formation.net/calques-les-bases/exercice-2.html]
[www.clic-formation.net/calques-les-bases/exercice-3.html]
[www.clic-formation.net/calques-les-bases/exercice-4.html]
[www.clic-formation.net/calques-les-bases/exercice-5.html]
[www.clic-formation.net/calques-les-bases/exercice-6.html]
[www.clic-formation.net/calques-les-bases/exercice-7.html]
[www.clic-formation.net/les-calques-avances/les-calques-avances.html]
[www.clic-formation.net/les-calques-avances/exercice-1.html]
[www.clic-formation.net/les-calques-avances/exercice-2.html]
[www.clic-formation.net/les-calques-avances/exercice-3.html]
[www.clic-formation.net/les-calques-avances/exercice-4.html]
[www.clic-formation.net/les-calques-avances/exercice-5.html]
[www.clic-formation.net/les-calques-avances/exercice-6-montage-photo.html]
[www.clic-formation.net/les-calques-avances/exercice-7-montage.html]
[www.clic-formation.net/les-calques-avances/exercice-8-montage.html]
[www.clic-formation.net/parcours-photo/01-installer-photofiltre.html]
[www.clic-formation.net/exercice-1-inskape.html]
[www.clic-formation.net/component/search/index0140.html]
[www.clic-formation.net/exercice-2-inskape.html]
[www.clic-formation.net/exercice-3-inskape.html]
[www.clic-formation.net/exercice-4-inskape.html]
[www.clic-formation.net/exercice-5-inskape.html]
[www.clic-formation.net/exercice-6-inskape.html]
[www.clic-formation.net/logo-fuji.html]
[www.clic-formation.net/traitement-photo/inskape.html]
[www.clic-formation.net/images/stories/1-Power-BI.png]
[www.clic-formation.net/component/search/indexfe3c.html]
[www.clic-formation.net/images/stories/fleche-pbi.png]
[www.clic-formation.net/a-quoi-ca-sert/support-installer-powerbi.html]
[www.clic-formation.net/images/stories/import.png]
[www.clic-formation.net/importer-des-donnees/support.html]
[www.clic-formation.net/importer-des-donnees/exercice-tutore-01.html]
[www.clic-formation.net/importer-des-donnees/exercice-tutore-2.html]
[www.clic-formation.net/importer-des-donnees/exercice-tutore-3.html]
[www.clic-formation.net/importer-des-donnees/exercice-tutore-4.html]
[www.clic-formation.net/images/08-powerbi/icone/icone-pq.png]
[www.clic-formation.net/preparation-power-query/support.html]
[www.clic-formation.net/preparation-power-query/exercice-1.html]
[www.clic-formation.net/types-de-visualisations.html]
[www.clic-formation.net/images/stories/view.png]
[www.clic-formation.net/images/08-powerbi/icone/01-pwbi.png]
[www.clic-formation.net/graphique-barres-empilees/support.html]
[www.clic-formation.net/graphique-barres-empilees/ex-001.html]
[www.clic-formation.net/graphique-barres-empilees/ex-002.html]
[www.clic-formation.net/images/08-powerbi/icone/02-pwbi.png]
[www.clic-formation.net/histogramme-empile/support.html]
[www.clic-formation.net/histogramme-empile/ex-001.html]
[www.clic-formation.net/histogramme-empile/ex-002.html]
[www.clic-formation.net/images/08-powerbi/icone/03-graphique-barre-groupee.gif]
[www.clic-formation.net/graphique-a-barre-groupee/support.html]
[www.clic-formation.net/graphique-a-barre-groupee/ex-001.html]
[www.clic-formation.net/graphique-a-barre-groupee/ex-002.html]
[www.clic-formation.net/images/08-powerbi/icone/04-histogramme-groupe.gif]
[www.clic-formation.net/histogramme-groupe/support.html]
[www.clic-formation.net/histogramme-groupe/ex-001.html]
[www.clic-formation.net/histogramme-groupe/ex-002.html]
[www.clic-formation.net/images/08-powerbi/icone/05-graphique-barre-empilee-100.gif]
[www.clic-formation.net/graphique-a-barres-100/support.html]
[www.clic-formation.net/graphique-a-barres-100/exercice-1.html]
[www.clic-formation.net/graphique-a-barres-100/exercice-2.html]
[www.clic-formation.net/images/08-powerbi/icone/06-histo-100pour100.gif]
[www.clic-formation.net/histogramme-100/support.html]
[www.clic-formation.net/histogramme-100/exercice-1.html]
[www.clic-formation.net/images/08-powerbi/icone/07-graphique-en-courbe.gif]
[www.clic-formation.net/graphique-en-courbe/support-graphique-en-courbe.html]
[www.clic-formation.net/graphique-en-courbe/ex-001-graphique-en-courbe.html]
[www.clic-formation.net/images/08-powerbi/icone/16-graphique-en-secteur.gif]
[www.clic-formation.net/graphique-en-secteur/support-graphique-en-secteur.html]
[www.clic-formation.net/graphique-en-secteur/exercice-1.html]
[www.clic-formation.net/images/08-powerbi/icone/18-tree-map.gif]
[www.clic-formation.net/tree-map/support-tree-map.html]
[www.clic-formation.net/tree-map/exercice-1.html]
[www.clic-formation.net/images/08-powerbi/icone/19-carte.gif]
[www.clic-formation.net/cartes/support.html]
[www.clic-formation.net/cartes/ex-001.html]
[www.clic-formation.net/cartes/ex-002.html]
[www.clic-formation.net/cartes/ex-003-carte.html]
[www.clic-formation.net/images/08-powerbi/icone/22-carte.gif]
[www.clic-formation.net/carte-chiffree/support.html]
[www.clic-formation.net/carte-chiffree/exercice-1.html]
[www.clic-formation.net/carte-chiffree/exercice-2.html]
[www.clic-formation.net/images/08-powerbi/icone/25-segment.gif]
[www.clic-formation.net/segment/support.html]
[www.clic-formation.net/segment/exercice-1.html]
[www.clic-formation.net/images/08-powerbi/icone/26-matrice.gif]
[www.clic-formation.net/matrice/support.html]
[www.clic-formation.net/matrice/exercice-1.html]
[www.clic-formation.net/matrice/exercice-2.html]
[www.clic-formation.net/modeliser.html]
[www.clic-formation.net/liaisons-power-bi-2/exercice-1.html]
[www.clic-formation.net/calcul-power-bi/exercice-7-sum.html]
[www.clic-formation.net/calcul-power-bi/exercice-1-count.html]
[www.clic-formation.net/calcul-power-bi/exercice-1-divde.html]
[www.clic-formation.net/calcul-power-bi/exercice-1-if.html]
[www.clic-formation.net/calcul-power-bi/exercice-3-sumx.html]
[www.clic-formation.net/calcul-power-bi/exercice-4-average.html]
[www.clic-formation.net/calcul-power-bi/exercice-5-calculate.html]
[www.clic-formation.net/cas-complet/produits.html]
[www.clic-formation.net/cas-complet/livres.html]
[www.clic-formation.net/cas-complet/course-visuels.html]
[www.clic-formation.net/cas-complet/course-calculs.html]
[www.clic-formation.net/images/stories/Power-BI.webp]
[www.clic-formation.net/images/08-powerbi/intro/1-1-768x431.png]
[www.clic-formation.net/images/08-powerbi/intro/2-1-768x430.png]
[www.clic-formation.net/powerbi.html]
[www.clic-formation.net/debutantfe28.html]
[www.clic-formation.net/debutant.html]
[www.clic-formation.net/component/search/indexfe28.html]
[www.clic-formation.net/utiliser-sa-souris.html]
[www.clic-formation.net/component/search/indexe4d1.html]
[www.clic-formation.net/exercice-1-souris.html]
[www.clic-formation.net/exercice-2-souris.html]
[www.clic-formation.net/exercice-3-souris.html]
[www.clic-formation.net/exercice-4-souris.html]
[www.clic-formation.net/exercice-5-souris.html]
[www.clic-formation.net/exercice-6-souris.html]
[www.clic-formation.net/exercice-7-souris.html]
[www.clic-formation.net/exercice-8-souris.html]
[www.clic-formation.net/exercice-9-souris.html]
[www.clic-formation.net/exercice-10-souris.html]
[www.clic-formation.net/exercice-11-souris.html]
[www.clic-formation.net/exercice-12-souris.html]
[www.clic-formation.net/images/04-web/competence-03/zone-simple-clic.jpg]
[www.clic-formation.net/images/04-web/competence-03/zone-double-clic.jpg]
[www.clic-formation.net/images/04-web/competence-03/clic-droit-menu.jpg]
[www.clic-formation.net/debutant/souris.html]
[www.clic-formation.net/connaitre-et-utiliser-son-clavier.html]
[www.clic-formation.net/component/search/index687c.html]
[www.clic-formation.net/exercice-1-clavier.html]
[www.clic-formation.net/exercice-2-clavier.html]
[www.clic-formation.net/exercice-3-clavier.html]
[www.clic-formation.net/exercice-4-clavier.html]
[www.clic-formation.net/exercice-5-clavier.html]
[www.clic-formation.net/exercice-6-clavier.html]
[www.clic-formation.net/exercice-7-clavier.html]
[www.clic-formation.net/exercice-8-clavier.html]
[www.clic-formation.net/exercice-9-clavier.html]
[www.clic-formation.net/exercice-10-clavier.html]
[www.clic-formation.net/exercice-11-clavier.html]
[www.clic-formation.net/exercice-12.html]
[www.clic-formation.net/tables-des-caracteres.html]
[www.clic-formation.net/images/04-web/competence-05/zones-clavier.jpg]
[www.clic-formation.net/images/04-web/competence-05/caracteres-alt-gr.jpg]
[www.clic-formation.net/images/04-web/competence-05/copier.jpg]
[www.clic-formation.net/images/04-web/competence-05/coller.jpg]
[www.clic-formation.net/debutant/clavier.html]
[www.clic-formation.net/images/04-web/competence-05/copiecolleprogrammes.png]
[www.clic-formation.net/component/search/indexf968.html]
[www.clic-formation.net/support-dossier.html]
[www.clic-formation.net/affichage.html]
[www.clic-formation.net/exercice-1-dossiers.html]
[www.clic-formation.net/exercice-2-dossiers.html]
[www.clic-formation.net/exercice-3-dossiers.html]
[www.clic-formation.net/exercice-4-dossiers.html]
[www.clic-formation.net/exercice-5-dossiers.html]
[www.clic-formation.net/exercice-6-dossiers.html]
[www.clic-formation.net/exercice-7-dossiers.html]
[www.clic-formation.net/exercice-8-dossiers.html]
[www.clic-formation.net/exercice-9.html]
[www.clic-formation.net/support-poids.html]
[www.clic-formation.net/exercice-1-dossier.html]
[www.clic-formation.net/exercice-2-dossier.html]
[www.clic-formation.net/exercice-3-extension.html]
[www.clic-formation.net/exercice-4-extension.html]
[www.clic-formation.net/extension.html]
[www.clic-formation.net/images/04-web/competence-07/creer-dossier-bureau.jpg]
[www.clic-formation.net/images/04-web/competence-07/selection-couper-copier.jpg]
[www.clic-formation.net/images/04-web/competence-07/glisser-deposer.jpg]
[www.clic-formation.net/images/04-web/competence-07/multi-cadres-selection.jpg]
[www.clic-formation.net/images/04-web/competence-07/enregistrer-sous.jpg]
[www.clic-formation.net/debutant/fichiers-et-dossiers.html]
[www.clic-formation.net/component/search/index28db.html]
[www.clic-formation.net/support-windows.html]
[www.clic-formation.net/raccourcis-clavier.html]
[www.clic-formation.net/exercice-1-windows.html]
[www.clic-formation.net/exercice-2-windows.html]
[www.clic-formation.net/exercice-3-windows.html]
[www.clic-formation.net/exercice-4-police.html]
[www.clic-formation.net/exercice-5-peripheriques.html]
[www.clic-formation.net/exercice-6-drivers.html]
[www.clic-formation.net/evaluation-windows/peripherique.html]
[www.clic-formation.net/evaluation-windows/raccourcis-clavier.html]
[www.clic-formation.net/astuces.html]
[www.clic-formation.net/images/04-web/competence-04/acces-dossier-personnel-windows-10.jpg]
[www.clic-formation.net/images/04-web/competence-04/corbeille-vide-pleine.jpg]
[www.clic-formation.net/debutant/windows.html]
[www.clic-formation.net/navigateur-web.html]
[www.clic-formation.net/component/search/index1ac1.html]
[www.clic-formation.net/faire-une-recherche-web.html]
[www.clic-formation.net/recherche-simple.html]
[www.clic-formation.net/recherche-simple-2.html]
[www.clic-formation.net/recherche-simple-3.html]
[www.clic-formation.net/recherche-simple-4.html]
[www.clic-formation.net/recherche-simple-5.html]
[www.clic-formation.net/recherche-avancee.html]
[www.clic-formation.net/recherche-avec-restriction.html]
[www.clic-formation.net/recherche-images.html]
[www.clic-formation.net/recherche-images-inversee.html]
[www.clic-formation.net/favoris.html]
[www.clic-formation.net/favoris-1.html]
[www.clic-formation.net/favoris-2.html]
[www.clic-formation.net/web-services-google.html]
[www.clic-formation.net/vocabulaire-web.html]
[www.clic-formation.net/images/03-recherche-internet/support/google.jpg]
[www.clic-formation.net/debutant/recherche-web.html]
[www.clic-formation.net/suppport-messagerie.html]
[www.clic-formation.net/component/search/index63da.html]
[www.clic-formation.net/exercice-1-mail.html]
[www.clic-formation.net/exercice-2-mail.html]
[www.clic-formation.net/exercice-3-mail.html]
[www.clic-formation.net/debutant/messagerie-electronique.html]
[www.clic-formation.net/quizz-messagerie.html]
[www.clic-formation.net/images/mod_jb_flexslider/souris-verte.png]
[www.clic-formation.net/images/mod_jb_flexslider/souris-bleue.png]
[www.clic-formation.net/component/search/indexc50a.html]
[www.clic-formation.net/images/mod_jb_flexslider/souris-rouge.png]
[www.clic-formation.net/images/mod_jb_flexslider/clavier-vert.png]
[www.clic-formation.net/images/mod_jb_flexslider/clavier-bleu.png]
[www.clic-formation.net/images/mod_jb_flexslider/clavier-rouge.png]
[www.clic-formation.net/images/mod_jb_flexslider/oo-vert.png]
[www.clic-formation.net/images/mod_jb_flexslider/oo-bleu.png]
[www.clic-formation.net/images/mod_jb_flexslider/oo-rouge.png]
[www.clic-formation.net/parcours-b2i-souris.html]
[www.clic-formation.net/component/search/indexd9f0.html]
[www.clic-formation.net/exercice-1-pao.html]
[www.clic-formation.net/images/site/pictos-menu/4.png]
[www.clic-formation.net/exercice-2-pao.html]
[www.clic-formation.net/images/site/pictos-menu/3.png]
[www.clic-formation.net/publisher-exercice-3.html]
[www.clic-formation.net/images/site/pictos-menu/5.png]
[www.clic-formation.net/exercice-4-publisher-scribus.html]
[www.clic-formation.net/exercice-4-publisher-scribus-2.html]
[www.clic-formation.net/images/site/pictos-menu/2.png]
[www.clic-formation.net/exercice-publisher-6.html]
[www.clic-formation.net/images/site/pictos-menu/1.png]
[www.clic-formation.net/exercice-publisher-7.html]
[www.clic-formation.net/exercice-publisher-8.html]
[www.clic-formation.net/exercice-publisher-9.html]
[www.clic-formation.net/exercice-publisher-10.html]
[www.clic-formation.net/exercice-publisher-11.html]
[www.clic-formation.net/exercice-publisher-12.html]
[www.clic-formation.net/images/c-20/scribus.png]
[www.clic-formation.net/images/c-20/AideMemoireScribus.pdf]
[www.clic-formation.net/images/c-20/pdf-support.png]
[www.clic-formation.net/images/c-20/Fiche_Scribus.pdf]
[www.clic-formation.net/images/c-20/support-rapide.png]
[www.clic-formation.net/images/c-20/99340_-_publisher.png]
[www.clic-formation.net/images/c-20/Publisher2010.pdf]
[www.clic-formation.net/images/c-20/support-publisher.pdf]
[www.clic-formation.net/pao.html]
[www.clic-formation.net/modules/mod_accordeonmenuck/themes/default/cssed94.css]
[www.clic-formation.net/component/search/indexa42d.html]
[www.clic-formation.net/les-bases.html]
[www.clic-formation.net/exercices-serie-a/requete-sql-01.html]
[www.clic-formation.net/exercices-serie-a/requete-sql-02.html]
[www.clic-formation.net/exercices-serie-a/requete-sql-03.html]
[www.clic-formation.net/exercices-serie-a/requete-sql-04.html]
[www.clic-formation.net/exercices-serie-a/requete-sql-05.html]
[www.clic-formation.net/exercices-serie-a/requete-sql-06.html]
[www.clic-formation.net/exercices-serie-a/requete-sql-07.html]
[www.clic-formation.net/exercices-serie-a/requete-sql-08.html]
[www.clic-formation.net/exercices-serie-a/requete-sql-a-09.html]
[www.clic-formation.net/exercices-serie-a/requete-sql-a-10.html]
[www.clic-formation.net/exercices-serie-a/requete-sql-a-11.html]
[www.clic-formation.net/exercices-serie-a/requete-sql-a-12.html]
[www.clic-formation.net/exercices-serie-a/requete-sql-a-13.html]
[www.clic-formation.net/exercices-serie-a/requete-sql-a-14.html]
[www.clic-formation.net/exercice-serie-b/requete-sql-b-01.html]
[www.clic-formation.net/exercice-serie-b/requete-sql-b-02.html]
[www.clic-formation.net/exercice-serie-b/requete-sql-b-03.html]
[www.clic-formation.net/exercice-serie-b/requete-sql-b-04.html]
[www.clic-formation.net/exercice-serie-b/requete-sql-b-05.html]
[www.clic-formation.net/exercice-serie-b/requete-sql-b-06.html]
[www.clic-formation.net/exercice-serie-b/requete-sql-b-07.html]
[www.clic-formation.net/exercice-serie-b/requete-sql-b-08.html]
[www.clic-formation.net/exercice-serie-b/requete-sql-b-09.html]
[www.clic-formation.net/exercice-serie-b/requete-sql-b-10.html]
[www.clic-formation.net/exercice-serie-b/requete-sql-b-11.html]
[www.clic-formation.net/exercice-serie-b/requete-sql-b-12.html]
[www.clic-formation.net/exercice-serie-b/requete-sql-b-13.html]
[www.clic-formation.net/exercice-serie-b/requete-sql-b-14.html]
[www.clic-formation.net/exercice-serie-b/requete-sql-b-15.html]
[www.clic-formation.net/exercice-serie-b/requete-sql-b-16.html]
[www.clic-formation.net/exercice-serie-b/requete-sql-b-17.html]
[www.clic-formation.net/exercice-serie-b/requete-sql-b-18.html]
[www.clic-formation.net/exercice-serie-b/requete-sql-b-19.html]
[www.clic-formation.net/exercice-serie-b/requete-sql-b-20.html]
[www.clic-formation.net/exercice-serie-b/requete-sql-b-21.html]
[www.clic-formation.net/exercice-serie-b/requete-sql-b-22.html]
[www.clic-formation.net/exercice-serie-b/requete-sql-b-23.html]
[www.clic-formation.net/exercice-serie-c/requete-sql-c-01.html]
[www.clic-formation.net/exercice-serie-c/requete-sql-c-02.html]
[www.clic-formation.net/exercice-serie-c/requete-sql-c-03.html]
[www.clic-formation.net/exercice-serie-c/requete-sql-c-04.html]
[www.clic-formation.net/exercice-serie-c/requete-sql-c-05.html]
[www.clic-formation.net/exercice-serie-c/requete-sql-c-06.html]
[www.clic-formation.net/exercice-serie-d/requete-sql-d-01.html]
[www.clic-formation.net/exercice-serie-d/requete-sql-d-02.html]
[www.clic-formation.net/exercice-serie-d/requete-sql-d-03.html]
[www.clic-formation.net/exercice-serie-d/requete-sql-d-04.html]
[www.clic-formation.net/exercice-serie-d/requete-sql-d-05.html]
[www.clic-formation.net/exercice-serie-d/requete-sql-d-06.html]
[www.clic-formation.net/exercice-serie-d/requete-sql-d-07.html]
[www.clic-formation.net/exercices-complets/exercice-1.html]
[www.clic-formation.net/exercices-complets/exercice-02.html]
[www.clic-formation.net/exercices-complets/exercice-3.html]
[www.clic-formation.net/exercices-complets/execice-complet.html]
[www.clic-formation.net/seance-8-diagramme-de-flux/support.html]
[www.clic-formation.net/seance-8-diagramme-de-flux/exercice-1.html]
[www.clic-formation.net/seance-8-diagramme-de-flux/exercice-2.html]
[www.clic-formation.net/seance-8-diagramme-de-flux/exercice-3.html]
[www.clic-formation.net/seance-8-diagramme-de-flux/exercice-4.html]
[www.clic-formation.net/seance-10-reseau/support.html]
[www.clic-formation.net/seance-10-reseau/support-2.html]
[www.clic-formation.net/seance-10-reseau/seance-11-reseau.html]
[www.clic-formation.net/seance-10-reseau/seance-15-protection-reseau-et-pc.html]
[www.clic-formation.net/seance-10-reseau/vocabulaire-reseau.html]
[www.clic-formation.net/seance-10-reseau/exercice-carte-d-identite-pc.html]
[www.clic-formation.net/seance-10-reseau/exercice-montage-pc.html]
[www.clic-formation.net/seance-10-reseau/exercice-schema-reseau-01.html]
[www.clic-formation.net/seance-10-reseau/exercice-schema-reseau-02.html]
[www.clic-formation.net/seance-10-reseau/exercice-reseau-03.html]
[www.clic-formation.net/seance-10-reseau/exercice-schema-reseau-04.html]
[www.clic-formation.net/seance-10-reseau/exercice-schema-reseau-05.html]
[www.clic-formation.net/seance-10-reseau/exercice-schema-reseau-07.html]
[www.clic-formation.net/seance-9-veille.html]
[www.clic-formation.net/09-04.html]
[www.clic-formation.net/seance-13.html]
[www.clic-formation.net/seance-14-ged.html]
[www.clic-formation.net/exercice-1-ged.html]
[www.clic-formation.net/seance-16-xml/syntaxe.html]
[www.clic-formation.net/seance-16-xml/demo-xml.html]
[www.clic-formation.net/seance-16-xml/exercice-xml-01.html]
[www.clic-formation.net/seance-16-xml/exercice-xml-02.html]
[www.clic-formation.net/seance-16-xml/exercice-xml-03.html]
[www.clic-formation.net/seance-16-xml/exercice-xml-04.html]
[www.clic-formation.net/seance-16-xml/exercice-xml-05.html]
[www.clic-formation.net/images/stories/tableur-icone.png]
[www.clic-formation.net/images/stories/icone-presentation.png]
[www.clic-formation.net/images/stories/texteur-icone.png]
[www.clic-formation.net/images/stories/icone-sql.png]
[www.clic-formation.net/images/stories/icones_reseau.png]
[www.clic-formation.net/images/stories/icone-diagramme-de-flux.png]
[www.clic-formation.net/images/stories/icone-netvibes.png]
[www.clic-formation.net/images/stories/icone-license.png]
[www.clic-formation.net/images/stories/icone-virus.png]
[www.clic-formation.net/images/stories/icone-ged.png]
[www.clic-formation.net/images/stories/icone-agora-project.png]
[www.clic-formation.net/images/stories/icone-joomla.png]
[www.clic-formation.net/programme-informatique.html]
[www.clic-formation.net/seance-13-diagramme-de-gantt.html]
[www.clic-formation.net/component/search/index3222.html]
[www.clic-formation.net/gantt-exercice-1.html]
[www.clic-formation.net/gantt-exercice-2.html]
[www.clic-formation.net/gantt-exercice-3.html]
[www.clic-formation.net/gantt-exercice-4.html]
[www.clic-formation.net/gantt-exercice-5.html]
[www.clic-formation.net/seance-06-muc.html]
[www.clic-formation.net/html-2/html-3.html]
[www.clic-formation.net/html-2/exercice-03-html.html]
[www.clic-formation.net/html-2/exercice-02-css.html]
[www.clic-formation.net/images/stories/gantt.gif]
[www.clic-formation.net/images/stories/P_DYB.png]
[www.clic-formation.net/index913b.html]
[www.clic-formation.net/images/stories/icone-sphinx.png]
[www.clic-formation.net/images/stories/Access-2-icon.png]
[www.clic-formation.net/images/stories/icone-publisher.png]
[www.clic-formation.net/index2369.html]
[www.clic-formation.net/progression-annuelle-muc.html]
[www.clic-formation.net/component/search/indexb07c.html]
[www.clic-formation.net/progression-pedagogique-rpmc.html]
[www.clic-formation.net/01-installer-son-cms.html]
[www.clic-formation.net/07-google-analytics.html]
[www.clic-formation.net/04-webmasters-tools.html]
[www.clic-formation.net/08-google-business.html]
[www.clic-formation.net/03-seo.html]
[www.clic-formation.net/05-emailing.html]
[www.clic-formation.net/veille.html]
[www.clic-formation.net/11-strategies-de-marketing-de-contenu.html]
[www.clic-formation.net/10-intro-reseaux-sociaux.html]
[www.clic-formation.net/09-facebook.html]
[www.clic-formation.net/30-reseaux-sociaux-facebook.html]
[www.clic-formation.net/31-pinterest.html]
[www.clic-formation.net/32-tumblr.html]
[www.clic-formation.net/33-intagram.html]
[www.clic-formation.net/34-twtitter.html]
[www.clic-formation.net/10-repondre-a-un-avis-negatif.html]
[www.clic-formation.net/14-production-contenu.html]
[www.clic-formation.net/15-optimisation-images.html]
[www.clic-formation.net/16-long-tail.html]
[www.clic-formation.net/18-audacity.html]
[www.clic-formation.net/vocabulaire.html]
[www.clic-formation.net/sites-utiles.html]
[www.clic-formation.net/images/iut/rpmc/mode_emploi_wp.pdf]
[www.clic-formation.net/images/iut/rpmc/pdf-wordpress.jpg]
[www.clic-formation.net/images/iut/rpmc/j3fr.pdf]
[www.clic-formation.net/images/iut/rpmc/pdf-joomla.jpg]
[www.clic-formation.net/images/iut/rpmc/logo-prestashop.png]
[www.clic-formation.net/02-cms.html]
[www.clic-formation.net/asca.html]
[www.clic-formation.net/component/search/indexcb78.html]
[www.clic-formation.net/etat/exercice-1-etat.html]
[www.clic-formation.net/component/search/indexb6d6.html]
[www.clic-formation.net/requete/exercice-requete-1.html]
[www.clic-formation.net/requete/exercice-2.html]
[www.clic-formation.net/formulaire/exercice-1-formulaire.html]
[www.clic-formation.net/images/access/presentation/access-01.jpg]
[www.clic-formation.net/images/access/presentation/access-03.jpg]
[www.clic-formation.net/images/access/presentation/access-02.jpg]
[www.clic-formation.net/images/access/presentation/presentation-rapide-access.pdf]
[www.clic-formation.net/access.html]
[www.clic-formation.net/images/site/02-histoire.webp]
[www.clic-formation.net/images/site/02-geo.webp]
[www.clic-formation.net/component/search/indexb414.html]
[www.clic-formation.net/images/site/02-ecole.webp]
[www.clic-formation.net/images/site/02-examen-civique.webp]
[www.clic-formation.net/images/site/02-gulture-g.webp]
[www.clic-formation.net/liste-quizz.html]
[www.clic-formation.net/media/com_cjlib/plugins/raty/jquery.raty.css]
[www.clic-formation.net/component/search/index7685.html]
[www.clic-formation.net/media/com_cjlib/plugins/raty/jquery.raty.js]
[www.clic-formation.net/media/com_communityquiz/js/cj.quiz.mine0e0.js]
[www.clic-formation.net/liste-quizz/qcm-examen-civique5483.html]
[www.clic-formation.net/liste-quizz/qcm-examen-civique51bd.html]
[www.clic-formation.net/liste-quizz/qcm-examen-civique/examen-civique-principes-et-valeurs-de-la-republique-serie-1.html]
[www.clic-formation.net/liste-quizz/qcm-examen-civique/systeme-institutionnel-et-politique-serie-1.html]
[www.clic-formation.net/liste-quizz/qcm-examen-civique/systeme-institutionnel-et-politique-serie-2.html]
[www.clic-formation.net/liste-quizz/qcm-examen-civique/histoire.html]
[www.clic-formation.net/liste-quizz/qcm-examen-civique/geographie.html]
[www.clic-formation.net/liste-quizz/qcm-examen-civique.html]
[www.clic-formation.net/liste-quizz/qcm-examen-civique/examen-civique-principes-et-valeurs-de-la-republique-serie-2.html]
[www.clic-formation.net/component/search/index0eb8.html]
[www.clic-formation.net/liste-quizz/excel16f0.html]
[www.clic-formation.net/liste-quizz/excel5483.html]
[www.clic-formation.net/liste-quizz/excel51bd.html]
[www.clic-formation.net/liste-quizz/excel.html]
[www.clic-formation.net/component/search/index0891.html]
[www.clic-formation.net/liste-quizz/word16f0.html]
[www.clic-formation.net/liste-quizz/word5483.html]
[www.clic-formation.net/liste-quizz/word51bd.html]
[www.clic-formation.net/liste-quizz/word.html]
[www.clic-formation.net/liste-quizz/generalites-informatiquesdcab.feed]
[www.clic-formation.net/liste-quizz/generalites-informatiquesb550.feed]
[www.clic-formation.net/component/search/indexcb26.html]
[www.clic-formation.net/liste-quizz/generalites-informatiques16f0.html]
[www.clic-formation.net/liste-quizz/generalites-informatiques5483.html]
[www.clic-formation.net/liste-quizz/generalites-informatiques51bd.html]
[www.clic-formation.net/liste-quizz/generalites-informatiques.html]
[www.clic-formation.net/liste-quizz/generalites-informatiques/reseau-reseau-local.html]
[www.clic-formation.net/component/search/indexf615.html]
[www.clic-formation.net/liste-quizz/web16f0.html]
[www.clic-formation.net/liste-quizz/web5483.html]
[www.clic-formation.net/liste-quizz/web51bd.html]
[www.clic-formation.net/liste-quizz/web.html]
[www.clic-formation.net/component/search/index6690.html]
[www.clic-formation.net/liste-quizz/geographie16f0.html]
[www.clic-formation.net/liste-quizz/geographie5483.html]
[www.clic-formation.net/liste-quizz/geographie51bd.html]
[www.clic-formation.net/liste-quizz/geographie/region.html]
[www.clic-formation.net/liste-quizz/geographie/rivieres-de-france.html]
[www.clic-formation.net/liste-quizz/geographie/chef-lieu-departement-auvergne-rhone-alpes.html]
[www.clic-formation.net/liste-quizz/geographie/prefecture-occitanie.html]
[www.clic-formation.net/liste-quizz/geographie/ville-region.html]
[www.clic-formation.net/liste-quizz/geographie/nouvelles-regions-francaise.html]
[www.clic-formation.net/liste-quizz/geographie/les-regions-francaises-en-13-clics.html]
[www.clic-formation.net/liste-quizz/geographie.html]
[www.clic-formation.net/liste-quizz/geographie/zones-et-cartes-de-france.html]
[www.clic-formation.net/component/search/index833c.html]
[www.clic-formation.net/liste-quizz/histoire16f0.html]
[www.clic-formation.net/liste-quizz/histoire5483.html]
[www.clic-formation.net/liste-quizz/histoire51bd.html]
[www.clic-formation.net/liste-quizz/histoire.html]
[www.clic-formation.net/component/search/index6562.html]
[www.clic-formation.net/liste-quizz/culture-generale16f0.html]
[www.clic-formation.net/liste-quizz/culture-generale5483.html]
[www.clic-formation.net/liste-quizz/culture-generale51bd.html]
[www.clic-formation.net/liste-quizz/culture-generale/les-gros-chiens.html]
[www.clic-formation.net/liste-quizz/culture-generale.html]
[www.clic-formation.net/liste-quizz/culture-generale/lire-l-heure.html]
[www.clic-formation.net/component/search/indexf8e2.html]
[www.clic-formation.net/liste-quizz/primaire16f0.html]
[www.clic-formation.net/liste-quizz/primaire5483.html]
[www.clic-formation.net/liste-quizz/primaire51bd.html]
[www.clic-formation.net/liste-quizz/primaire/consommer-de-l-eau.html]
[www.clic-formation.net/liste-quizz/primaire/consommer-de-l-electricite-1.html]
[www.clic-formation.net/liste-quizz/primaire/l-heritage-d-henri-iv.html]
[www.clic-formation.net/liste-quizz/primaire/le-temps-des-reines.html]
[www.clic-formation.net/liste-quizz/primaire/vivre-a-versailles.html]
[www.clic-formation.net/liste-quizz/primaire/transformation-du-lait.html]
[www.clic-formation.net/liste-quizz/primaire/volcans.html]
[www.clic-formation.net/liste-quizz/primaire.html]
[www.clic-formation.net/liste-quizz/primaire/l-electricite-et-son-histoire.html]
[www.clic-formation.net/media/system/js/keepalive.mind5a8.js]
[www.clic-formation.net/component/search/index1d4e.html]
[www.clic-formation.net/media/system/js/fields/validate.min0e45.js]
[www.clic-formation.net/media/system/js/fields/passwordview.min895a.js]
[www.clic-formation.net/component/users/reset49bc.html]
[www.clic-formation.net/component/users/remind49bc.html]
[www.clic-formation.net/component/users/registration49bc.html]
[www.clic-formation.net/component/users/login6e87.html]
[www.clic-formation.net/gareoultdcab.feed]
[www.clic-formation.net/gareoultb550.feed]
[www.clic-formation.net/media/com_content/js/articles-list.mina027.js]
[www.clic-formation.net/component/search/index2c01.html]
[www.clic-formation.net/gareoult/la-fabrication-industrielle-du-yaourt.html]
[www.clic-formation.net/gareoult/consommer-de-l-eau.html]
[www.clic-formation.net/gareoult/se-loger-en-centre-ville.html]
[www.clic-formation.net/gareoult/vivre-a-versailles.html]
[www.clic-formation.net/gareoult/le-temps-des-reines.html]
[www.clic-formation.net/gareoult/l-heritage-d-henri-iv.html]
[www.clic-formation.net/gareoult/consommer-de-l-electricite.html]
[www.clic-formation.net/gareoult.html]
[www.clic-formation.net/jeux-de-connaissancesdcab.feed]
[www.clic-formation.net/jeux-de-connaissancesb550.feed]
[www.clic-formation.net/images/site/02-parcours.png]
[www.clic-formation.net/images/site/02-quizz.png]
[www.clic-formation.net/component/search/index0260.html]
[www.clic-formation.net/jeux-de-connaissances/quiz-15-questions-serie-4.html]
[www.clic-formation.net/images/site/02-mots-meles.png]
[www.clic-formation.net/jeux-de-connaissances/mots-meles-montagnes-des-pyrenees.html]
[www.clic-formation.net/images/site/02-association.png]
[www.clic-formation.net/jeux-de-connaissances/association-01-panneaux-dinterdiction.html]
[clic-formation.net/images/site/02-puzzle.png]
[www.clic-formation.net/jeux-de-connaissances/puzzle-france.html]
[www.clic-formation.net/images/site/02-sudoku.png]
[www.clic-formation.net/jeux-de-connaissances/sudoku-level-1.html]
[www.clic-formation.net/images/site/02-phrase.png]
[www.clic-formation.net/jeux-de-connaissances/texte-a-trous-01-les-fleuves-francais.html]
[www.clic-formation.net/jeux-de-connaissances/mots-meles-rivieres.html]
[www.clic-formation.net/images/site/02-memory.png]
[www.clic-formation.net/etape-12-memory-difficile.html]
[www.clic-formation.net/jeux-de-connaissances/association-02-regions-francaises.html]
[www.clic-formation.net/jeux-de-connaissances/quiz-15-questions-serie-1.html]
[www.clic-formation.net/jeux-de-connaissances/quiz-15-questions-serie-2.html]
[www.clic-formation.net/jeux-de-connaissances/quiz-15-questions-serie-3.html]
[www.clic-formation.net/jeux-de-connaissances.html]
[www.clic-formation.net/component/search/index33c1.html]
[www.clic-formation.net/media/plg_system_rsfpregistration/css/password-strengthea31.css]
[www.clic-formation.net/media/com_rsform/js/script.minea31.js]
[www.clic-formation.net/media/plg_system_rsfpregistration/js/password-strengthea31.js]
[www.google.com/recaptcha/apib091.js]
[www.clic-formation.net/media/plg_system_rsfprecaptchav2/js/recaptchav2ea31.js]
[www.clic-formation.net/indexffc5.html]
[www.clic-formation.net/utilisateur.html]
[www.clic-formation.net/images/site/next-right.svg]
[www.clic-formation.net/component/search/indexf4e0.html]
[www.clic-formation.net/exercice-complet/cas-date-et-annees.html]
[www.clic-formation.net/exercices-asca-ul21-excel.html]
[www.clic-formation.net/index28be.html]
[www.clic-formation.net/component/search/index628f.html]
[www.clic-formation.net/accueil/rgpd.html]
[www.clic-formation.net/accueil/comment-ca-marchedbfe.html]
[www.clic-formation.net/accueil/comment-ca-marche.html]
[www.clic-formation.net/component/search/index1508.html]
[www.clic-formation.net/tableur/liste-exercices-par-tags/si.html]
[www.clic-formation.net/tableur/liste-exercices-par-tags/graphique.html]
[www.clic-formation.net/images/site/3.png]
[www.clic-formation.net/images/01-excel/exercices-pratiques/2017-01-nett-industrie/2017-01-nett-industrie-sujet.pdf]
[www.clic-formation.net/images/stories/icone-pdf.png]
[www.clic-formation.net/images/01-excel/exercices-pratiques/2017-01-nett-industrie/2017-01-nett-industrie-01.webp]
[www.clic-formation.net/images/01-excel/exercices-pratiques/2017-01-nett-industrie/regle-2.png]
[www.clic-formation.net/images/01-excel/exercices-pratiques/2017-01-nett-industrie/2017-01-nett-industrie-resultat.webp]
[www.clic-formation.net/categories-telechargement/43-asca/2017-01-nett-industrie-solution32b8.xlsx]
[www.clic-formation.net/exercices-asca-ul21-excel/nett-industrie.html]
[www.clic-formation.net/images/01-excel/exercices-pratiques/2017-05-bustop/bustop.pdf]
[www.clic-formation.net/component/search/index91bd.html]
[www.clic-formation.net/images/01-excel/exercices-pratiques/2017-05-bustop/bustop.webp]
[www.clic-formation.net/images/01-excel/exercices-pratiques/2017-05-bustop/bustop-solution.webp]
[www.clic-formation.net/categories-telechargement/43-asca/2017-05-bustop-solutione6c9.xlsx]
[www.clic-formation.net/exercices-asca-ul21-excel/bustop.html]
[www.clic-formation.net/component/search/indexec60.html]
[www.clic-formation.net/tableur/liste-exercices-par-tags/recherche-x-v-h.html]
[www.clic-formation.net/tableur/liste-exercices-par-tags/liste.html]
[www.clic-formation.net/images/01-excel/exercices-pratiques/cas-garage/cas-garage.xlsx]
[www.clic-formation.net/images/stories/icone-xlsx.png]
[www.clic-formation.net/images/01-excel/exercices-pratiques/cas-garage/cas-garage-solution.webp]
[www.clic-formation.net/categories-telechargement/7-formations-informatiques/8-excel/cas-garage-solutionffe1.xlsx]
[www.clic-formation.net/cas-fiche-clients-garage.html]
[www.clic-formation.net/component/search/index369a.html]
[www.clic-formation.net/component/tags/tag/colonne.html]
[www.clic-formation.net/component/tags/tag/format-page.html]
[www.clic-formation.net/images/02-word/word-competence-12/ex-010/ex-010.docx]
[www.clic-formation.net/images/stories/accueil_oow.png]
[www.clic-formation.net/images/02-word/word-competence-12/ex-010/fond.webp]
[www.clic-formation.net/images/stories/icone-image.png]
[www.clic-formation.net/images/02-word/word-competence-12/ex-010/ex-010-solution.webp]
[www.clic-formation.net/inserer-une-image/exercice-10.html]
[www.clic-formation.net/media/system/js/multiselect.min5587.js]
[www.clic-formation.net/31-trucs/exercice-3-raccourci-table-des-caracteres.html]
[www.clic-formation.net/component/search/indexc68e.html]
[www.clic-formation.net/images/02-word/word-competence-31/ex-002/ex-002.docx]
[www.clic-formation.net/component/search/index166a.html]
[www.clic-formation.net/images/stories/icone-docx.png]
[www.clic-formation.net/images/02-word/word-competence-31/ex-001/ex-001.docx]
[www.clic-formation.net/images/02-word/word-competence-31/ex-002/ex-002.webp]
[www.clic-formation.net/images/site/2.png]
[www.clic-formation.net/images/02-word/word-competence-31/ex-002/tuto-convertir-texte-en-tableau.webp]
[www.clic-formation.net/images/02-word/word-competence-31/ex-002/ex-002-solution.webp]
[www.clic-formation.net/index55a3.html]
[www.clic-formation.net/component/search/index771f.html]
[www.clic-formation.net/exercice-1.html]
[www.clic-formation.net/exercice-2.html]
[www.clic-formation.net/exercice-3.html]
[www.clic-formation.net/exercice-4.html]
[www.clic-formation.net/exercice-5.html]
[www.clic-formation.net/images/01-excel/excel-trucs/ex-006/ex-006.xlsx]
[www.clic-formation.net/images/01-excel/excel-trucs/ex-006/ex-006.webp]
[www.clic-formation.net/images/01-excel/excel-trucs/ex-006/ex-006-solution.webp]
[www.clic-formation.net/categories-telechargement/7-formations-informatiques/8-excel/ex-006-solutionfd8d.xlsx]
[www.clic-formation.net/exercice-6-fonction-rept.html]
[www.clic-formation.net/images/01-excel/exercices-pratiques/cas-formulaire-saisie/cas_formulaire_inscription.xlsx]
[www.clic-formation.net/images/site/4.png]
[www.clic-formation.net/component/search/index82be.html]
[www.clic-formation.net/images/01-excel/exercices-pratiques/cas-formulaire-saisie/cas-formulaire-03.webp]
[www.clic-formation.net/images/01-excel/exercices-pratiques/cas-formulaire-saisie/tuto-video.mp4]
[www.clic-formation.net/images/01-excel/excel-competence-32/support/tuto-macro.webp]
[www.clic-formation.net/categories-telechargement/7-formations-informatiques/8-excel/cas_formulaire_inscription_solution1944.zip]
[www.clic-formation.net/index6361.html]
[www.clic-formation.net/derniers-articles.html]
[www.clic-formation.net/images/site/2025-excel.svg]
[www.clic-formation.net/images/site/2025_word.svg]
[www.clic-formation.net/images/site/2025-powerpoint.svg]
[www.clic-formation.net/images/site/2025-publisher.svg]
[www.clic-formation.net/images/site/2025-pbi.svg]
[www.clic-formation.net/images/site/fleche.png]
[www.clic-formation.net/component/search/index8fb2.html]
[www.clic-formation.net/etape-1-trait-simple.html]
[www.clic-formation.net/etape-2-coloriage.html]
[www.clic-formation.net/b2i-etape-3.html]
[www.clic-formation.net/etape-4-tour-eiffel.html]
[www.clic-formation.net/etape-5-coloriage.html]
[www.clic-formation.net/etape-6.html]
[www.clic-formation.net/etape-7.html]
[www.clic-formation.net/etape-8.html]
[www.clic-formation.net/etape-9-la-rose.html]
[www.clic-formation.net/etape-12.html]
[www.clic-formation.net/etape-13.html]
[www.clic-formation.net/etape-12-memory-facile.html]
[www.clic-formation.net/manipulation-souris-niveau-1.html]
[www.clic-formation.net/etape-1-trait-simple-bleu.html]
[www.clic-formation.net/component/search/index8c37.html]
[www.clic-formation.net/etape-2-caricature-ton-voisin.html]
[www.clic-formation.net/etape-3-mosaiques.html]
[www.clic-formation.net/etape-4-paysages.html]
[www.clic-formation.net/etape-5-formes.html]
[www.clic-formation.net/etape-6-maisons-et-paysages.html]
[www.clic-formation.net/etape-7-le-pigouin.html]
[www.clic-formation.net/etape-8-loie.html]
[www.clic-formation.net/etape-9-la-sorciere.html]
[www.clic-formation.net/etape-12-clic-precis.html]
[www.clic-formation.net/etape-13-clic-rapide.html]
[www.clic-formation.net/manipulation-souris-niveau-2.html]
[www.clic-formation.net/etape-1-trait-simple-rouge.html]
[www.clic-formation.net/component/search/indexe4fc.html]
[www.clic-formation.net/etape-2-animation-interactive.html]
[www.clic-formation.net/etape-3-didapage-entrainement-menu-deroulant.html]
[www.clic-formation.net/etape-4-animation-interactive-cliquer-glisser.html]
[www.clic-formation.net/etape-5-animation-interactive-selection-clic.html]
[www.clic-formation.net/etape-6-animation-interactive-materiel-informatique.html]
[www.clic-formation.net/etape-7-labyrinthe-facile.html]
[www.clic-formation.net/etape-8-labyrinthe-difficile.html]
[www.clic-formation.net/etape-9-la-bonne-heure.html]
[www.clic-formation.net/etape-10-legumes.html]
[www.clic-formation.net/etape-11-pendu.html]
[www.clic-formation.net/manipulation-souris-niveau-3.html]
[www.clic-formation.net/modules/mod_accordeonmenuck/themes/default/cssf6f2.css]
[www.clic-formation.net/component/search/index3cee.html]
[www.clic-formation.net/etape-1-jeux-de-touche.html]
[www.clic-formation.net/etape-2-decouverte-du-clavier.html]
[www.clic-formation.net/etape-3-les-caracteres.html]
[www.clic-formation.net/etape-4-petit-challenge.html]
[www.clic-formation.net/etape-5-les-mots-en-br-cr.html]
[www.clic-formation.net/etape-6-encore-des-mots.html]
[www.clic-formation.net/etape-7-accents.html]
[www.clic-formation.net/manipulation-clavier-niveau-1.html]
[www.clic-formation.net/etape-1.html]
[www.clic-formation.net/component/search/index1853.html]
[www.clic-formation.net/etape-2-rappel-clavier.html]
[www.clic-formation.net/etape-3-ecrire-les-mots.html]
[www.clic-formation.net/etape-4-texte-a-trous.html]
[www.clic-formation.net/etape-5-mots-difficiles.html]
[www.clic-formation.net/etape-6-pluie-de-lettres.html]
[www.clic-formation.net/etape-7-petit-jeu.html]
[www.clic-formation.net/manipulation-clavier-niveau-2.html]
[www.clic-formation.net/etape-1-combinaison-de-touches.html]
[www.clic-formation.net/component/search/index5048.html]
[www.clic-formation.net/etape-2-raccourci-copier-coller.html]
[www.clic-formation.net/etape-3-les-touches.html]
[www.clic-formation.net/etape-4-les-phrases.html]
[www.clic-formation.net/etape-5-26-prenoms.html]
[www.clic-formation.net/etape-6-pluie-de-lettre.html]
[www.clic-formation.net/etape-7-pluie-de-lettres.html]
[www.clic-formation.net/manipulation-clavier-niveau-3.html]
[www.clic-formation.net/images/site/2025-inkscape-logo.svg]
[www.clic-formation.net/etape-02-parcours-vert-traitement-de-texte.html]
[www.clic-formation.net/component/search/indexe76e.html]
[www.clic-formation.net/etape-03-parcours-vert-traitement-de-texte.html]
[www.clic-formation.net/etape-04-parcours-vert-traitement-de-texte.html]
[www.clic-formation.net/etape-05-parcours-vert-traitement-de-texte.html]
[www.clic-formation.net/etape-06-parcours-vert-traitement-de-texte.html]
[www.clic-formation.net/etape-07-parcours-vert-traitement-de-texte.html]
[www.clic-formation.net/etape-08-parcours-vert-traitement-de-texte.html]
[www.clic-formation.net/etape-09-parcours-vert-traitement-de-texte.html]
[www.clic-formation.net/etape-10-parcours-vert-traitement-de-texte.html]
[www.clic-formation.net/etape-11-parcours-vert-traitement-de-texte.html]
[www.clic-formation.net/etape-12-parcours-vert-traitement-de-texte.html]
[www.clic-formation.net/etape-13-parcours-vert-traitement-de-texte.html]
[www.clic-formation.net/etape-14-parcours-vert-traitement-de-texte.html]
[www.clic-formation.net/etape-15-parcours-vert-traitement-de-texte.html]
[www.clic-formation.net/traitement-texte-initiation-niveau-1.html]
[www.clic-formation.net/etape-2-texte-bleu.html]
[www.clic-formation.net/component/search/index7862.html]
[www.clic-formation.net/etape-3-texte-bleu.html]
[www.clic-formation.net/etape-4-texte-bleu.html]
[www.clic-formation.net/etape-5-texte-bleu.html]
[www.clic-formation.net/etape-6-texte-bleu.html]
[www.clic-formation.net/etape-7-texte-bleu.html]
[www.clic-formation.net/etape-8-texte-bleu.html]
[www.clic-formation.net/etape-9-texte-bleu.html]
[www.clic-formation.net/etape-10-texte-bleu.html]
[www.clic-formation.net/etape-11-texte-bleu.html]
[www.clic-formation.net/etape-12-texte-bleu.html]
[www.clic-formation.net/etape-13-texte-bleu.html]
[www.clic-formation.net/etape-14-texte-bleu.html]
[www.clic-formation.net/etape-15-texte-bleu.html]
[www.clic-formation.net/etape-16-texte-bleu.html]
[www.clic-formation.net/traitement-texte-initiation-niveau-2.html]
[www.clic-formation.net/etape-2-texte-rouge.html]
[www.clic-formation.net/component/search/index09eb.html]
[www.clic-formation.net/etape-3-texte-rouge.html]
[www.clic-formation.net/etape-4-texte-rouge.html]
[www.clic-formation.net/etape-5-texte-rouge.html]
[www.clic-formation.net/etape-6-texte-rouge.html]
[www.clic-formation.net/etape-7-texte-rouge.html]
[www.clic-formation.net/etape-8-texte-rouge.html]
[www.clic-formation.net/etape-9-texte-rouge.html]
[www.clic-formation.net/etape-10-texte-rouge.html]
[www.clic-formation.net/etape-11-texte-rouge.html]
[www.clic-formation.net/etape-12-texte-rouge.html]
[www.clic-formation.net/traitement-texte-initiation-niveau-3.html]
[www.clic-formation.net/templates/clic/images/select-bg.svg]
[www.clic-formation.net/templates/clic/images/select-bg-rtl.svg]
[www.clic-formation.net/media/templates/site/cassiopeia/images/select-bg.svg]
[www.clic-formation.net/media/plg_system_imageeffectck/img/triangle.html]
[www.clic-formation.net/media/plg_system_imageeffectck/img/triangle2.html]
[www.clic-formation.net/media/tabsaccordions/css/style.minea31.css]
[www.clic-formation.net/media/tabsaccordions/css/theme-neutral.minea31.css]
[www.clic-formation.net/modules/mod_accordeonmenuck/themes/custom/css/accordeonck210.css]
[www.clic-formation.net/modules/mod_accordeonmenuck/themes/custom/css/accordeonck265.css]
[www.clic-formation.net/modules/mod_accordeonmenuck/themes/custom/css/accordeonck278.css]
[www.clic-formation.net/modules/mod_accordeonmenuck/themes/custom/css/accordeonck214.css]
[www.clic-formation.net/images/excel/01_interface_excel_fichiers/image002.jpg]
[www.clic-formation.net/component/search/index3e3f.html]
[www.clic-formation.net/images/excel/01_interface_excel_fichiers/image004.jpg]
[www.clic-formation.net/images/excel/01_interface_excel_fichiers/image006.jpg]
[www.clic-formation.net/images/excel/01_interface_excel_fichiers/image008.jpg]
[www.clic-formation.net/images/excel/01_interface_excel_fichiers/image009.gif]
[www.clic-formation.net/interface-excel/support.html]
[www.clic-formation.net/component/search/index779c.html]
[www.clic-formation.net/tableur/liste-exercices-par-tags/excel-prise-en-main.html]
[www.clic-formation.net/images/site/1.png]
[www.clic-formation.net/images/01-excel/excel-competence-01/ex-001/ex-001.jpg]
[www.clic-formation.net/images/01-excel/excel-competence-01/ex-002/ex-002.jpg]
[www.clic-formation.net/interface-excel/exercice-1.html]
[www.clic-formation.net/images/01-excel/excel-competence-03/ex-001/competence-02-ex-011.jpg]
[www.clic-formation.net/component/search/index1743.html]
[www.clic-formation.net/images/01-excel/excel-competence-03/ex-001/competence-02-ex-012.jpg]
[www.clic-formation.net/images/01-excel/excel-competence-03/ex-001/competence-02-ex-013.jpg]
[www.clic-formation.net/interface-excel/exercice-2.html]
[www.clic-formation.net/images/01-excel/excel-competence-10/ex-01/ex-telecharger.xlsx]
[www.clic-formation.net/images/01-excel/excel-competence-10/ex-01/figer-ligne.jpg]
[www.clic-formation.net/component/search/index6a9b.html]
[www.clic-formation.net/images/01-excel/excel-competence-10/ex-02/figer-colonne.jpg]
[www.clic-formation.net/images/01-excel/excel-competence-10/ex-03/fractionner.jpg]
[www.clic-formation.net/images/01-excel/excel-competence-10/ex-04/zoom-180.jpg]
[www.clic-formation.net/images/01-excel/excel-competence-10/ex-05/mode-mise-en-page.jpg]
[www.clic-formation.net/images/01-excel/excel-competence-10/ex-05/mode-saut-de-page.jpg]
[www.clic-formation.net/interface-excel/exercice-3.html]
[www.clic-formation.net/images/01-excel/excel-competence-10/ex-06/ex-006.xlsx]
[www.clic-formation.net/component/search/index9aa4.html]
[www.clic-formation.net/images/01-excel/excel-competence-10/ex-06/ex-006-solution.jpg]
[www.clic-formation.net/interface-excel/exercice-4.html]
[www.clic-formation.net/component/search/index4a83.html]
[www.clic-formation.net/images/excel/03_saisir_des_donnees_fichiers/image002.jpg]
[www.clic-formation.net/images/excel/03_saisir_des_donnees_fichiers/saisir.webp]
[www.clic-formation.net/images/excel/03_saisir_des_donnees_fichiers/image006.jpg]
[www.clic-formation.net/saisir-des-donnees/support.html]
[www.clic-formation.net/images/01-excel/excel-competence-02/ex-002/ex-002-02.gif]
[www.clic-formation.net/component/search/indexedf1.html]
[www.clic-formation.net/images/01-excel/excel-competence-02/ex-002/ex-002-01.gif]
[www.clic-formation.net/images/01-excel/excel-competence-02/ex-002/serie-3-signes.gif]
[www.clic-formation.net/images/01-excel/excel-competence-02/ex-002/ex-002-resultat.jpg]
[www.clic-formation.net/images/01-excel/excel-competence-02/ex-002/003-initiale.jpg]
[www.clic-formation.net/images/01-excel/excel-competence-02/ex-002/003-resultat.jpg]
[www.clic-formation.net/saisir-des-donnees/exercice-1.html]
[www.clic-formation.net/images/01-excel/excel-competence-03/ex-04/exo-04-resultat.jpg]
[www.clic-formation.net/saisir-des-donnees/exercice-2.html]
[www.clic-formation.net/component/search/index6ae6.html]
[www.clic-formation.net/component/search/index299a.html]
[www.clic-formation.net/images/01-excel/excel-competence-04/ex-003/ex-003.gif]
[www.clic-formation.net/saisir-des-donnees/exercice-3.html]
[www.clic-formation.net/component/search/index9f9f.html]
[www.clic-formation.net/images/excel/02_selectionner_la_cellule_fichiers/image002.jpg]
[www.clic-formation.net/images/excel/02_selectionner_la_cellule_fichiers/image004.jpg]
[www.clic-formation.net/images/excel/02_selectionner_la_cellule_fichiers/image006.jpg]
[www.clic-formation.net/images/excel/02_selectionner_la_cellule_fichiers/image008.jpg]
[www.clic-formation.net/selectionner-la-celulle/support.html]
[www.clic-formation.net/images/01-excel/excel-competence-03/ex-002/ex-02.jpg]
[www.clic-formation.net/selectionner-la-celulle/exercice-1.html]
[www.clic-formation.net/component/search/index0bd3.html]
[www.clic-formation.net/images/01-excel/excel-competence-03/ex-003/ex-03.jpg]
[www.clic-formation.net/selectionner-la-celulle/exercice-2.html]
[www.clic-formation.net/component/search/index9470.html]
[www.clic-formation.net/images/01-excel/excel-competence-02/ex-04/ex-04.jpg]
[www.clic-formation.net/selectionner-la-celulle/exercice-3.html]
[www.clic-formation.net/component/search/index42e0.html]
[www.clic-formation.net/images/01-excel/excel-competence-02/ex-04/ex-04-telecharger.xlsx]
[www.clic-formation.net/selectionner-la-celulle/exercice-4.html]
[www.clic-formation.net/component/search/indexfe9a.html]
[www.clic-formation.net/images/01-excel/excel-competence-03/ex-005/ex-005-selection-non-contigu.gif]
[www.clic-formation.net/selectionner-la-celulle/exercice-5.html]
[www.clic-formation.net/component/search/index9a19.html]
[www.clic-formation.net/images/excel/04_format_embelissement_fichiers/image012.jpg]
[www.clic-formation.net/component/search/index64c5.html]
[www.clic-formation.net/images/excel/04_format_embelissement_fichiers/image014.jpg]
[www.clic-formation.net/images/excel/04_format_embelissement_fichiers/image016.jpg]
[www.clic-formation.net/images/excel/04_format_embelissement_fichiers/image018.jpg]
[www.clic-formation.net/images/excel/07_format_cellule_fichiers/image008.jpg]
[www.clic-formation.net/format-embelissement/format-embelissement.html]
[www.clic-formation.net/images/01-excel/excel-competence-04/ex-001/exo-01.jpg]
[www.clic-formation.net/format-embelissement/format-embelissement-1.html]
[www.clic-formation.net/component/search/index484b.html]
[www.clic-formation.net/component/search/index0e9d.html]
[www.clic-formation.net/tableur/liste-exercices-par-tags/poignee-de-recopie.html]
[www.clic-formation.net/images/01-excel/excel-competence-04/ex-002/ex-002.webp]
[www.clic-formation.net/format-embelissement/format-embelissement-2.html]
[www.clic-formation.net/component/search/index0e8d.html]
[www.clic-formation.net/images/01-excel/excel-competence-04/ex-003/ex-003.xlsx]
[www.clic-formation.net/images/01-excel/excel-competence-04/ex-003/ex-003-2.gif]
[www.clic-formation.net/images/01-excel/excel-competence-04/ex-003/ex-003-3.gif]
[www.clic-formation.net/images/01-excel/excel-competence-04/ex-003/ex-003-4.gif]
[www.clic-formation.net/format-embelissement/format-embelissement-3.html]
[www.clic-formation.net/images/01-excel/excel-competence-04/ex-004/ex-004.xlsx]
[www.clic-formation.net/component/search/indexdd11.html]
[www.clic-formation.net/images/01-excel/excel-competence-04/ex-004/ex-004.jpg]
[www.clic-formation.net/format-embelissement/format-embelissement-4.html]
[www.clic-formation.net/images/01-excel/excel-competence-04/ex-005/ex-005.xlsx]
[www.clic-formation.net/component/search/indexdac8.html]
[www.clic-formation.net/images/01-excel/excel-competence-04/ex-005/ex-005.gif]
[www.clic-formation.net/images/01-excel/excel-competence-04/ex-005/ex-005-solution.gif]
[www.clic-formation.net/format-embelissement/format-embelissement-5.html]
[www.clic-formation.net/images/01-excel/excel-competence-04/ex-006/ex-006.xlsx]
[www.clic-formation.net/images/01-excel/excel-competence-04/ex-006/style-pesronnalise.webp]
[www.clic-formation.net/component/search/index6da7.html]
[www.clic-formation.net/images/01-excel/excel-competence-04/ex-006/ex-006.jpg]
[www.clic-formation.net/format-embelissement/format-embelissement-6.html]
[www.clic-formation.net/component/search/indexb05b.html]
[www.clic-formation.net/images/01-excel/excel-competence-04/ex-007/ex-004.jpg]
[www.clic-formation.net/images/01-excel/excel-competence-04/ex-007/ex-004-solution.jpg]
[www.clic-formation.net/format-embelissement/format-embelissement-7.html]
[www.clic-formation.net/images/01-excel/excel-competence-04/ex-008/ex-05.xlsx]
[www.clic-formation.net/component/search/indexe4a4.html]
[www.clic-formation.net/images/01-excel/excel-competence-04/ex-008/ex-1.gif]
[www.clic-formation.net/images/01-excel/excel-competence-04/ex-008/ex-2.gif]
[www.clic-formation.net/images/01-excel/excel-competence-04/ex-008/ex-3.gif]
[www.clic-formation.net/images/01-excel/excel-competence-04/ex-008/ex-4.gif]
[www.clic-formation.net/images/01-excel/excel-competence-04/ex-008/ex-5.gif]
[www.clic-formation.net/format-embelissement/format-embelissement-8.html]
[www.clic-formation.net/component/search/index145a.html]
[www.clic-formation.net/images/01-excel/excel-competence-04/ex-009/ex-009.xlsx]
[www.clic-formation.net/images/01-excel/excel-competence-04/ex-009/ex-009.webp]
[www.clic-formation.net/format-embelissement/format-embelissement-9.html]
[www.clic-formation.net/images/01-excel/excel-competence-08/support/images/insertion_image.png]
[www.clic-formation.net/component/search/index74fe.html]
[www.clic-formation.net/images/01-excel/excel-competence-08/support/images/image.jpg]
[www.clic-formation.net/images/01-excel/excel-competence-08/support/images/effet_artistique_photo.jpg]
[www.clic-formation.net/images/01-excel/excel-competence-08/support/images/cadre_image.jpg]
[www.clic-formation.net/images/01-excel/excel-competence-08/support/images/formes_predefinies.jpg]
[www.clic-formation.net/images/01-excel/excel-competence-08/support/images/personnalisation.png]
[www.clic-formation.net/images/01-excel/excel-competence-08/support/smart-art/insertion_smartart.png]
[www.clic-formation.net/images/01-excel/excel-competence-08/support/smart-art/style_smartart.jpg]
[www.clic-formation.net/images/01-excel/excel-competence-08/support/smart-art/textes.jpg]
[www.clic-formation.net/images/01-excel/excel-competence-08/support/smart-art/changer_dispositions.jpg]
[www.clic-formation.net/images/01-excel/excel-competence-08/support/smart-art/changer_couleurs.jpg]
[www.clic-formation.net/images/01-excel/excel-competence-08/support/smart-art/changer_style.jpg]
[www.clic-formation.net/images/01-excel/excel-competence-08/support/smart-art/personnaliser_smartart.jpg]
[www.clic-formation.net/images/01-excel/excel-competence-08/support/filigramme/filigramme.jpg]
[www.clic-formation.net/images/01-excel/excel-competence-08/support/en-tete/en-tete-01.jpg]
[www.clic-formation.net/images/01-excel/excel-competence-08/support/en-tete/en-tete-02.jpg]
[www.clic-formation.net/integrer-une-image/support.html]
[www.clic-formation.net/images/01-excel/excel-competence-08/support/en-tete/en-tete-03.jpg]
[www.clic-formation.net/component/search/index47a7.html]
[www.clic-formation.net/images/01-excel/excel-competence-08/ex-001/ex-01-telechargez.xlsx]
[www.clic-formation.net/images/01-excel/excel-competence-08/ex-001/drapeau-exo.zip]
[www.clic-formation.net/images/stories/icone-zip.png]
[www.clic-formation.net/images/01-excel/excel-competence-08/ex-001/ex-01.jpg]
[www.clic-formation.net/images/01-excel/excel-competence-08/ex-001/ex-01-resultat.jpg]
[www.clic-formation.net/integrer-une-image/exercice-1.html]
[www.clic-formation.net/images/01-excel/excel-competence-08/ex-002/images.zip]
[www.clic-formation.net/component/search/index14fc.html]
[www.clic-formation.net/images/01-excel/excel-competence-08/ex-002/ex-02-telechargez.xlsx]
[www.clic-formation.net/images/01-excel/excel-competence-08/ex-002/feuille-1-arriere-plan.webp]
[www.clic-formation.net/images/01-excel/excel-competence-08/ex-002/feuille-2-entete-1.webp]
[www.clic-formation.net/images/01-excel/excel-competence-08/ex-002/feuille-2-entete-3.webp]
[www.clic-formation.net/images/01-excel/excel-competence-08/ex-002/feuille-3-insertion-image.webp]
[www.clic-formation.net/images/01-excel/excel-competence-08/ex-002/smart-art.webp]
[www.clic-formation.net/images/01-excel/excel-competence-08/ex-002/resultat-01.jpg]
[www.clic-formation.net/images/01-excel/excel-competence-08/ex-002/resultat-02.jpg]
[www.clic-formation.net/images/01-excel/excel-competence-08/ex-002/resultat-03.jpg]
[www.clic-formation.net/images/01-excel/excel-competence-08/ex-002/resultat-04.jpg]
[www.clic-formation.net/integrer-une-image/exercice-2.html]
[www.clic-formation.net/images/01-excel/excel-competence-08/ex-003/images.zip]
[www.clic-formation.net/component/search/indexbff1.html]
[www.clic-formation.net/images/01-excel/excel-competence-08/ex-003/ex-03-resultat.jpg]
[www.clic-formation.net/integrer-une-image/exercice-3.html]
[www.clic-formation.net/images/01-excel/excel-competence-08/ex-004/ex-04.zip]
[www.clic-formation.net/component/search/index6bcd.html]
[www.clic-formation.net/images/01-excel/excel-competence-08/ex-004/smart-art-01.gif]
[www.clic-formation.net/images/01-excel/excel-competence-08/ex-004/ex-04-01.jpg]
[www.clic-formation.net/images/01-excel/excel-competence-08/ex-004/smart-art-02.gif]
[www.clic-formation.net/images/01-excel/excel-competence-08/ex-004/ex-04-02.jpg]
[www.clic-formation.net/images/01-excel/excel-competence-08/ex-004/ex-04-03.jpg]
[www.clic-formation.net/integrer-une-image/exercice-4.html]
[www.clic-formation.net/images/01-excel/excel-competence-08/ex-005/ex-005.xlsx]
[www.clic-formation.net/component/search/indexe5a3.html]
[www.clic-formation.net/images/01-excel/excel-competence-08/ex-005/ex-005.webp]
[www.clic-formation.net/images/01-excel/excel-competence-08/ex-005/ex-005-solution.webp]
[www.clic-formation.net/integrer-une-image/exercice-5.html]
[www.clic-formation.net/images/01-excel/excel-competence-08/ex-006/ex-006.xlsx]
[www.clic-formation.net/component/search/index5833.html]
[www.clic-formation.net/images/01-excel/excel-competence-08/ex-006/voitures.zip]
[www.clic-formation.net/images/01-excel/excel-competence-08/ex-006/ex-006.jpg]
[www.clic-formation.net/images/01-excel/excel-competence-08/ex-006/image-01.jpg]
[www.clic-formation.net/integrer-une-image/exercice-6.html]
[www.clic-formation.net/images/site/support.png]
[www.clic-formation.net/images/01-excel/excel-competence-06/support-poignee/image002.jpg]
[www.clic-formation.net/component/search/indexb304.html]
[www.clic-formation.net/images/01-excel/excel-competence-06/support-poignee/image004.jpg]
[www.clic-formation.net/images/01-excel/excel-competence-06/support-poignee/image006.jpg]
[www.clic-formation.net/images/01-excel/excel-competence-06/support-poignee/image008.jpg]
[www.clic-formation.net/poignee-de-recopie/support.html]
[www.clic-formation.net/images/01-excel/excel-competence-06/ex-001/ex-001.xlsx]
[www.clic-formation.net/component/search/index245a.html]
[www.clic-formation.net/images/01-excel/excel-competence-06/ex-001/ex-001.webp]
[www.clic-formation.net/images/01-excel/excel-competence-06/ex-001/ex-001-solution.webp]
[www.clic-formation.net/poignee-de-recopie/exercice-1-poignee-de-recopie.html]
[www.clic-formation.net/images/01-excel/excel-competence-06/ex-002/ex-002.gif]
[www.clic-formation.net/poignee-de-recopie/exercice-2-poignee-de-recopie.html]
[www.clic-formation.net/component/search/index207d.html]
[www.clic-formation.net/images/01-excel/excel-competence-06/ex-003/ex-003.webp]
[www.clic-formation.net/component/search/index23a0.html]
[www.clic-formation.net/poignee-de-recopie/exercice-3-poignee-de-recopie.html]
[www.clic-formation.net/images/01-excel/excel-competence-06/ex-003/ex-003-solution.webp]
[www.clic-formation.net/images/01-excel/excel-competence-06/ex-004/004.jpg]
[www.clic-formation.net/poignee-de-recopie/exercice-4-poignee-de-recopie.html]
[www.clic-formation.net/component/search/index9cef.html]
[www.clic-formation.net/images/01-excel/excel-competence-06/ex-005/ex-005-solution.jpg]
[www.clic-formation.net/poignee-de-recopie/exercice-5-poignee-de-recopie.html]
[www.clic-formation.net/component/search/index098d.html]
[www.clic-formation.net/images/01-excel/excel-competence-06/ex-006/ex-006.jpg]
[www.clic-formation.net/poignee-de-recopie/exercice-6-poignee-de-recopie.html]
[www.clic-formation.net/component/search/index6180.html]
[www.clic-formation.net/images/01-excel/excel-competence-06/ex-007/ex-007.xlsx]
[www.clic-formation.net/images/01-excel/excel-competence-06/ex-007/ex-007-enonce.gif]
[www.clic-formation.net/component/search/index5656.html]
[www.clic-formation.net/images/01-excel/excel-competence-06/ex-007/ex-007-resultat.gif]
[www.clic-formation.net/poignee-de-recopie/exercice-7-poigne-de-recopie.html]
[www.clic-formation.net/images/01-excel/excel-competence-06/ex-002/06-a-liste-perso.xlsx]
[www.clic-formation.net/component/search/indexe5db.html]
[www.clic-formation.net/images/01-excel/excel-competence-06/ex-008/tuto-liste-personnalisee.webp]
[www.clic-formation.net/images/01-excel/excel-competence-06/ex-008/ex02.gif]
[www.clic-formation.net/poignee-de-recopie/exercice-8-liste-personnalisable.html]
[www.clic-formation.net/images/stories/accueil_internet.png]
[www.clic-formation.net/component/search/index5394.html]
[www.clic-formation.net/images/01-excel/excel-competence-06/ex-009/ex-009.webp]
[www.clic-formation.net/images/01-excel/excel-competence-06/ex-009/ex-009-vue-excel.webp]
[www.clic-formation.net/images/01-excel/excel-competence-06/ex-009/ex-009-resultat.webp]
[www.clic-formation.net/poignee-de-recopie/exercice-9-liste-personnalisable.html]
[www.clic-formation.net/images/01-excel/excel-competence-06/ex-010/010-enonce.xlsx]
[www.clic-formation.net/component/search/index4ade.html]
[www.clic-formation.net/images/01-excel/excel-competence-06/ex-010/ex-010-enonce.gif]
[www.clic-formation.net/images/01-excel/excel-competence-06/ex-010/ex010-solution.gif]
[www.clic-formation.net/poignee-de-recopie/exercice-10-poignee-de-recopie.html]
[www.clic-formation.net/images/excel/09_operation_base_fichiers/tuto-addition.gif]
[www.clic-formation.net/images/01-excel/excel-competence-11/support/clavier-addition.jpg]
[www.clic-formation.net/component/search/index5414.html]
[www.clic-formation.net/images/01-excel/excel-competence-10/suppport/operation-01.jpg]
[www.clic-formation.net/images/01-excel/excel-competence-10/suppport/operation-02.jpg]
[www.clic-formation.net/images/01-excel/excel-competence-10/suppport/operation-03.jpg]
[www.clic-formation.net/addition/support.html]
[www.clic-formation.net/component/search/index59af.html]
[www.clic-formation.net/tableur/liste-exercices-par-tags/somme.html]
[www.clic-formation.net/images/01-excel/excel-competence-11/ex-001/ex-001.xlsx]
[www.clic-formation.net/images/01-excel/excel-competence-11/ex-001/ex-001.webp]
[www.clic-formation.net/images/01-excel/excel-competence-11/ex-001/ex-001-solution.webp]
[www.clic-formation.net/categories-telechargement/7-formations-informatiques/8-excel/ex-001-solutionfe6d.xlsx]
[www.clic-formation.net/addition/exercices-1-addition.html]
[www.clic-formation.net/images/01-excel/excel-competence-11/ex-002/ex-002.xlsx]
[www.clic-formation.net/component/search/index688b.html]
[www.clic-formation.net/images/01-excel/excel-competence-11/ex-002/ex-002.webp]
[www.clic-formation.net/images/01-excel/excel-competence-11/ex-002/ex-002-solution.webp]
[www.clic-formation.net/categories-telechargement/7-formations-informatiques/8-excel/ex-002-solutioncb4b.xlsx]
[www.clic-formation.net/addition/exercices-2-addition.html]
[www.clic-formation.net/component/search/index2c06.html]
[www.clic-formation.net/images/01-excel/excel-competence-11/ex-003/ex-003.xlsx]
[www.clic-formation.net/images/01-excel/excel-competence-11/ex-003/ex-003.gif]
[www.clic-formation.net/images/01-excel/excel-competence-11/ex-003/ex-003-solution.gif]
[www.clic-formation.net/categories-telechargement/7-formations-informatiques/8-excel/ex-003-solution84ad.xlsx]
[www.clic-formation.net/addition/exercices-3-addition.html]
[www.clic-formation.net/images/01-excel/excel-competence-11/ex-004/ex-004.xlsx]
[www.clic-formation.net/component/search/index2611.html]
[www.clic-formation.net/images/01-excel/excel-competence-11/ex-004/ex-004.webp]
[www.clic-formation.net/images/01-excel/excel-competence-11/ex-004/ex-004-solution.webp]
[www.clic-formation.net/categories-telechargement/7-formations-informatiques/8-excel/ex-004-solution171b.xlsx]
[www.clic-formation.net/addition/exercices-4-addition.html]
[www.clic-formation.net/images/01-excel/excel-competence-11/ex-005/ex-005.xlsx]
[www.clic-formation.net/component/search/index84e3.html]
[www.clic-formation.net/images/01-excel/excel-competence-11/ex-005/ex-05.jpg]
[www.clic-formation.net/images/01-excel/excel-competence-11/ex-005/ex-05-resultat.jpg]
[www.clic-formation.net/categories-telechargement/7-formations-informatiques/8-excel/ex-005-solution9c1e.xlsx]
[www.clic-formation.net/addition/exercices-5-addition.html]
[www.clic-formation.net/images/01-excel/excel-competence-11/ex-006/ex-006.xlsx]
[www.clic-formation.net/component/search/indexfa6d.html]
[www.clic-formation.net/images/01-excel/excel-competence-11/ex-006/ex-006.gif]
[www.clic-formation.net/images/01-excel/excel-competence-11/ex-006/ex-006-solution.jpg]
[www.clic-formation.net/categories-telechargement/7-formations-informatiques/8-excel/ex-006-solution94a3.xlsx]
[www.clic-formation.net/addition/exercices-6-addition.html]
[www.clic-formation.net/images/01-excel/excel-competence-11/ex-007/ex-007.xlsx]
[www.clic-formation.net/component/search/index7db8.html]
[www.clic-formation.net/images/01-excel/excel-competence-11/ex-007/ex-007.webp]
[www.clic-formation.net/images/01-excel/excel-competence-11/ex-007/ex-007-solution.webp]
[www.clic-formation.net/categories-telechargement/7-formations-informatiques/8-excel/ex-007-solutionf1b7.xlsx]
[www.clic-formation.net/addition/exercices-7-addition.html]
[www.clic-formation.net/component/search/index352e.html]
[www.clic-formation.net/tableur/liste-exercices-par-tags/transposer.html]
[www.clic-formation.net/images/01-excel/excel-competence-11/ex-008/ex-008.xlsx]
[www.clic-formation.net/images/01-excel/excel-competence-11/ex-008/ex-008.webp]
[www.clic-formation.net/images/01-excel/excel-competence-11/ex-008/ex-008-solution.webp]
[www.clic-formation.net/categories-telechargement/7-formations-informatiques/8-excel/ex-008-solutionfb05.xlsx]
[www.clic-formation.net/addition/exercices-8-addition.html]
[www.clic-formation.net/images/01-excel/excel-competence-11/ex-009/ex-009.xlsx]
[www.clic-formation.net/images/01-excel/excel-competence-11/ex-009/ex-009.webp]
[www.clic-formation.net/component/search/indexcd4c.html]
[www.clic-formation.net/images/01-excel/excel-competence-11/ex-009/ex-009-solution.webp]
[www.clic-formation.net/categories-telechargement/7-formations-informatiques/8-excel/ex-009-solutionf849.xlsx]
[www.clic-formation.net/addition/exercices-9-addition.html]
[www.clic-formation.net/images/01-excel/excel-competence-11/ex-010/ex-010.xlsx]
[www.clic-formation.net/component/search/index42f8.html]
[www.clic-formation.net/images/01-excel/excel-competence-11/ex-010/ex-010.webp]
[www.clic-formation.net/images/01-excel/excel-competence-11/ex-010/ex-010-solution.webp]
[www.clic-formation.net/categories-telechargement/7-formations-informatiques/8-excel/ex-010-solutionaa23.xlsx]
[www.clic-formation.net/addition/exercices-10-addition.html]
[www.clic-formation.net/images/01-excel/excel-competence-12/suppport/tuto-soustraction.gif]
[www.clic-formation.net/component/search/indexc115.html]
[www.clic-formation.net/images/01-excel/excel-competence-12/suppport/clavier-soustraction.jpg]
[www.clic-formation.net/soustraction/support.html]
[www.clic-formation.net/images/01-excel/excel-competence-12/ex-001/ex-001.xlsx]
[www.clic-formation.net/images/01-excel/excel-competence-12/ex-001/ex-001.webp]
[www.clic-formation.net/component/search/index8cb7.html]
[www.clic-formation.net/images/01-excel/excel-competence-12/ex-001/ex-001-solution.webp]
[www.clic-formation.net/categories-telechargement/7-formations-informatiques/8-excel/ex-001-solution84c3.xlsx]
[www.clic-formation.net/soustraction/exercice-1-soustraction.html]
[www.clic-formation.net/images/01-excel/excel-competence-12/ex-002/ex-002.xlsx]
[www.clic-formation.net/images/01-excel/excel-competence-12/ex-002/ex04.jpg]
[www.clic-formation.net/component/search/indexcc83.html]
[www.clic-formation.net/images/01-excel/excel-competence-12/ex-002/ex-102-02-resultat.jpg]
[www.clic-formation.net/categories-telechargement/7-formations-informatiques/8-excel/ex-002-solution1cdc.xlsx]
[www.clic-formation.net/soustraction/exercice-2-soustraction.html]
[www.clic-formation.net/images/01-excel/excel-competence-12/ex-003/ex-102-01-telecharger.xlsx]
[www.clic-formation.net/images/01-excel/excel-competence-12/ex-003/ex-102-01-enonce.jpg]
[www.clic-formation.net/component/search/indexd466.html]
[www.clic-formation.net/images/01-excel/excel-competence-12/ex-003/ex-102-01-resultat.jpg]
[www.clic-formation.net/categories-telechargement/7-formations-informatiques/8-excel/ex-0037287.xlsx]
[www.clic-formation.net/soustraction/exercice-3-soustraction.html]
[www.clic-formation.net/images/01-excel/excel-competence-12/ex-004/004.xlsx]
[www.clic-formation.net/component/search/index29df.html]
[www.clic-formation.net/images/01-excel/excel-competence-12/ex-004/ex-004-enonce.gif]
[www.clic-formation.net/images/01-excel/excel-competence-12/ex-004/ex-004-solution.jpg]
[www.clic-formation.net/categories-telechargement/7-formations-informatiques/8-excel/004-solution6fce.xlsx]
[www.clic-formation.net/soustraction/exercice-4-soustraction.html]
[www.clic-formation.net/component/search/indexfc2f.html]
[www.clic-formation.net/images/01-excel/excel-competence-12/ex-005/005.xlsx]
[www.clic-formation.net/images/01-excel/excel-competence-12/ex-005/ex-005-enonce.gif]
[www.clic-formation.net/images/01-excel/excel-competence-12/ex-005/ex-005.jpg]
[www.clic-formation.net/categories-telechargement/7-formations-informatiques/8-excel/005-solutionf8e2.xlsx]
[www.clic-formation.net/soustraction/exercice-5-soustraction.html]
[www.clic-formation.net/images/01-excel/excel-competence-12/ex-006/ex-006.xlsx]
[www.clic-formation.net/component/search/indexa010.html]
[www.clic-formation.net/images/01-excel/excel-competence-12/ex-006/ex-006-enonce.gif]
[www.clic-formation.net/images/01-excel/excel-competence-12/ex-006/ex-006.jpg]
[www.clic-formation.net/categories-telechargement/7-formations-informatiques/8-excel/ex-006-solution22b4.xlsx]
[www.clic-formation.net/soustraction/exercice-6-soustraction.html]
[www.clic-formation.net/images/01-excel/excel-competence-12/ex-007/ex-007.xlsx]
[www.clic-formation.net/component/search/index3dd4.html]
[www.clic-formation.net/images/01-excel/excel-competence-12/ex-007/ex-007.webp]
[www.clic-formation.net/images/01-excel/excel-competence-12/ex-007/ex-007-solution.webp]
[www.clic-formation.net/categories-telechargement/7-formations-informatiques/8-excel/ex-007-solutiond13b.xlsx]
[www.clic-formation.net/soustraction/exercice-7-soustraction.html]
[www.clic-formation.net/images/01-excel/excel-competence-12/ex-008/ex-008.webp]
[www.clic-formation.net/images/01-excel/excel-competence-12/ex-008/ex-008-solution.webp]
[www.clic-formation.net/component/search/index8e4d.html]
[www.clic-formation.net/categories-telechargement/7-formations-informatiques/8-excel/ex-008-solution0c42.xlsx]
[www.clic-formation.net/soustraction/exercice-8-soustraction.html]
[www.clic-formation.net/images/01-excel/excel-competence-14/support/tuto-multiplication.gif]
[www.clic-formation.net/component/search/indexace1.html]
[www.clic-formation.net/images/01-excel/excel-competence-14/support/clavier-multiplie.jpg]
[www.clic-formation.net/multiplication/support.html]
[www.clic-formation.net/images/01-excel/excel-competence-14/ex-001/ex-001.xlsx]
[www.clic-formation.net/component/search/index80f3.html]
[www.clic-formation.net/images/01-excel/excel-competence-14/ex-001/ex-001-enonce.gif]
[www.clic-formation.net/images/01-excel/excel-competence-14/ex-001/ex-001-solution.gif]
[www.clic-formation.net/categories-telechargement/7-formations-informatiques/8-excel/ex-001-solution0d45.xlsx]
[www.clic-formation.net/multiplication/exercice-1-multiplication.html]
[www.clic-formation.net/images/01-excel/excel-competence-14/ex-002/ex-002.xlsx]
[www.clic-formation.net/component/search/indexf6e0.html]
[www.clic-formation.net/images/01-excel/excel-competence-14/ex-002/ex-002-enonce.gif]
[www.clic-formation.net/images/01-excel/excel-competence-14/ex-002/ex-002-solution.gif]
[www.clic-formation.net/categories-telechargement/7-formations-informatiques/8-excel/ex-002-solutionc87b.xlsx]
[www.clic-formation.net/multiplication/exercice-2-multiplication.html]
[www.clic-formation.net/images/01-excel/excel-competence-14/ex-003/003.xlsx]
[www.clic-formation.net/component/search/index6a98.html]
[www.clic-formation.net/images/01-excel/excel-competence-14/ex-003/ex-003-enonce.gif]
[www.clic-formation.net/images/01-excel/excel-competence-14/ex-003/ex-003-solution.jpg]
[www.clic-formation.net/categories-telechargement/7-formations-informatiques/8-excel/ex-003-solution4801.xlsx]
[www.clic-formation.net/multiplication/exercice-3-multiplication.html]
[www.clic-formation.net/images/01-excel/excel-competence-14/ex-004/ex-004.xlsx]
[www.clic-formation.net/component/search/index6cf8.html]
[www.clic-formation.net/images/01-excel/excel-competence-14/ex-004/ex-004-enonce.gif]
[www.clic-formation.net/images/01-excel/excel-competence-14/ex-004/ex-004-solution.jpg]
[www.clic-formation.net/categories-telechargement/7-formations-informatiques/8-excel/ex-004-solution95c8.xlsx]
[www.clic-formation.net/multiplication/exercice-4-multiplication.html]
[www.clic-formation.net/images/01-excel/excel-competence-14/ex-005/ex-005.xlsx]
[www.clic-formation.net/component/search/indexb280.html]
[www.clic-formation.net/images/01-excel/excel-competence-14/ex-005/ex-005-enonce.gif]
[www.clic-formation.net/images/01-excel/excel-competence-14/ex-005/ex-005-solution.jpg]
[www.clic-formation.net/categories-telechargement/7-formations-informatiques/8-excel/ex-005-solution4194.xlsx]
[www.clic-formation.net/multiplication/exercice-5-multiplication.html]
[www.clic-formation.net/images/01-excel/excel-competence-14/ex-006/ex-006.xlsx]
[www.clic-formation.net/component/search/indexe170.html]
[www.clic-formation.net/index0e28.html]
[www.clic-formation.net/images/01-excel/excel-competence-14/ex-006/ex-006-solution.jpg]
[www.clic-formation.net/images/01-excel/excel-competence-14/ex-006/ex-006-enonce.gif]
[www.clic-formation.net/categories-telechargement/7-formations-informatiques/8-excel/ex-006-solution8a1d.xlsx]
[www.clic-formation.net/multiplication/exercice-6-multiplication.html]
[www.clic-formation.net/component/search/indexaa58.html]
[www.clic-formation.net/tableur/liste-exercices-par-tags/format-cellule.html]
[www.clic-formation.net/images/01-excel/excel-competence-14/ex-007/ex-007.xlsx]
[www.clic-formation.net/index76e1.html]
[www.clic-formation.net/images/01-excel/excel-competence-14/ex-007/ex-007-enonce.gif]
[www.clic-formation.net/images/01-excel/excel-competence-14/ex-007/ex-007-solution.jpg]
[www.clic-formation.net/categories-telechargement/7-formations-informatiques/8-excel/ex-007-solution1665.xlsx]
[www.clic-formation.net/multiplication/exercice-7-multiplication.html]
[www.clic-formation.net/images/01-excel/excel-competence-13/support/tuto-division.gif]
[www.clic-formation.net/component/search/index19e6.html]
[www.clic-formation.net/images/01-excel/excel-competence-13/support/clavier-division.jpg]
[www.clic-formation.net/division/support.html]
[www.clic-formation.net/images/01-excel/excel-competence-13/ex-001/ex-001-telecharger.xlsx]
[www.clic-formation.net/component/search/indexa81e.html]
[www.clic-formation.net/images/01-excel/excel-competence-13/ex-001/ex-001.jpg]
[www.clic-formation.net/images/01-excel/excel-competence-13/ex-001/ex-001-solution.jpg]
[www.clic-formation.net/categories-telechargement/7-formations-informatiques/8-excel/ex-001-solutiona2a9.xlsx]
[www.clic-formation.net/division/exercice-1-division.html]
[www.clic-formation.net/images/01-excel/excel-competence-13/ex-002/ex-002-telecharger.xlsx]
[www.clic-formation.net/component/search/index0c2e.html]
[www.clic-formation.net/images/01-excel/excel-competence-13/ex-002/ex-002.xlsx]
[www.clic-formation.net/images/01-excel/excel-competence-13/ex-002/ex-002.jpg]
[www.clic-formation.net/images/01-excel/excel-competence-13/ex-002/ex-002-solution.jpg]
[www.clic-formation.net/categories-telechargement/7-formations-informatiques/8-excel/ex-002-solution8d2c.xlsx]
[www.clic-formation.net/division/exercice-2-division.html]
[www.clic-formation.net/component/search/index2df5.html]
[www.clic-formation.net/images/01-excel/excel-competence-13/ex-003/ex-003.xlsx]
[www.clic-formation.net/images/01-excel/excel-competence-13/ex-003/ex-003.jpg]
[www.clic-formation.net/images/01-excel/excel-competence-13/ex-003/ex-003-soluce.jpg]
[www.clic-formation.net/categories-telechargement/7-formations-informatiques/8-excel/ex-004-solution218c.xlsx]
[www.clic-formation.net/division/exercice-3-division.html]
[www.clic-formation.net/images/01-excel/excel-competence-13/ex-004/ex-004.xlsx]
[www.clic-formation.net/component/search/index76bf.html]
[www.clic-formation.net/images/01-excel/excel-competence-13/ex-004/ex-004.jpg]
[www.clic-formation.net/images/01-excel/excel-competence-13/ex-004/ex-004-solution.jpg]
[www.clic-formation.net/categories-telechargement/7-formations-informatiques/8-excel/ex-003-solution2efb.xlsx]
[www.clic-formation.net/division/exercice-4-division.html]
[www.clic-formation.net/images/01-excel/excel-competence-13/ex-005/ex-005.xlsx]
[www.clic-formation.net/component/search/indexe62e.html]
[www.clic-formation.net/images/01-excel/excel-competence-13/ex-005/09-j.jpg]
[www.clic-formation.net/images/01-excel/excel-competence-13/ex-005/09-j-resultat.jpg]
[www.clic-formation.net/categories-telechargement/7-formations-informatiques/8-excel/ex-00563aa.xlsx]
[www.clic-formation.net/division/exercice-5-division.html]
[www.clic-formation.net/images/01-excel/excel-competence-13/ex-006/ex-006.xlsx]
[www.clic-formation.net/component/search/index5a3a.html]
[www.clic-formation.net/images/01-excel/excel-competence-13/ex-006/09-i.jpg]
[www.clic-formation.net/images/01-excel/excel-competence-13/ex-006/09-i-solution.jpg]
[www.clic-formation.net/categories-telechargement/7-formations-informatiques/8-excel/ex-006ca80.xlsx]
[www.clic-formation.net/division/exercice-6-division.html]
[www.clic-formation.net/images/01-excel/excel-competence-13/ex-007/ex-007.xlsx]
[www.clic-formation.net/component/search/index71f8.html]
[www.clic-formation.net/images/01-excel/excel-competence-13/ex-007/ex-007.gif]
[www.clic-formation.net/images/01-excel/excel-competence-13/ex-007/ex-007-solution.gif]
[www.clic-formation.net/categories-telechargement/7-formations-informatiques/8-excel/ex-007-solutiona974.xlsx]
[www.clic-formation.net/division/exercice-7-division.html]
[www.clic-formation.net/component/search/index6aac.html]
[www.clic-formation.net/images/01-excel/excel-competence-13/ex-008/ex-008.xlsx]
[www.clic-formation.net/images/01-excel/excel-competence-13/ex-008/ex-008.webp]
[www.clic-formation.net/images/01-excel/excel-competence-13/ex-008/ex-008-solution.webp]
[www.clic-formation.net/categories-telechargement/7-formations-informatiques/8-excel/ex-008-solution6ee6.xlsx]
[www.clic-formation.net/division/exercice-8-division.html]
[www.clic-formation.net/images/01-excel/excel-competence-13/ex-009/ex-009.xlsx]
[www.clic-formation.net/component/search/indexef06.html]
[www.clic-formation.net/images/01-excel/excel-competence-13/ex-009/ex-009.webp]
[www.clic-formation.net/images/01-excel/excel-competence-13/ex-009/ex-009-solution.webp]
[www.clic-formation.net/categories-telechargement/7-formations-informatiques/8-excel/ex-009-solution36d8.xlsx]
[www.clic-formation.net/division/exercice-9-division.html]
[www.clic-formation.net/images/01-excel/excel-competence-11/support/tuto-pourcentage.gif]
[www.clic-formation.net/component/search/index6d2b.html]
[www.clic-formation.net/images/01-excel/excel-competence-11/support/tuto-pourcentage-3.gif]
[www.clic-formation.net/images/01-excel/excel-competence-11/support/tuto-pourcentage-2.gif]
[www.clic-formation.net/pourcentage/support.html]
[www.clic-formation.net/images/01-excel/excel-competence-15/ex-001/ex-001-telecharger.xlsx]
[www.clic-formation.net/component/search/index3586.html]
[www.clic-formation.net/images/01-excel/excel-competence-15/ex-001/ex-10.gif]
[www.clic-formation.net/images/01-excel/excel-competence-15/ex-001/ex-10-soluce.jpg]
[www.clic-formation.net/categories-telechargement/7-formations-informatiques/8-excel/ex-001-solutionf08b.xlsx]
[www.clic-formation.net/pourcentage/exercice-1-pourcentage.html]
[www.clic-formation.net/images/01-excel/excel-competence-15/ex-002/ex-002.xlsx]
[www.clic-formation.net/component/search/index9291.html]
[www.clic-formation.net/images/01-excel/excel-competence-15/ex-002/ex-09.jpg]
[www.clic-formation.net/images/01-excel/excel-competence-15/ex-002/ex-09-soluce.jpg]
[www.clic-formation.net/categories-telechargement/7-formations-informatiques/8-excel/ex-002-solution3992.xlsx]
[www.clic-formation.net/pourcentage/exercice-2-pourcentage.html]
[www.clic-formation.net/images/01-excel/excel-competence-15/ex-003/ex-003.xlsx]
[www.clic-formation.net/component/search/index2a7a.html]
[www.clic-formation.net/images/01-excel/excel-competence-15/ex-003/ex-003-enonce.gif]
[www.clic-formation.net/images/01-excel/excel-competence-15/ex-003/003-solution.jpg]
[www.clic-formation.net/categories-telechargement/7-formations-informatiques/8-excel/ex-003-solution1604.xlsx]
[www.clic-formation.net/pourcentage/exercice-3-pourcentage.html]
[www.clic-formation.net/images/01-excel/excel-competence-15/ex-004/ex-004.xlsx]
[www.clic-formation.net/component/search/index3b0f.html]
[www.clic-formation.net/images/01-excel/excel-competence-15/ex-004/ex-004-enonce.gif]
[www.clic-formation.net/images/01-excel/excel-competence-15/ex-004/004-solution.jpg]
[www.clic-formation.net/categories-telechargement/7-formations-informatiques/8-excel/ex-004-solutionbf57.xlsx]
[www.clic-formation.net/pourcentage/exercice-4-pourcentage.html]
[www.clic-formation.net/images/01-excel/excel-competence-15/ex-005/ex-005.xlsx]
[www.clic-formation.net/component/search/index63b2.html]
[www.clic-formation.net/images/01-excel/excel-competence-15/ex-005/ex-005.gif]
[www.clic-formation.net/images/01-excel/excel-competence-15/ex-005/ex-005.jpg]
[www.clic-formation.net/categories-telechargement/7-formations-informatiques/8-excel/ex-005-solutiond9fe.xlsx]
[www.clic-formation.net/pourcentage/exercice-5-pourcentage.html]
[www.clic-formation.net/images/01-excel/excel-competence-15/ex-006/ex-006.xlsx]
[www.clic-formation.net/component/search/index7734.html]
[www.clic-formation.net/images/01-excel/excel-competence-15/ex-006/ex-006.gif]
[www.clic-formation.net/images/01-excel/excel-competence-15/ex-006/ex-006.jpg]
[www.clic-formation.net/categories-telechargement/7-formations-informatiques/8-excel/ex-006-solution3310.xlsx]
[www.clic-formation.net/pourcentage/exercice-6-pourcentage.html]
[www.clic-formation.net/images/01-excel/excel-competence-15/ex-007/ex-007-solution.webp]
[www.clic-formation.net/pourcentage/exercice-7-pourcentage.html]
[www.clic-formation.net/component/search/index35ac.html]
[www.clic-formation.net/images/01-excel/excel-competence-15/ex-008/ex-008.webp]
[www.clic-formation.net/pourcentage/exercice-8-pourcentage.html]
[www.clic-formation.net/component/search/indexc9ef.html]
[www.clic-formation.net/images/01-excel/excel-competence-14/support/image016.gif]
[www.clic-formation.net/component/search/index51a5.html]
[www.clic-formation.net/images/01-excel/excel-competence-14/support/image017.jpg]
[www.clic-formation.net/images/01-excel/excel-competence-14/support/image018.jpg]
[www.clic-formation.net/images/01-excel/excel-competence-14/support/image019.jpg]
[www.clic-formation.net/images/01-excel/excel-competence-14/support/image009.png]
[www.clic-formation.net/images/01-excel/excel-competence-14/support/image021.gif]
[www.clic-formation.net/images/01-excel/excel-competence-14/support/image014.png]
[www.clic-formation.net/graphiques1/support.html]
[www.clic-formation.net/images/01-excel/excel-competence-19/ex-01/13-01.jpg]
[www.clic-formation.net/component/search/index204f.html]
[www.clic-formation.net/images/01-excel/excel-competence-19/ex-01/13-05-a.jpg]
[www.clic-formation.net/images/01-excel/excel-competence-19/ex-01/13-05-b.jpg]
[www.clic-formation.net/images/01-excel/excel-competence-19/ex-01/13-05-c.jpg]
[www.clic-formation.net/images/01-excel/excel-competence-19/ex-01/13-05-d.jpg]
[www.clic-formation.net/categories-telechargement/7-formations-informatiques/8-excel/ex-019699.xlsx]
[www.clic-formation.net/graphiques1/exercice-1-graphiques-1.html]
[www.clic-formation.net/images/01-excel/excel-competence-19/ex-02/ex-002.xlsx]
[www.clic-formation.net/component/search/indexbf54.html]
[www.clic-formation.net/images/01-excel/excel-competence-19/ex-02/tuto.gif]
[www.clic-formation.net/images/01-excel/excel-competence-19/ex-02/13-b-3.jpg]
[www.clic-formation.net/images/01-excel/excel-competence-19/ex-02/01-electricite.gif]
[www.clic-formation.net/images/01-excel/excel-competence-19/ex-02/02-electricite.gif]
[www.clic-formation.net/images/01-excel/excel-competence-19/ex-02/tuto-2.gif]
[www.clic-formation.net/images/01-excel/excel-competence-19/ex-02/03-ventes-enonce.gif]
[www.clic-formation.net/images/01-excel/excel-competence-19/ex-02/03-ventes.gif]
[www.clic-formation.net/images/01-excel/excel-competence-19/ex-02/04-charges-enonce.gif]
[www.clic-formation.net/images/01-excel/excel-competence-19/ex-02/04-charges.gif]
[www.clic-formation.net/images/01-excel/excel-competence-19/ex-02/05-chiffres-enonce.gif]
[www.clic-formation.net/images/01-excel/excel-competence-19/ex-02/05-chiffres.gif]
[www.clic-formation.net/categories-telechargement/7-formations-informatiques/8-excel/31-competences-19.html]
[www.clic-formation.net/graphiques1/exercice-2-graphique.html]
[www.clic-formation.net/component/search/index63ff.html]
[www.clic-formation.net/images/01-excel/excel-competence-19/ex-03/ex-03-telecharger.xlsx]
[www.clic-formation.net/images/01-excel/excel-competence-19/ex-03/support-cas-01.gif]
[www.clic-formation.net/images/01-excel/excel-competence-19/ex-03/ex-003-01.gif]
[www.clic-formation.net/images/01-excel/excel-competence-19/ex-03/resultat-01.gif]
[www.clic-formation.net/images/01-excel/excel-competence-19/ex-03/support-01.gif]
[www.clic-formation.net/images/01-excel/excel-competence-19/ex-03/support-02.gif]
[www.clic-formation.net/images/01-excel/excel-competence-19/ex-03/ex-003-02.gif]
[www.clic-formation.net/images/01-excel/excel-competence-19/ex-03/resultat-02.gif]
[www.clic-formation.net/images/01-excel/excel-competence-19/ex-03/resultat-03.gif]
[www.clic-formation.net/categories-telechargement/7-formations-informatiques/8-excel/ex-03632a.xlsx]
[www.clic-formation.net/graphiques1/exercice-3-graphique.html]
[www.clic-formation.net/images/01-excel/excel-competence-19/ex-04/ex-04.xlsx]
[www.clic-formation.net/component/search/index0e51.html]
[www.clic-formation.net/images/01-excel/excel-competence-19/ex-04/exo-02/ex-004-avec-calculs.xlsx]
[www.clic-formation.net/images/01-excel/excel-competence-19/ex-04/13-05.jpg]
[www.clic-formation.net/images/01-excel/excel-competence-19/ex-04/13-05-solution2.jpg]
[www.clic-formation.net/images/01-excel/excel-competence-19/ex-04/13-05-solution1.jpg]
[www.clic-formation.net/images/01-excel/excel-competence-19/ex-04/exo-02/ex-004.xlsx]
[www.clic-formation.net/images/01-excel/excel-competence-19/ex-04/exo-02/ex-004.gif]
[www.clic-formation.net/images/01-excel/excel-competence-19/ex-04/exo-02/ex-004-01.gif]
[www.clic-formation.net/images/01-excel/excel-competence-19/ex-04/exo-02/ex-004-02.gif]
[www.clic-formation.net/images/01-excel/excel-competence-19/ex-04/exo-02/ex-004-03.gif]
[www.clic-formation.net/categories-telechargement/7-formations-informatiques/8-excel/ex-04b540.xlsx]
[www.clic-formation.net/graphiques1/exercice-4-graphique.html]
[www.clic-formation.net/images/01-excel/excel-competence-19/ex-05/ex-05-telecharger.xlsx]
[www.clic-formation.net/component/search/indexaf74.html]
[www.clic-formation.net/images/01-excel/excel-competence-19/ex-05/ex-05-01.jpg]
[www.clic-formation.net/images/01-excel/excel-competence-19/ex-05/ex-05-02.jpg]
[www.clic-formation.net/images/01-excel/excel-competence-19/ex-05/ex-05-03.jpg]
[www.clic-formation.net/categories-telechargement/7-formations-informatiques/8-excel/ex-05b7ac.xlsx]
[www.clic-formation.net/graphiques1/exercice-5-graphique.html]
[www.clic-formation.net/images/01-excel/excel-competence-19/ex-06/ex-06.jpg]
[www.clic-formation.net/component/search/indexe3ae.html]
[www.clic-formation.net/images/01-excel/excel-competence-19/ex-06/ex-06-01.jpg]
[www.clic-formation.net/images/01-excel/excel-competence-19/ex-06/ex-06-02.jpg]
[www.clic-formation.net/categories-telechargement/7-formations-informatiques/8-excel/ex-0673b8.xlsx]
[www.clic-formation.net/graphiques1/exercice-6-graphique-excel.html]
[www.clic-formation.net/images/01-excel/excel-competence-19/ex-07/ex-007-enonce.xlsx]
[www.clic-formation.net/component/search/index0a49.html]
[www.clic-formation.net/images/01-excel/excel-competence-19/ex-07/ex-007.jpg]
[www.clic-formation.net/categories-telechargement/7-formations-informatiques/8-excel/ex-0730d6.xlsx]
[www.clic-formation.net/graphiques1/exercice-7-graphique-excel.html]
[www.clic-formation.net/images/01-excel/excel-competence-19/ex-08/ex-08.xlsx]
[www.clic-formation.net/component/search/index81a8.html]
[www.clic-formation.net/images/01-excel/excel-competence-19/ex-08/ex-008.jpg]
[www.clic-formation.net/categories-telechargement/7-formations-informatiques/8-excel/ex-080d21.xlsx]
[www.clic-formation.net/graphiques1/exercice-8-graphique-excel.html]
[www.clic-formation.net/images/01-excel/excel-competence-19/ex-09/ex-009.xlsx]
[www.clic-formation.net/component/search/index6207.html]
[www.clic-formation.net/images/01-excel/excel-competence-19/ex-09/tuto01.gif]
[www.clic-formation.net/images/01-excel/excel-competence-19/ex-09/tuto02.gif]
[www.clic-formation.net/images/01-excel/excel-competence-19/ex-09/tuto03.gif]
[www.clic-formation.net/images/01-excel/excel-competence-19/ex-09/tuto04.gif]
[www.clic-formation.net/images/01-excel/excel-competence-19/ex-09/tuto05.gif]
[www.clic-formation.net/images/01-excel/excel-competence-19/ex-09/tuto06.gif]
[www.clic-formation.net/images/01-excel/excel-competence-19/ex-09/tuto07.gif]
[www.clic-formation.net/images/01-excel/excel-competence-19/ex-09/tuto08.gif]
[www.clic-formation.net/images/01-excel/excel-competence-19/ex-09/resultat.gif]
[www.clic-formation.net/categories-telechargement/7-formations-informatiques/8-excel/ex-009867b.xlsx]
[www.clic-formation.net/graphiques1/exercice-9-graphique-excel.html]
[www.clic-formation.net/component/search/index5fe8.html]
[www.clic-formation.net/images/01-excel/excel-competence-19/ex-10/ex-010.xlsx]
[www.clic-formation.net/images/01-excel/excel-competence-19/ex-10/ex-010.gif]
[www.clic-formation.net/images/01-excel/excel-competence-19/ex-10/ex-010-solution.gif]
[www.clic-formation.net/categories-telechargement/7-formations-informatiques/8-excel/ex-010-solutionfe7c.xlsx]
[www.clic-formation.net/graphiques1/exercice-10-graphique-excel.html]
[www.clic-formation.net/images/01-excel/excel-competence-19/support/sparkline.webp]
[www.clic-formation.net/graphiques1/support-sparklines.html]
[www.clic-formation.net/component/search/indexef2d.html]
[www.clic-formation.net/images/01-excel/excel-competence-19/sparkline/ex-001/ex-001.xlsx]
[www.clic-formation.net/component/search/index95d0.html]
[www.clic-formation.net/images/01-excel/excel-competence-19/sparkline/ex-001/ex-001.webp]
[www.clic-formation.net/images/01-excel/excel-competence-19/sparkline/ex-001/ex-001-solution.webp]
[www.clic-formation.net/categories-telechargement/7-formations-informatiques/8-excel/ex-011-solution3f3d.xlsx]
[www.clic-formation.net/graphiques1/exercice-1-sparkline.html]
[www.clic-formation.net/images/01-excel/excel-competence-09/support/ex-07-support-impression.jpg]
[www.clic-formation.net/component/search/indexdf73.html]
[www.clic-formation.net/images/01-excel/excel-competence-07/support/number_1.png]
[www.clic-formation.net/images/01-excel/excel-competence-07/support/number_2.png]
[www.clic-formation.net/images/01-excel/excel-competence-07/support/number_3.png]
[www.clic-formation.net/images/01-excel/excel-competence-07/support/number_4.png]
[www.clic-formation.net/images/01-excel/excel-competence-07/support/number_5.png]
[www.clic-formation.net/impression/support.html]
[www.clic-formation.net/images/01-excel/excel-competence-09/ex-001/ex-001.xlsx]
[www.clic-formation.net/component/search/index3bb2.html]
[www.clic-formation.net/images/01-excel/excel-competence-09/ex-001/ex-001.jpg]
[www.clic-formation.net/categories-telechargement/7-formations-informatiques/8-excel/ex-001-solutionfbfa.xlsx]
[www.clic-formation.net/impression/exercice-1-impression-classeur-excel.html]
[www.clic-formation.net/images/01-excel/excel-competence-09/ex-002/ex-002.xlsx]
[www.clic-formation.net/component/search/index465f.html]
[www.clic-formation.net/images/01-excel/excel-competence-09/ex-002/ex-002.jpg]
[www.clic-formation.net/categories-telechargement/7-formations-informatiques/8-excel/ex-002-solutioncff4.xlsx]
[www.clic-formation.net/impression/exercice-2-impression-classeur-excel.html]
[www.clic-formation.net/images/01-excel/excel-competence-09/ex-003/ex-003.xlsx]
[www.clic-formation.net/component/search/indexc1af.html]
[www.clic-formation.net/images/01-excel/excel-competence-09/ex-003/ex-003.jpg]
[www.clic-formation.net/categories-telechargement/7-formations-informatiques/8-excel/ex-003-solution95e6.xlsx]
[www.clic-formation.net/impression/exercice-3-impression-classeur-excel.html]
[www.clic-formation.net/images/01-excel/excel-competence-09/ex-004/ex-004.xlsx]
[www.clic-formation.net/component/search/indexcaf0.html]
[www.clic-formation.net/images/01-excel/excel-competence-09/ex-004/ex-004.jpg]
[www.clic-formation.net/categories-telechargement/7-formations-informatiques/8-excel/ex-004-solution634e.xlsx]
[www.clic-formation.net/impression/exercice-4-impression-classeur-excel.html]
[www.clic-formation.net/images/01-excel/excel-competence-09/ex-005/ex-005.xlsx]
[www.clic-formation.net/images/01-excel/excel-competence-09/ex-005/ex005.jpg]
[www.clic-formation.net/component/search/index3a78.html]
[www.clic-formation.net/categories-telechargement/7-formations-informatiques/8-excel/ex-005-solution998b.xlsx]
[www.clic-formation.net/impression/exercice-5-impression-classeur-excel.html]
[www.clic-formation.net/images/01-excel/excel-competence-09/ex-006/ex-006.xlsx]
[www.clic-formation.net/component/search/indexf95f.html]
[www.clic-formation.net/images/01-excel/excel-competence-09/ex-006/marrakech_2005171.jpg]
[www.clic-formation.net/images/01-excel/excel-competence-09/ex-006/ex-006.jpg]
[www.clic-formation.net/categories-telechargement/7-formations-informatiques/8-excel/ex-006-solutionf3a3.xlsx]
[www.clic-formation.net/impression/exercice-6-impression-classeur-excel.html]
[www.clic-formation.net/component/search/index90b7.html]
[www.clic-formation.net/images/01-excel/excel-competence-09/ex-007/007-exo-impression.xlsx]
[www.clic-formation.net/images/01-excel/excel-competence-09/ex-007/tuto-centre-tableau.jpg]
[www.clic-formation.net/images/01-excel/excel-competence-09/ex-007/page-impression.gif]
[www.clic-formation.net/impression/exercice-7-impression-classeur-excel.html]
[www.clic-formation.net/images/01-excel/excel-competence-37/ex-001/clavier.webp]
[www.clic-formation.net/raccourcis/les-essentiels.html]
[www.clic-formation.net/component/search/index1538.html]
[www.clic-formation.net/images/01-excel/excel-competence-37/ex-002/ex-002.xlsx]
[www.clic-formation.net/component/search/index44d6.html]
[www.clic-formation.net/images/01-excel/excel-competence-37/ex-002/ex-002.webp]
[www.clic-formation.net/images/01-excel/excel-competence-37/ex-002/ex-002-solution.webp]
[www.clic-formation.net/raccourcis/alt.html]
[www.clic-formation.net/images/01-excel/excel-competence-37/ex-003/ex-003.xlsx]
[www.clic-formation.net/images/01-excel/excel-competence-37/ex-003/ex-003.webp]
[www.clic-formation.net/component/search/indexe0a5.html]
[www.clic-formation.net/images/01-excel/excel-competence-37/ex-003/ex-003-solution.webp]
[www.clic-formation.net/raccourcis/ctrl-e.html]
[www.clic-formation.net/images/01-excel/excel-competence-37/ex-004/ex-004-f4-1.webp]
[www.clic-formation.net/component/search/indexf0c1.html]
[www.clic-formation.net/images/01-excel/excel-competence-37/ex-004/ex-004-f4-2.webp]
[www.clic-formation.net/images/01-excel/excel-competence-37/ex-004/ex-004-f4-3.webp]
[www.clic-formation.net/raccourcis/f4.html]
[www.clic-formation.net/component/search/index5df9.html]
[www.clic-formation.net/plugins/editors-xtd/tooltipgcbutton/assets/tooltipgcbutton.css]
[www.clic-formation.net/media/vendor/tinymce/tinymce.minea31.js]
[www.clic-formation.net/media/system/js/editors/editors.minea31.js]
[www.clic-formation.net/media/plg_editors_tinymce/js/tinymce.minf3d3.js]
[www.clic-formation.net/media/com_content/js/admin-article-readmore.minea31.js]
[www.clic-formation.net/media/plg_editors_tinymce/js/plugins/jxtdbuttons/plugin.minea31.js]
[www.clic-formation.net/media/plg_editors_tinymce/js/plugins/joomla-highlighter/plugin.minea31.js]
[www.clic-formation.net/plugins/editors-xtd/imageeffectckbutton/assets/imageeffectckbutton0875.js]
[www.clic-formation.net/plugins/editors-xtd/mediaboxckbutton/assets/mediaboxckbutton23c5.js]
[www.clic-formation.net/plugins/editors-xtd/mediaboxckbutton/assets/ckbox.js]
[www.clic-formation.net/media/com_pagebuilderck/assets/ckbox.js]
[www.clic-formation.net/plugins/editors-xtd/tooltipgcbutton/assets/tooltipgcbutton.js]
[www.clic-formation.net/index1de5.html]
[www.clic-formation.net/media/com_cjlib/jquery/jquery.form.min.js]
[www.clic-formation.net/media/com_cjlib/plugins/validation/jquery.validate.min.js]
[www.clic-formation.net/media/com_cjlib/plugins/validation/localization/messages_fr.js]
[www.clic-formation.net/media/com_cjlib/jquery/jquery.message.min.js]
[www.clic-formation.net/media/com_cjlib/jquery/jquery.message.css]
[www.clic-formation.net/media/com_cjlib/jquery/jquery.blockui.js]
[www.clic-formation.net/media/com_cjlib/plugins/imagepicker/image-picker.js]
[www.clic-formation.net/media/com_cjlib/jquery/jquery.plugin.min.js]
[www.clic-formation.net/media/com_communityquiz/js/countdown.min.js]
[www.clic-formation.net/media/com_communityquiz/js/imagemapster.min.js]
[www.clic-formation.net/media/com_communityquiz/katex/katex.mine0e0.js]
[www.clic-formation.net/evaluation/quizz-evaluation16f0.html]
[www.clic-formation.net/evaluation/quizz-evaluation5483.html]
[www.clic-formation.net/evaluation/quizz-evaluation.html]
[www.clic-formation.net/evaluation/quizz-evaluation51bd.html]
[www.clic-formation.net/component/search/index4d8e.html]
[www.clic-formation.net/evaluation/quizz-operations-simples16f0.html]
[www.clic-formation.net/evaluation/quizz-operations-simples5483.html]
[www.clic-formation.net/evaluation/quizz-operations-simples.html]
[www.clic-formation.net/evaluation/quizz-operations-simples51bd.html]
[www.clic-formation.net/component/search/indexbea3.html]
[www.clic-formation.net/evaluation/evaluation-pourcentage16f0.html]
[www.clic-formation.net/evaluation/evaluation-pourcentage5483.html]
[www.clic-formation.net/evaluation/evaluation-pourcentage.html]
[www.clic-formation.net/evaluation/evaluation-pourcentage51bd.html]
[www.clic-formation.net/component/search/indexbb40.html]
[www.clic-formation.net/images/excel/07_format_cellule_fichiers/format-02.gif]
[www.clic-formation.net/images/excel/07_format_cellule_fichiers/format-01.gif]
[www.clic-formation.net/images/excel/11_tri_fichiers/excel-trier.gif]
[www.clic-formation.net/images/excel/11_tri_fichiers/lbo-trier.gif]
[www.clic-formation.net/indexf1b6.html]
[www.clic-formation.net/images/excel/12_mise_en_forme_conditionnelle_fichiers/excel-conditionnel.gif]
[www.clic-formation.net/images/excel/12_mise_en_forme_conditionnelle_fichiers/libre-office-conditionnel.gif]
[www.clic-formation.net/index8f09.html]
[www.clic-formation.net/images/excel/14_validation_des_donnees/excel-validation-donnees.gif]
[www.clic-formation.net/images/excel/14_validation_des_donnees/libre-office-validation-donnees.gif]
[www.clic-formation.net/indexed4e.html]
[www.clic-formation.net/images/excel/20_lier/lier-excel-1.gif]
[www.clic-formation.net/images/excel/20_lier/lier-excel-2.gif]
[www.clic-formation.net/images/excel/20_lier/lier-libre-office-1.gif]
[www.clic-formation.net/images/excel/20_lier/lier-libre-office-2.gif]
[www.clic-formation.net/index9f80.html]
[www.clic-formation.net/images/excel/21_nommer/nommer-excel.gif]
[www.clic-formation.net/images/excel/21_nommer/nommer-libre-office.gif]
[www.clic-formation.net/index567d.html]
[www.clic-formation.net/images/excel/33_tcd/tcd-excel.gif]
[www.clic-formation.net/images/excel/33_tcd/tcd-libre-office.gif]
[www.clic-formation.net/index906b.html]
[www.clic-formation.net/indexc10d.html]
[www.clic-formation.net/index00f1.html]
[www.clic-formation.net/presentation/les-outils.html]
[www.clic-formation.net/index60a5.html]
[www.clic-formation.net/component/search/index7e10.html]
[www.clic-formation.net/images/excel/04_format_embelissement_fichiers/image002.jpg]
[www.clic-formation.net/images/excel/04_format_embelissement_fichiers/image004.jpg]
[www.clic-formation.net/images/excel/04_format_embelissement_fichiers/image006.jpg]
[www.clic-formation.net/images/excel/04_format_embelissement_fichiers/image008.jpg]
[www.clic-formation.net/images/excel/04_format_embelissement_fichiers/image010.jpg]
[www.clic-formation.net/format-de-celulle/support.html]
[www.clic-formation.net/images/excel/07_format_personnalise_fichiers/image001.jpg]
[www.clic-formation.net/component/search/indexc9ad.html]
[www.clic-formation.net/images/excel/07_format_personnalise_fichiers/image002.jpg]
[www.clic-formation.net/images/excel/07_format_personnalise_fichiers/image003.jpg]
[www.clic-formation.net/images/excel/07_format_personnalise_fichiers/image004.gif]
[www.clic-formation.net/images/excel/07_format_personnalise_fichiers/image005.jpg]
[www.clic-formation.net/images/excel/07_format_personnalise_fichiers/image006.jpg]
[www.clic-formation.net/images/excel/07_format_personnalise_fichiers/image007.jpg]
[www.clic-formation.net/images/excel/07_format_personnalise_fichiers/image008.jpg]
[www.clic-formation.net/images/excel/07_format_personnalise_fichiers/image009.jpg]
[www.clic-formation.net/images/excel/07_format_personnalise_fichiers/image010.jpg]
[www.clic-formation.net/images/excel/07_format_personnalise_fichiers/image011.jpg]
[www.clic-formation.net/format-de-celulle/format-personnalise.html]
[www.clic-formation.net/format-de-celulle.html]
[www.clic-formation.net/component/search/indexef24.html]
[www.clic-formation.net/images/01-excel/excel-competence-07/ex-01/ex-001.xlsx]
[www.clic-formation.net/images/01-excel/excel-competence-07/ex-01/07-01.jpg]
[www.clic-formation.net/images/01-excel/excel-competence-07/ex-01/07-01-solution.jpg]
[www.clic-formation.net/categories-telechargement/7-formations-informatiques/8-excel/ex-001-solutione031.xlsx]
[www.clic-formation.net/format-de-celulle/exercice-1.html]
[www.clic-formation.net/component/search/index6299.html]
[www.clic-formation.net/images/01-excel/excel-competence-07/ex-02/04-04.jpg]
[www.clic-formation.net/images/01-excel/excel-competence-07/ex-02/04-04-solution.jpg]
[www.clic-formation.net/format-de-celulle/exercice-2.html]
[www.clic-formation.net/component/search/index3f07.html]
[www.clic-formation.net/images/01-excel/excel-competence-07/ex-03/ex-003.xlsx]
[www.clic-formation.net/images/01-excel/excel-competence-07/ex-03/enonce.jpg]
[www.clic-formation.net/images/01-excel/excel-competence-07/ex-03/resultat-attendu.jpg]
[www.clic-formation.net/categories-telechargement/7-formations-informatiques/8-excel/ex-003-solutionbc20.xlsx]
[www.clic-formation.net/format-de-celulle/exercice-3-format-de-cellule-excel.html]
[www.clic-formation.net/images/01-excel/excel-competence-07/ex-04/ex-004.xlsx]
[www.clic-formation.net/component/search/index87be.html]
[www.clic-formation.net/images/01-excel/excel-competence-07/ex-04/enonce.jpg]
[www.clic-formation.net/images/01-excel/excel-competence-07/ex-04/enonce-exercice-04.webp]
[www.clic-formation.net/images/01-excel/excel-competence-07/ex-04/resultat-attendu.jpg]
[www.clic-formation.net/images/01-excel/excel-competence-07/ex-04/ex-004-exo2-solution.gif]
[www.clic-formation.net/images/01-excel/excel-competence-07/ex-04/solution-exercice-04.webp]
[www.clic-formation.net/categories-telechargement/7-formations-informatiques/8-excel/ex-004-solution3241.xlsx]
[www.clic-formation.net/format-de-celulle/exercice-4-format-de-cellule-excel.html]
[www.clic-formation.net/images/01-excel/excel-competence-07/ex-005/005.xlsx]
[www.clic-formation.net/component/search/index314c.html]
[www.clic-formation.net/images/01-excel/excel-competence-07/ex-005/005-depart.jpg]
[www.clic-formation.net/images/01-excel/excel-competence-07/ex-005/005-resultat.jpg]
[www.clic-formation.net/categories-telechargement/7-formations-informatiques/8-excel/ex-005-solutionaf06.xlsx]
[www.clic-formation.net/format-de-celulle/exercice-5-format-de-cellule-excel.html]
[www.clic-formation.net/images/01-excel/excel-competence-07/ex-006/ex-006.xlsx]
[www.clic-formation.net/component/search/indexb48f.html]
[www.clic-formation.net/images/01-excel/excel-competence-07/ex-006/ex-006-enonce.gif]
[www.clic-formation.net/images/01-excel/excel-competence-07/ex-006/ex-006.jpg]
[www.clic-formation.net/categories-telechargement/7-formations-informatiques/8-excel/ex-006-solution3264.xlsx]
[www.clic-formation.net/format-de-celulle/exercice-6-format-de-cellule-excel.html]
[www.clic-formation.net/component/search/index7796.html]
[www.clic-formation.net/images/01-excel/excel-competence-07/ex-007/ex-007.xlsx]
[www.clic-formation.net/images/01-excel/excel-competence-07/ex-007/ex-007.webp]
[www.clic-formation.net/images/01-excel/excel-competence-07/ex-007/ex-007-solution.webp]
[www.clic-formation.net/categories-telechargement/7-formations-informatiques/8-excel/ex-007-solutionfe41.xlsx]
[www.clic-formation.net/format-de-celulle/exercice-7-format-de-cellule-excel.html]
[www.clic-formation.net/images/01-excel/excel-competence-07/ex-008/ex-008.xlsx]
[www.clic-formation.net/component/search/indexd69b.html]
[www.clic-formation.net/images/01-excel/excel-competence-07/ex-008/ex-008.gif]
[www.clic-formation.net/images/01-excel/excel-competence-07/ex-008/ex-008-solution.gif]
[www.clic-formation.net/categories-telechargement/7-formations-informatiques/8-excel/ex-008-solutiona025.xlsx]
[www.clic-formation.net/format-de-celulle/exercice-8-date.html]
[www.clic-formation.net/component/search/index14e0.html]
[www.clic-formation.net/images/01-excel/excel-competence-16/support/f4.jpg]
[www.clic-formation.net/reference-absolue/support.html]
[www.clic-formation.net/images/01-excel/excel-competence-16/ex-01/ex-001.xlsx]
[www.clic-formation.net/component/search/index77ee.html]
[www.clic-formation.net/images/01-excel/excel-competence-16/ex-01/ex-001.gif]
[www.clic-formation.net/images/01-excel/excel-competence-16/ex-01/ex-001-solution.gif]
[www.clic-formation.net/categories-telechargement/7-formations-informatiques/8-excel/ex-001-solution5b6e.xlsx]
[www.clic-formation.net/reference-absolue/exercice-1-reference-absolue.html]
[www.clic-formation.net/images/01-excel/excel-competence-16/ex-02/ex-002.xlsx]
[www.clic-formation.net/component/search/index9801.html]
[www.clic-formation.net/images/01-excel/excel-competence-16/ex-02/ex-002.gif]
[www.clic-formation.net/images/01-excel/excel-competence-16/ex-02/ex-002-solution.gif]
[www.clic-formation.net/categories-telechargement/7-formations-informatiques/8-excel/ex-002-solution3902.xlsx]
[www.clic-formation.net/reference-absolue/exercice-2-reference-absolue.html]
[www.clic-formation.net/images/01-excel/excel-competence-16/ex-03/08-c.jpg]
[www.clic-formation.net/component/search/index2b7a.html]
[www.clic-formation.net/images/01-excel/excel-competence-16/ex-03/08-03-solution.jpg]
[www.clic-formation.net/categories-telechargement/7-formations-informatiques/8-excel/ex-003-solution3613.xlsx]
[www.clic-formation.net/reference-absolue/exercice-3.html]
[www.clic-formation.net/component/search/index750d.html]
[www.clic-formation.net/images/01-excel/excel-competence-16/ex-04/reference-absolue-07-telechargez.xlsx]
[www.clic-formation.net/images/01-excel/excel-competence-16/ex-04/ex-106-04-enonce.jpg]
[www.clic-formation.net/images/01-excel/excel-competence-16/ex-04/ex-106-04-solution.jpg]
[www.clic-formation.net/categories-telechargement/7-formations-informatiques/8-excel/ex-004-solution0441.xlsx]
[www.clic-formation.net/reference-absolue/exercice-4.html]
[www.clic-formation.net/images/01-excel/excel-competence-16/ex-05/ex-005.xlsx]
[www.clic-formation.net/component/search/indexc4aa.html]
[www.clic-formation.net/images/01-excel/excel-competence-16/ex-05/ex-005.gif]
[www.clic-formation.net/images/01-excel/excel-competence-16/ex-05/ex-005-solution.gif]
[www.clic-formation.net/categories-telechargement/7-formations-informatiques/8-excel/ex-005-solution5d9c.xlsx]
[www.clic-formation.net/reference-absolue/exercice-5.html]
[www.clic-formation.net/component/search/index05f0.html]
[www.clic-formation.net/images/01-excel/excel-competence-16/ex-06/ex-106-06.jpg]
[www.clic-formation.net/images/01-excel/excel-competence-16/ex-06/ex-106-06-solution.jpg]
[www.clic-formation.net/categories-telechargement/7-formations-informatiques/8-excel/ex-006-solution214a.xlsx]
[www.clic-formation.net/reference-absolue/exercice-6-valeur-absolue.html]
[www.clic-formation.net/component/search/index367b.html]
[www.clic-formation.net/images/01-excel/excel-competence-16/ex-07/ex-106-07.xlsx]
[www.clic-formation.net/images/01-excel/excel-competence-16/ex-07/ex-106-07.jpg]
[www.clic-formation.net/images/01-excel/excel-competence-16/ex-07/ex-107-07-solution.jpg]
[www.clic-formation.net/categories-telechargement/7-formations-informatiques/8-excel/ex-007-solutiondaba.xlsx]
[www.clic-formation.net/reference-absolue/exercice-7-valeur-absolue.html]
[www.clic-formation.net/images/01-excel/excel-competence-16/ex-08/reference-absolue-04-telechargez.xlsx]
[www.clic-formation.net/component/search/index0d39.html]
[www.clic-formation.net/images/01-excel/excel-competence-16/ex-08/ex-08.jpg]
[www.clic-formation.net/images/01-excel/excel-competence-16/ex-08/ex-08-resultat.jpg]
[www.clic-formation.net/categories-telechargement/7-formations-informatiques/8-excel/ex-008-solution0c2b.xlsx]
[www.clic-formation.net/reference-absolue/exercice-8-valeur-absolue.html]
[www.clic-formation.net/images/01-excel/excel-competence-16/ex-09/reference-absolue-09-telchargez.xlsx]
[www.clic-formation.net/component/search/indexd867.html]
[www.clic-formation.net/images/01-excel/excel-competence-16/ex-09/ex-09.jpg]
[www.clic-formation.net/images/01-excel/excel-competence-16/ex-09/ex-09-resultat.jpg]
[www.clic-formation.net/categories-telechargement/7-formations-informatiques/8-excel/ex-009-solutionb937.xlsx]
[www.clic-formation.net/reference-absolue/exercice-9-valeur-absolue.html]
[www.clic-formation.net/images/01-excel/excel-competence-16/ex-10/ex-10.xlsx]
[www.clic-formation.net/component/search/indexda32.html]
[www.clic-formation.net/images/01-excel/excel-competence-16/ex-10/ex-10.gif]
[www.clic-formation.net/images/01-excel/excel-competence-16/ex-10/ex-10-solution.gif]
[www.clic-formation.net/categories-telechargement/7-formations-informatiques/8-excel/ex-10-solutionbd09.xlsx]
[www.clic-formation.net/reference-absolue/exercice-10-valeur-absolue.html]
[www.clic-formation.net/images/01-excel/excel-competence-18/support/2007_listes1.jpg]
[www.clic-formation.net/component/search/index9a83.html]
[www.clic-formation.net/images/01-excel/excel-competence-18/support/2007_listes2.jpg]
[www.clic-formation.net/images/01-excel/excel-competence-18/support/2007_listes3.jpg]
[www.clic-formation.net/images/01-excel/excel-competence-18/support/2007_listes4.jpg]
[www.clic-formation.net/images/01-excel/excel-competence-18/support/2007_listes5.jpg]
[www.clic-formation.net/tri/support.html]
[www.clic-formation.net/component/search/indexb229.html]
[www.clic-formation.net/tableur/liste-exercices-par-tags/filtre.html]
[www.clic-formation.net/tableur/liste-exercices-par-tags/tri.html]
[www.clic-formation.net/images/01-excel/excel-competence-18/ex-001/10-01-tri.xlsx]
[www.clic-formation.net/images/01-excel/excel-competence-18/ex-001/ex-001-enonce.gif]
[www.clic-formation.net/images/01-excel/excel-competence-18/ex-001/feuille-01.gif]
[www.clic-formation.net/images/01-excel/excel-competence-18/ex-001/feuille-02.gif]
[www.clic-formation.net/images/01-excel/excel-competence-18/ex-001/feuille-03.gif]
[www.clic-formation.net/images/01-excel/excel-competence-18/ex-001/feuille-04.gif]
[www.clic-formation.net/images/01-excel/excel-competence-18/ex-001/feuille-05.gif]
[www.clic-formation.net/images/01-excel/excel-competence-18/ex-001/feuille-06.gif]
[www.clic-formation.net/categories-telechargement/7-formations-informatiques/8-excel/ex-001-tri-solution3b38.xlsx]
[www.clic-formation.net/tri/exercice-1-tri.html]
[www.clic-formation.net/images/01-excel/excel-competence-18/ex-002/10-02-tri.xlsx]
[www.clic-formation.net/images/01-excel/excel-competence-18/ex-002/ex-002.webp]
[www.clic-formation.net/component/search/index90f9.html]
[www.clic-formation.net/images/01-excel/excel-competence-18/ex-002/ex-002-s1.webp]
[www.clic-formation.net/images/01-excel/excel-competence-18/ex-002/ex-002-s2.webp]
[www.clic-formation.net/images/01-excel/excel-competence-18/ex-002/ex-002-s3.webp]
[www.clic-formation.net/images/01-excel/excel-competence-18/ex-002/ex-002-s4.webp]
[www.clic-formation.net/categories-telechargement/7-formations-informatiques/8-excel/ex-002-tri-solutioncbe3.xlsx]
[www.clic-formation.net/tri/exercice-2-tri.html]
[www.clic-formation.net/images/01-excel/excel-competence-18/ex-003/ex-03-base.xlsx]
[www.clic-formation.net/component/search/indexb121.html]
[www.clic-formation.net/images/01-excel/excel-competence-18/ex-003/ex-03-1.jpg]
[www.clic-formation.net/images/01-excel/excel-competence-18/ex-003/ex-03-2.jpg]
[www.clic-formation.net/images/01-excel/excel-competence-18/ex-003/ex-03-3.jpg]
[www.clic-formation.net/images/01-excel/excel-competence-18/ex-003/ex-03-4.jpg]
[www.clic-formation.net/categories-telechargement/7-formations-informatiques/8-excel/ex-003-solution5ec1.xlsx]
[www.clic-formation.net/tri/exercice-3.html]
[www.clic-formation.net/images/01-excel/excel-competence-18/ex-004/ex-004.xlsx]
[www.clic-formation.net/images/01-excel/excel-competence-18/ex-004/ex-004.gif]
[www.clic-formation.net/component/search/indexb478.html]
[www.clic-formation.net/images/01-excel/excel-competence-18/ex-004/ex-004-solution-3.jpg]
[www.clic-formation.net/images/01-excel/excel-competence-18/ex-004/ex-004-solution-2.jpg]
[www.clic-formation.net/categories-telechargement/7-formations-informatiques/8-excel/ex-004-solutionff83.xlsx]
[www.clic-formation.net/tri/exercice-3-tri-filtre.html]
[www.clic-formation.net/component/search/indexfd15.html]
[www.clic-formation.net/images/01-excel/excel-competence-18/ex-007/ex-007.xlsx]
[www.clic-formation.net/images/01-excel/excel-competence-18/ex-007/ex-007.gif]
[www.clic-formation.net/images/01-excel/excel-competence-18/ex-007/ex-007-01.gif]
[www.clic-formation.net/images/01-excel/excel-competence-18/ex-007/ex-007-02.gif]
[www.clic-formation.net/images/01-excel/excel-competence-18/ex-007/ex-007-03.gif]
[www.clic-formation.net/categories-telechargement/7-formations-informatiques/8-excel/ex-007-solution1295.xlsx]
[www.clic-formation.net/tri/exercice-7-tri-filtre.html]
[www.clic-formation.net/images/01-excel/excel-competence-18/support/support-filtre-avances.webp]
[www.clic-formation.net/tri/support-filtres-avances.html]
[www.clic-formation.net/component/search/index40d6.html]
[www.clic-formation.net/images/01-excel/excel-competence-18/ex-005/ex-005.xlsx]
[www.clic-formation.net/images/01-excel/excel-competence-18/ex-005/ex-005-solution.jpg]
[www.clic-formation.net/component/search/indexb15a.html]
[www.clic-formation.net/categories-telechargement/7-formations-informatiques/8-excel/ex-005-solutioncd16.xlsx]
[www.clic-formation.net/tri/exercice-5-tri-filtre.html]
[www.clic-formation.net/component/search/index996a.html]
[www.clic-formation.net/images/01-excel/excel-competence-18/ex-006/ex-006.xlsx]
[www.clic-formation.net/images/01-excel/excel-competence-18/ex-006/ex-006-solution-1.jpg]
[www.clic-formation.net/images/01-excel/excel-competence-18/ex-006/ex-006-solution-2.jpg]
[www.clic-formation.net/images/01-excel/excel-competence-18/ex-006/ex-006-solution-3.jpg]
[www.clic-formation.net/categories-telechargement/7-formations-informatiques/8-excel/ex-006-solutionf8f8.xlsx]
[www.clic-formation.net/tri/exercice-6-tri-filtre.html]
[www.clic-formation.net/component/search/index7c83.html]
[www.clic-formation.net/tableur/liste-exercices-par-tags/gauche.html]
[www.clic-formation.net/tableur/liste-exercices-par-tags/nbcar.html]
[www.clic-formation.net/images/01-excel/excel-competence-18/ex-008/ex-008.xlsx]
[www.clic-formation.net/images/01-excel/excel-competence-18/ex-008/ex-008.webp]
[www.clic-formation.net/images/01-excel/excel-competence-18/ex-008/ex-008-resultat.webp]
[www.clic-formation.net/categories-telechargement/7-formations-informatiques/8-excel/ex-008-solution8ae7.xlsx]
[www.clic-formation.net/tri/exercice-8-tri-filtre.html]
[www.clic-formation.net/component/search/indexd622.html]
[www.clic-formation.net/images/01-excel/excel-competence-18/ex-009/ex-009.xlsx]
[www.clic-formation.net/images/01-excel/excel-competence-18/ex-009/ex-009.webp]
[www.clic-formation.net/images/01-excel/excel-competence-18/ex-009/ex-009-solution.webp]
[www.clic-formation.net/categories-telechargement/7-formations-informatiques/8-excel/ex-009-solutionc240.xlsx]
[www.clic-formation.net/tri/exercice-9-segment.html]
[www.clic-formation.net/images/excel/12_mise_en_forme_conditionnelle_fichiers/image001.jpg]
[www.clic-formation.net/component/search/index5f03.html]
[www.clic-formation.net/images/excel/12_mise_en_forme_conditionnelle_fichiers/image002.jpg]
[www.clic-formation.net/images/excel/12_mise_en_forme_conditionnelle_fichiers/image003.jpg]
[www.clic-formation.net/images/excel/12_mise_en_forme_conditionnelle_fichiers/image004.jpg]
[www.clic-formation.net/images/excel/12_mise_en_forme_conditionnelle_fichiers/image005.jpg]
[www.clic-formation.net/images/excel/12_mise_en_forme_conditionnelle_fichiers/image006.jpg]
[www.clic-formation.net/images/excel/12_mise_en_forme_conditionnelle_fichiers/image007.jpg]
[www.clic-formation.net/mise-en-forme-conditionnelle/support.html]
[www.clic-formation.net/component/search/index6e04.html]
[www.clic-formation.net/tableur/liste-exercices-par-tags/mefc.html]
[www.clic-formation.net/images/01-excel/excel-competence-17/ex-001/ex-001.xlsx]
[www.clic-formation.net/images/01-excel/excel-competence-17/ex-001/ex-001.gif]
[www.clic-formation.net/images/01-excel/excel-competence-17/ex-001/ex-001-solution.gif]
[www.clic-formation.net/categories-telechargement/7-formations-informatiques/8-excel/ex-001-solutionae55.xlsx]
[www.clic-formation.net/mise-en-forme-conditionnelle/exercice-1-mise-en-forme-conditionnelle.html]
[www.clic-formation.net/images/01-excel/excel-competence-17/ex2/ex-002.xlsx]
[www.clic-formation.net/component/search/index3787.html]
[www.clic-formation.net/images/01-excel/excel-competence-17/ex2/ex-002.gif]
[www.clic-formation.net/images/01-excel/excel-competence-17/ex2/ex-002-solution.gif]
[www.clic-formation.net/categories-telechargement/7-formations-informatiques/8-excel/ex-002-solution69dc.xlsx]
[www.clic-formation.net/mise-en-forme-conditionnelle/exercice-2.html]
[www.clic-formation.net/component/search/index719f.html]
[www.clic-formation.net/images/01-excel/excel-competence-17/ex-003/ex-003.xlsx]
[www.clic-formation.net/images/01-excel/excel-competence-17/ex-003/ex-003.webp]
[www.clic-formation.net/images/01-excel/excel-competence-17/ex-003/ex-003-solution.webp]
[www.clic-formation.net/categories-telechargement/7-formations-informatiques/8-excel/ex-003-solution9054.xlsx]
[www.clic-formation.net/mise-en-forme-conditionnelle/exercice-3.html]
[www.clic-formation.net/images/01-excel/excel-competence-17/ex-004/ex-004.xlsx]
[www.clic-formation.net/component/search/index2b35.html]
[www.clic-formation.net/images/01-excel/excel-competence-17/ex-004/ex-004.webp]
[www.clic-formation.net/images/01-excel/excel-competence-17/ex-004/ex-004-solution.webp]
[www.clic-formation.net/categories-telechargement/7-formations-informatiques/8-excel/ex-005-solution8078.xlsx]
[www.clic-formation.net/mise-en-forme-conditionnelle/exercice-4.html]
[www.clic-formation.net/images/01-excel/excel-competence-17/ex-005/ex-005.xlsx]
[www.clic-formation.net/images/01-excel/excel-competence-17/ex-005/ex-005.webp]
[www.clic-formation.net/component/search/index2f9e.html]
[www.clic-formation.net/images/01-excel/excel-competence-17/ex-005/ex-005-explication.jpg]
[www.clic-formation.net/images/01-excel/excel-competence-17/ex-005/ex-005-solution.webp]
[www.clic-formation.net/categories-telechargement/7-formations-informatiques/8-excel/ex-005-solutioneed9.xlsx]
[www.clic-formation.net/mise-en-forme-conditionnelle/exercice-5.html]
[www.clic-formation.net/component/search/indexc0ee.html]
[www.clic-formation.net/images/01-excel/excel-competence-17/ex-006/ex-006.xlsx]
[www.clic-formation.net/images/01-excel/excel-competence-17/ex-006/ex-006-solution.jpg]
[www.clic-formation.net/categories-telechargement/7-formations-informatiques/8-excel/ex-006-solution1b1a.xlsx]
[www.clic-formation.net/mise-en-forme-conditionnelle/exercice-6.html]
[www.clic-formation.net/images/01-excel/excel-competence-17/ex-007/ex-007.xlsx]
[www.clic-formation.net/component/search/index6394.html]
[www.clic-formation.net/images/01-excel/excel-competence-17/ex-007/ex-007-enonce.gif]
[www.clic-formation.net/images/01-excel/excel-competence-17/ex-007/ex-007-solution.gif]
[www.clic-formation.net/categories-telechargement/7-formations-informatiques/8-excel/ex-007-solution803f.xlsx]
[www.clic-formation.net/mise-en-forme-conditionnelle/exercice-7.html]
[www.clic-formation.net/images/01-excel/excel-competence-17/ex-008/ex-008.xlsx]
[www.clic-formation.net/component/search/index30d1.html]
[www.clic-formation.net/images/01-excel/excel-competence-17/ex-008/ex-008.webp]
[www.clic-formation.net/images/01-excel/excel-competence-17/ex-008/ex-008-correction-01.webp]
[www.clic-formation.net/images/01-excel/excel-competence-17/ex-008/ex-008-correction-02.webp]
[www.clic-formation.net/images/01-excel/excel-competence-17/ex-008/ex-008-correction-03.webp]
[www.clic-formation.net/categories-telechargement/7-formations-informatiques/8-excel/ex-008-solutione8fb.xlsx]
[www.clic-formation.net/mise-en-forme-conditionnelle/exercice-8.html]
[www.clic-formation.net/images/01-excel/excel-competence-17/ex-009/ex-009.xlsx]
[www.clic-formation.net/component/search/indexaabf.html]
[www.clic-formation.net/images/01-excel/excel-competence-17/ex-009/ex-009.webp]
[www.clic-formation.net/images/01-excel/excel-competence-17/ex-009/ex-009-solution.webp]
[www.clic-formation.net/categories-telechargement/7-formations-informatiques/8-excel/30-competences-17.html]
[www.clic-formation.net/mise-en-forme-conditionnelle/exercice-9.html]
[www.clic-formation.net/component/search/index0c1e.html]
[www.clic-formation.net/images/01-excel/excel-competence-21/support/validation_01.jpg]
[www.clic-formation.net/images/01-excel/excel-competence-21/support/validation_02.jpg]
[www.clic-formation.net/images/01-excel/excel-competence-21/support/validation_03.jpg]
[www.clic-formation.net/validation-des-donnees/support.html]
[www.clic-formation.net/component/search/index22e8.html]
[www.clic-formation.net/images/01-excel/excel-competence-21/ex-001/ex-001.xlsx]
[www.clic-formation.net/images/01-excel/excel-competence-21/ex-001/ex-001.jpg]
[www.clic-formation.net/images/01-excel/excel-competence-21/ex-001/ex-001-solution.jpg]
[www.clic-formation.net/categories-telechargement/7-formations-informatiques/8-excel/ex-001-solution09ea.xlsx]
[www.clic-formation.net/validation-des-donnees/exercice-1-validation-des-donnees.html]
[www.clic-formation.net/images/01-excel/excel-competence-21/ex-002/ex-002.xlsx]
[www.clic-formation.net/component/search/index049c.html]
[www.clic-formation.net/images/01-excel/excel-competence-21/ex-002/ex-002.jpg]
[www.clic-formation.net/images/01-excel/excel-competence-21/ex-002/ex-002-liste.jpg]
[www.clic-formation.net/images/01-excel/excel-competence-21/ex-002/ex-002-solution.jpg]
[www.clic-formation.net/categories-telechargement/7-formations-informatiques/8-excel/ex-002-solutionbe74.xlsx]
[www.clic-formation.net/validation-des-donnees/exercice-2-validation-des-donnees.html]
[www.clic-formation.net/component/search/index704d.html]
[www.clic-formation.net/images/01-excel/excel-competence-21/ex-003/ex-003.xlsx]
[www.clic-formation.net/images/01-excel/excel-competence-21/ex-003/ex-003.gif]
[www.clic-formation.net/images/01-excel/excel-competence-21/ex-003/ex-003-solution.jpg]
[www.clic-formation.net/categories-telechargement/7-formations-informatiques/8-excel/ex-003-solution6d6f.xlsx]
[www.clic-formation.net/validation-des-donnees/exercice-3-validation-des-donnees.html]
[www.clic-formation.net/images/01-excel/excel-competence-21/ex-004/ex-004.xlsx]
[www.clic-formation.net/component/search/index96ef.html]
[www.clic-formation.net/images/01-excel/excel-competence-21/ex-004/ex-004.jpg]
[www.clic-formation.net/images/01-excel/excel-competence-21/ex-004/ex-004-solution.jpg]
[www.clic-formation.net/categories-telechargement/7-formations-informatiques/8-excel/ex-004-solutionaf35.xlsx]
[www.clic-formation.net/validation-des-donnees/exercice-4-validation-des-donnees.html]
[www.clic-formation.net/images/01-excel/excel-competence-21/ex-005/ex-005.xlsx]
[www.clic-formation.net/component/search/index65a3.html]
[www.clic-formation.net/images/01-excel/excel-competence-21/ex-005/ex-005.jpg]
[www.clic-formation.net/images/01-excel/excel-competence-21/ex-003/ex-003-nom.jpg]
[www.clic-formation.net/images/01-excel/excel-competence-21/ex-005/ex-005-nom.jpg]
[www.clic-formation.net/images/01-excel/excel-competence-21/ex-003/ex-003-prenom.jpg]
[www.clic-formation.net/images/01-excel/excel-competence-21/ex-005/ex-005-prenom.jpg]
[www.clic-formation.net/images/01-excel/excel-competence-21/ex-003/ex-003-concatener.jpg]
[www.clic-formation.net/images/01-excel/excel-competence-21/ex-005/ex-005-concatener.jpg]
[www.clic-formation.net/categories-telechargement/7-formations-informatiques/8-excel/ex-005-solution50c7.xlsx]
[www.clic-formation.net/validation-des-donnees/exercice-5-supprimer-les-doublons.html]
[www.clic-formation.net/component/search/index38f8.html]
[www.clic-formation.net/images/01-excel/excel-competence-21/ex-006/ex-006.xlsx]
[www.clic-formation.net/images/01-excel/excel-competence-21/ex-006/ex-006.gif]
[www.clic-formation.net/images/01-excel/excel-competence-21/ex-006/ex-006-solution.jpg]
[www.clic-formation.net/categories-telechargement/7-formations-informatiques/8-excel/ex-006-solution9c11.xlsx]
[www.clic-formation.net/validation-des-donnees/exercice-6-remplissage-instantane.html]
[www.clic-formation.net/images/01-excel/excel-competence-21/ex-007/ex-007.xlsx]
[www.clic-formation.net/images/01-excel/excel-competence-21/ex-007/ex-007.gif]
[www.clic-formation.net/component/search/indexb6d5.html]
[www.clic-formation.net/images/01-excel/excel-competence-21/ex-007/ex-007-solution.jpg]
[www.clic-formation.net/categories-telechargement/7-formations-informatiques/8-excel/ex-007-solution29c0.xlsx]
[www.clic-formation.net/validation-des-donnees/exercice-7-validation-des-donnees.html]
[www.clic-formation.net/images/01-excel/excel-competence-21/ex-008/ex-008.xlsx]
[www.clic-formation.net/component/search/index7d87.html]
[www.clic-formation.net/images/01-excel/excel-competence-21/ex-008/ex-008.gif]
[www.clic-formation.net/images/01-excel/excel-competence-21/ex-008/ex-008-solution.gif]
[www.clic-formation.net/categories-telechargement/7-formations-informatiques/8-excel/ex-008-solutionf82a.xlsx]
[www.clic-formation.net/validation-des-donnees/exercice-8-validation-des-donnees.html]
[www.clic-formation.net/component/search/index6afc.html]
[www.clic-formation.net/images/01-excel/excel-competence-21/ex-009/ex-009.xlsx]
[www.clic-formation.net/images/01-excel/excel-competence-21/ex-009/tuto.gif]
[www.clic-formation.net/images/01-excel/excel-competence-21/ex-009/ex-009.gif]
[www.clic-formation.net/images/01-excel/excel-competence-21/ex-009/ex-009-solution.gif]
[www.clic-formation.net/categories-telechargement/7-formations-informatiques/8-excel/ex-009-solution3ddf.xlsx]
[www.clic-formation.net/validation-des-donnees/exercice-8-convertir-des-donnees.html]
[www.clic-formation.net/images/01-excel/excel-competence-21/ex-010/ex-010.gif]
[www.clic-formation.net/images/01-excel/excel-competence-21/ex-010/ex-010-solution.gif]
[www.clic-formation.net/component/search/indexba00.html]
[www.clic-formation.net/categories-telechargement/7-formations-informatiques/8-excel/ex-010-solution3728.xlsx]
[www.clic-formation.net/validation-des-donnees/exercice-10-listes-deroulantes-en-cascade.html]
[www.clic-formation.net/images/01-excel/excel-competence-20/support/01.jpg]
[www.clic-formation.net/component/search/indexe6cc.html]
[www.clic-formation.net/images/01-excel/excel-competence-20/support/02.jpg]
[www.clic-formation.net/images/01-excel/excel-competence-20/support/03.jpg]
[www.clic-formation.net/lier-des-feuilles-de-calculs/support-liaisons-feuilles.html]
[www.clic-formation.net/component/search/index22a9.html]
[www.clic-formation.net/images/01-excel/excel-competence-20/ex-001/ex-001.xlsx]
[www.clic-formation.net/images/01-excel/excel-competence-20/ex-001/ex-001.jpg]
[www.clic-formation.net/images/01-excel/excel-competence-20/ex-001/ex-001-02.jpg]
[www.clic-formation.net/images/01-excel/excel-competence-20/ex-001/ex-001-solution.jpg]
[www.clic-formation.net/categories-telechargement/7-formations-informatiques/8-excel/ex-001-solutionc20e.xlsx]
[www.clic-formation.net/lier-des-feuilles-de-calculs/exercice-1.html]
[www.clic-formation.net/images/01-excel/excel-competence-20/ex-002/ex-002.xlsx]
[www.clic-formation.net/component/search/index6853.html]
[www.clic-formation.net/images/01-excel/excel-competence-20/ex-002/ex-002.webp]
[www.clic-formation.net/images/01-excel/excel-competence-20/ex-002/ex-002-resultat.jpg]
[www.clic-formation.net/categories-telechargement/7-formations-informatiques/8-excel/ex-002-solutionef2d.xlsx]
[www.clic-formation.net/lier-des-feuilles-de-calculs/exercice-2.html]
[www.clic-formation.net/images/01-excel/excel-competence-20/ex-003/ex-003.xlsx]
[www.clic-formation.net/component/search/indexcea4.html]
[www.clic-formation.net/images/01-excel/excel-competence-20/ex-003/tuto-appareil-photo.webp]
[www.clic-formation.net/images/01-excel/excel-competence-20/ex-003/tuto-appareil-photo-02.webp]
[www.clic-formation.net/images/01-excel/excel-competence-20/ex-003/ex-003-solution.jpg]
[www.clic-formation.net/images/01-excel/excel-competence-20/ex-003/ex-003-appareil-photo-resultats.webp]
[www.clic-formation.net/categories-telechargement/7-formations-informatiques/8-excel/ex-003-solution6488.xlsx]
[www.clic-formation.net/lier-des-feuilles-de-calculs/exercice-3.html]
[www.clic-formation.net/images/01-excel/excel-competence-20/ex-004/ex-004.xlsx]
[www.clic-formation.net/component/search/index486b.html]
[www.clic-formation.net/images/01-excel/excel-competence-20/ex-004/ex-004.webp]
[www.clic-formation.net/images/01-excel/excel-competence-20/ex-004/ex-004-solution.jpg]
[www.clic-formation.net/categories-telechargement/7-formations-informatiques/8-excel/ex-005-solutionee72.xlsx]
[www.clic-formation.net/lier-des-feuilles-de-calculs/exercice-4.html]
[www.clic-formation.net/images/01-excel/excel-competence-20/ex-005/ex-005.xlsx]
[www.clic-formation.net/images/01-excel/excel-competence-20/ex-005/ex-005-adresse.jpg]
[www.clic-formation.net/component/search/indexaae5.html]
[www.clic-formation.net/images/01-excel/excel-competence-20/ex-005/ex-005-mail.jpg]
[www.clic-formation.net/images/01-excel/excel-competence-20/ex-005/ex-005-telephone.jpg]
[www.clic-formation.net/categories-telechargement/7-formations-informatiques/8-excel/ex-006-solutionea7a.xlsx]
[www.clic-formation.net/lier-des-feuilles-de-calculs/exercice-5.html]
[www.clic-formation.net/images/01-excel/excel-competence-20/ex-006/ex-006.xlsx]
[www.clic-formation.net/component/search/index5545.html]
[www.clic-formation.net/images/01-excel/excel-competence-20/ex-006/ex-006.webp]
[www.clic-formation.net/images/01-excel/excel-competence-20/ex-006/ex-006-solution.jpg]
[www.clic-formation.net/lier-des-feuilles-de-calculs/exercice-6.html]
[www.clic-formation.net/images/01-excel/excel-competence-20/ex-007/ex-007-hyper-texte-travail.xlsx]
[www.clic-formation.net/component/search/indexff43.html]
[www.clic-formation.net/images/01-excel/excel-competence-20/ex-007/accueil.gif]
[www.clic-formation.net/images/01-excel/excel-competence-20/ex-007/analyse-1.gif]
[www.clic-formation.net/categories-telechargement/7-formations-informatiques/8-excel/ex-007-solutiond894.xlsx]
[www.clic-formation.net/lier-des-feuilles-de-calculs/exercice-7.html]
[www.clic-formation.net/images/01-excel/excel-competence-20/ex-008/ex-008.zip]
[www.clic-formation.net/component/search/index0396.html]
[www.clic-formation.net/images/01-excel/excel-competence-20/ex-008/ex-008-enonce.gif]
[www.clic-formation.net/images/01-excel/excel-competence-20/ex-008/ex-008.gif]
[www.clic-formation.net/categories-telechargement/7-formations-informatiques/8-excel/17-competences-20.html]
[www.clic-formation.net/lier-des-feuilles-de-calculs/exercice-8.html]
[www.clic-formation.net/nommer-une-plage-de-celulle/support.html]
[www.clic-formation.net/component/search/index40cd.html]
[www.clic-formation.net/component/search/index4e7b.html]
[www.clic-formation.net/tableur/liste-exercices-par-tags/nommage-de-cellule.html]
[www.clic-formation.net/images/01-excel/excel-competence-28/ex-001/ex-001-telecharger.xlsx]
[www.clic-formation.net/images/01-excel/excel-competence-28/ex-001/ex-001.webp]
[www.clic-formation.net/images/01-excel/excel-competence-28/ex-001/ex-001.jpg]
[www.clic-formation.net/categories-telechargement/7-formations-informatiques/8-excel/ex-0013ea9.xlsx]
[www.clic-formation.net/nommer-une-plage-de-celulle/exercice-1-nommer-une-cellule.html]
[www.clic-formation.net/images/01-excel/excel-competence-28/ex-002/ex-002-telecharger.xlsx]
[www.clic-formation.net/component/search/index9763.html]
[www.clic-formation.net/images/01-excel/excel-competence-28/ex-002/ex-002.webp]
[www.clic-formation.net/images/01-excel/excel-competence-28/ex-002/ex-002.gif]
[www.clic-formation.net/categories-telechargement/7-formations-informatiques/8-excel/ex-002f556.xlsx]
[www.clic-formation.net/nommer-une-plage-de-celulle/10-02-nommage-cellule.html]
[www.clic-formation.net/images/01-excel/excel-competence-28/ex-003/ex-003-telechargez.xlsx]
[www.clic-formation.net/component/search/indexfebe.html]
[www.clic-formation.net/images/01-excel/excel-competence-28/ex-003/ex-003.webp]
[www.clic-formation.net/images/01-excel/excel-competence-28/ex-003/ex-003.jpg]
[www.clic-formation.net/categories-telechargement/7-formations-informatiques/8-excel/ex-0038d01.xlsx]
[www.clic-formation.net/nommer-une-plage-de-celulle/exercice-3-nommer-cellule.html]
[www.clic-formation.net/images/01-excel/excel-competence-28/ex-004/ex-004-telecharger.xlsx]
[www.clic-formation.net/component/search/index1e59.html]
[www.clic-formation.net/images/01-excel/excel-competence-28/ex-004/ex-004.webp]
[www.clic-formation.net/images/01-excel/excel-competence-28/ex-004/ex-004-solution.webp]
[www.clic-formation.net/categories-telechargement/7-formations-informatiques/8-excel/ex-004f09c.xlsx]
[www.clic-formation.net/nommer-une-plage-de-celulle/exercice-4-nommer-cellule.html]
[www.clic-formation.net/images/01-excel/excel-competence-28/ex-005/ex-005-telecharger.xlsx]
[www.clic-formation.net/component/search/index8bd9.html]
[www.clic-formation.net/images/01-excel/excel-competence-28/ex-005/ex-005.jpg]
[www.clic-formation.net/categories-telechargement/7-formations-informatiques/8-excel/ex-005c006.xlsx]
[www.clic-formation.net/nommer-une-plage-de-celulle/exercice-5-nommer-cellule.html]
[www.clic-formation.net/images/01-excel/excel-competence-28/ex-006/ex-006-telecharger.xlsx]
[www.clic-formation.net/component/search/index283f.html]
[www.clic-formation.net/images/01-excel/excel-competence-28/ex-006/ex-006.jpg]
[www.clic-formation.net/categories-telechargement/7-formations-informatiques/8-excel/ex-0061b51.xlsx]
[www.clic-formation.net/nommer-une-plage-de-celulle/exercice-6-nommer-cellule.html]
[www.clic-formation.net/images/01-excel/excel-competence-28/ex-007/ex-007.xlsx]
[www.clic-formation.net/component/search/index82f0.html]
[www.clic-formation.net/images/01-excel/excel-competence-28/ex-007/ex-007.gif]
[www.clic-formation.net/images/01-excel/excel-competence-28/ex-007/ex-007-solution.gif]
[www.clic-formation.net/categories-telechargement/7-formations-informatiques/8-excel/ex-007-solutionb80c.xlsx]
[www.clic-formation.net/nommer-une-plage-de-celulle/exercice-7-nommer-cellule.html]
[www.clic-formation.net/images/01-excel/excel-competence-28/ex-008/ex-008.xlsx]
[www.clic-formation.net/component/search/indexdaba.html]
[www.clic-formation.net/images/01-excel/excel-competence-28/ex-008/ex-008.gif]
[www.clic-formation.net/images/01-excel/excel-competence-28/ex-008/ex-008-solution.gif]
[www.clic-formation.net/categories-telechargement/7-formations-informatiques/8-excel/ex-008-solutiond01a.xlsx]
[www.clic-formation.net/nommer-une-plage-de-celulle/exercice-8-nommer-cellule.html]
[www.clic-formation.net/images/01-excel/excel-competence-28/ex-009/images.zip]
[www.clic-formation.net/images/01-excel/excel-competence-28/ex-009/ex-009.webp]
[www.clic-formation.net/component/search/index91cd.html]
[www.clic-formation.net/images/01-excel/excel-competence-28/ex-009/validation-donnee.gif]
[www.clic-formation.net/images/01-excel/excel-competence-28/ex-009/gestionnaire-de-nom.webp]
[www.clic-formation.net/images/01-excel/excel-competence-28/ex-009/zone-nommee.webp]
[www.clic-formation.net/images/01-excel/excel-competence-28/ex-009/nommage-image.webp]
[www.clic-formation.net/categories-telechargement/7-formations-informatiques/8-excel/ex-009-solution09a7.xlsx]
[www.clic-formation.net/nommer-une-plage-de-celulle/exercice-9-nommer-cellule.html]
[www.clic-formation.net/images/01-excel/excel-competence-31/support/2007_tableaux1.jpg]
[www.clic-formation.net/component/search/index6852.html]
[www.clic-formation.net/images/01-excel/excel-competence-31/support/2007_tableaux2.jpg]
[www.clic-formation.net/fonctions-base-de-donnees/support-tableau-croise.html]
[www.clic-formation.net/component/search/indexca1b.html]
[www.clic-formation.net/images/01-excel/excel-competence-31/ex-001/ex-001.xlsx]
[www.clic-formation.net/images/01-excel/excel-competence-31/ex-001/ex-001.gif]
[www.clic-formation.net/images/01-excel/excel-competence-16/ex1/base-tcd-1.xlsx]
[www.clic-formation.net/images/01-excel/excel-competence-31/ex-001/exo1.jpg]
[www.clic-formation.net/images/01-excel/excel-competence-31/ex-001/exo-2.jpg]
[www.clic-formation.net/images/01-excel/excel-competence-31/ex-001/exo-3.jpg]
[www.clic-formation.net/images/01-excel/excel-competence-31/ex-001/exo-4.jpg]
[www.clic-formation.net/categories-telechargement/7-formations-informatiques/8-excel/ex-001-solutionb945.xlsx]
[www.clic-formation.net/fonctions-base-de-donnees/tableau-croise-dynamique-1.html]
[www.clic-formation.net/images/01-excel/excel-competence-31/ex-002/ex-002.xlsx]
[www.clic-formation.net/images/01-excel/excel-competence-31/ex-002/ex-002.gif]
[www.clic-formation.net/component/search/index97bf.html]
[www.clic-formation.net/images/01-excel/excel-competence-31/ex-002/feuille-1.gif]
[www.clic-formation.net/images/01-excel/excel-competence-31/ex-002/feuille-2.gif]
[www.clic-formation.net/images/01-excel/excel-competence-31/ex-002/feuille-3.gif]
[www.clic-formation.net/images/01-excel/excel-competence-31/ex-002/feuille-4.gif]
[www.clic-formation.net/images/01-excel/excel-competence-31/ex-002/feuille-5.gif]
[www.clic-formation.net/images/01-excel/excel-competence-31/ex-002/feuille-6.gif]
[www.clic-formation.net/images/01-excel/excel-competence-31/ex-002/ex-002-feuille-7.gif]
[www.clic-formation.net/categories-telechargement/7-formations-informatiques/8-excel/ex-002-solutiona4a7.xlsx]
[www.clic-formation.net/fonctions-base-de-donnees/exercice-2-tcd.html]
[www.clic-formation.net/images/01-excel/excel-competence-31/ex-003/ex-003.xlsx]
[www.clic-formation.net/images/01-excel/excel-competence-31/ex-003/ex-003.gif]
[www.clic-formation.net/component/search/index9f61.html]
[www.clic-formation.net/images/01-excel/excel-competence-31/ex-003/feuille-1.jpg]
[www.clic-formation.net/images/01-excel/excel-competence-31/ex-003/feuille-2.gif]
[www.clic-formation.net/images/01-excel/excel-competence-31/ex-003/feuille-3.gif]
[www.clic-formation.net/images/01-excel/excel-competence-31/ex-003/feuille-4.gif]
[www.clic-formation.net/images/01-excel/excel-competence-31/ex-003/feuille-5.gif]
[www.clic-formation.net/images/01-excel/excel-competence-31/ex-003/feuille-6.gif]
[www.clic-formation.net/images/01-excel/excel-competence-31/ex-003/feuille-7.gif]
[www.clic-formation.net/images/01-excel/excel-competence-31/ex-003/feuille-8.gif]
[www.clic-formation.net/categories-telechargement/7-formations-informatiques/8-excel/ex-003-solutionfec5.xlsx]
[www.clic-formation.net/fonctions-base-de-donnees/exercice-3-tcd.html]
[www.clic-formation.net/images/01-excel/excel-competence-31/ex-004/ex-004.xlsx]
[www.clic-formation.net/component/search/indexbedf.html]
[www.clic-formation.net/images/01-excel/excel-competence-31/ex-004/ex-004.gif]
[www.clic-formation.net/images/01-excel/excel-competence-31/ex-004/feuille-1.gif]
[www.clic-formation.net/images/01-excel/excel-competence-31/ex-004/feuille-2.gif]
[www.clic-formation.net/images/01-excel/excel-competence-31/ex-004/feuille-3.gif]
[www.clic-formation.net/images/01-excel/excel-competence-31/ex-004/feuille-4.gif]
[www.clic-formation.net/categories-telechargement/7-formations-informatiques/8-excel/ex-004-solution5165.xlsx]
[www.clic-formation.net/fonctions-base-de-donnees/exercice-4-tcd.html]
[www.clic-formation.net/images/01-excel/excel-competence-31/ex-005/ex-005.xlsx]
[www.clic-formation.net/component/search/index6540.html]
[www.clic-formation.net/images/01-excel/excel-competence-31/ex-005/ex-005.gif]
[www.clic-formation.net/images/01-excel/excel-competence-31/ex-005/feuille-1.gif]
[www.clic-formation.net/images/01-excel/excel-competence-31/ex-005/feuille-2.gif]
[www.clic-formation.net/images/01-excel/excel-competence-31/ex-005/feuille-3.gif]
[www.clic-formation.net/images/01-excel/excel-competence-31/ex-005/feuille-4.gif]
[www.clic-formation.net/categories-telechargement/7-formations-informatiques/8-excel/ex-005-solution5cc1.xlsx]
[www.clic-formation.net/fonctions-base-de-donnees/exercice-5-tcd.html]
[www.clic-formation.net/component/search/index593d.html]
[www.clic-formation.net/images/01-excel/excel-competence-31/ex-006/ex-006.xlsx]
[www.clic-formation.net/images/01-excel/excel-competence-31/ex-006/ex-006.gif]
[www.clic-formation.net/images/01-excel/excel-competence-31/ex-006/feuille-1.gif]
[www.clic-formation.net/images/01-excel/excel-competence-31/ex-006/feuille-2.gif]
[www.clic-formation.net/images/01-excel/excel-competence-31/ex-006/feuille-3.gif]
[www.clic-formation.net/images/01-excel/excel-competence-31/ex-006/feuille-4.gif]
[www.clic-formation.net/images/01-excel/excel-competence-31/ex-006/feuille-5.gif]
[www.clic-formation.net/categories-telechargement/7-formations-informatiques/8-excel/ex-006-solutionc8dc.xlsx]
[www.clic-formation.net/fonctions-base-de-donnees/exercice-6-tcd.html]
[www.clic-formation.net/images/01-excel/excel-competence-31/ex-007/ex-007.xlsx]
[www.clic-formation.net/component/search/indexd4bc.html]
[www.clic-formation.net/images/01-excel/excel-competence-31/ex-007/ex-007.jpg]
[www.clic-formation.net/images/01-excel/excel-competence-31/ex-007/feuille-01.jpg]
[www.clic-formation.net/images/01-excel/excel-competence-31/ex-007/feuille-02.gif]
[www.clic-formation.net/images/01-excel/excel-competence-31/ex-007/feuille-03.gif]
[www.clic-formation.net/images/01-excel/excel-competence-31/ex-007/feuille-04.gif]
[www.clic-formation.net/images/01-excel/excel-competence-31/ex-007/feuille-05.gif]
[www.clic-formation.net/images/01-excel/excel-competence-31/ex-007/feuille-06.gif]
[www.clic-formation.net/images/01-excel/excel-competence-31/ex-007/feuille-07.gif]
[www.clic-formation.net/images/01-excel/excel-competence-31/ex-007/feuille-08.gif]
[www.clic-formation.net/categories-telechargement/7-formations-informatiques/8-excel/ex-007-solution0179.xlsx]
[www.clic-formation.net/fonctions-base-de-donnees/exercice-7.html]
[www.clic-formation.net/component/search/indexcc9f.html]
[www.clic-formation.net/images/01-excel/excel-competence-31/ex-008/ex-008.gif]
[www.clic-formation.net/images/01-excel/excel-competence-31/ex-008/ex-008-solution-2.gif]
[www.clic-formation.net/categories-telechargement/7-formations-informatiques/8-excel/ex-008-solution4635.xlsx]
[www.clic-formation.net/fonctions-base-de-donnees/exercice-8.html]
[www.clic-formation.net/images/01-excel/excel-competence-31/ex-009/ex-009.xlsx]
[www.clic-formation.net/component/search/index024b.html]
[www.clic-formation.net/images/01-excel/excel-competence-31/ex-009/ex-009-enonce.gif]
[www.clic-formation.net/images/01-excel/excel-competence-31/ex-009/ex-009-feuille-1.gif]
[www.clic-formation.net/images/01-excel/excel-competence-31/ex-009/ex-009-feuille-2.gif]
[www.clic-formation.net/images/01-excel/excel-competence-31/ex-009/ex-009-feuille-3.gif]
[www.clic-formation.net/categories-telechargement/7-formations-informatiques/8-excel/ex-009-solution4856.xlsx]
[www.clic-formation.net/fonctions-base-de-donnees/exercice-9.html]
[www.clic-formation.net/images/01-excel/excel-competence-12/support-sous-totaux/2007_soustotaux7.jpg]
[www.clic-formation.net/images/01-excel/excel-competence-12/support-sous-totaux/2007_soustotaux2.jpg]
[www.clic-formation.net/component/search/index80d4.html]
[www.clic-formation.net/images/01-excel/excel-competence-12/support-sous-totaux/2007_soustotaux3.jpg]
[www.clic-formation.net/images/01-excel/excel-competence-12/support-sous-totaux/2007_soustotaux4.jpg]
[www.clic-formation.net/images/01-excel/excel-competence-12/support-sous-totaux/2007_soustotaux5.jpg]
[www.clic-formation.net/images/01-excel/excel-competence-12/support-sous-totaux/2007_soustotaux6.jpg]
[www.clic-formation.net/sous-totaux/support.html]
[www.clic-formation.net/images/01-excel/excel-competence-29/ex-001/ex-001.xlsx]
[www.clic-formation.net/component/search/index51d4.html]
[www.clic-formation.net/images/01-excel/excel-competence-29/ex-001/ex-001.gif]
[www.clic-formation.net/images/01-excel/excel-competence-29/ex-001/ex-001-solution.gif]
[www.clic-formation.net/categories-telechargement/7-formations-informatiques/8-excel/ex-001-solution9254.xlsx]
[www.clic-formation.net/sous-totaux/exercice-1.html]
[www.clic-formation.net/images/01-excel/excel-competence-29/ex-002/ex-002.xlsx]
[www.clic-formation.net/component/search/index571a.html]
[www.clic-formation.net/images/01-excel/excel-competence-29/ex-002/ex-002.gif]
[www.clic-formation.net/images/01-excel/excel-competence-29/ex-002/ex-002-solution.gif]
[www.clic-formation.net/categories-telechargement/7-formations-informatiques/8-excel/ex-002-solution1b17.xlsx]
[www.clic-formation.net/sous-totaux/exercice-2.html]
[www.clic-formation.net/images/01-excel/excel-competence-29/ex-003/ex-003.xlsx]
[www.clic-formation.net/component/search/indexd6f5.html]
[www.clic-formation.net/images/01-excel/excel-competence-29/ex-003/ex-003.gif]
[www.clic-formation.net/images/01-excel/excel-competence-29/ex-003/ex-003-solution.gif]
[www.clic-formation.net/categories-telechargement/7-formations-informatiques/8-excel/ex-003-solution3b74.xlsx]
[www.clic-formation.net/sous-totaux/exercice-3.html]
[www.clic-formation.net/images/01-excel/excel-competence-29/ex-004/ex-004.xlsx]
[www.clic-formation.net/component/search/index0c86.html]
[www.clic-formation.net/images/01-excel/excel-competence-29/ex-004/ex-004-enonce.gif]
[www.clic-formation.net/images/01-excel/excel-competence-29/ex-004/par-service.gif]
[www.clic-formation.net/images/01-excel/excel-competence-29/ex-004/par-duree.gif]
[www.clic-formation.net/images/01-excel/excel-competence-29/ex-004/par-type-de-panne.gif]
[www.clic-formation.net/categories-telechargement/7-formations-informatiques/8-excel/ex-004-solutioneef3.xlsx]
[www.clic-formation.net/sous-totaux/exercice-4.html]
[www.clic-formation.net/consolidation/support.html]
[www.clic-formation.net/component/search/index5e76.html]
[www.clic-formation.net/images/01-excel/excel-competence-30/ex-001/ex-001-enonce.xlsx]
[www.clic-formation.net/component/search/index495f.html]
[www.clic-formation.net/images/01-excel/excel-competence-30/ex-001/ex-001-enonce.gif]
[www.clic-formation.net/images/01-excel/excel-competence-30/ex-001/ex-001-solution.gif]
[www.clic-formation.net/categories-telechargement/7-formations-informatiques/8-excel/ex-001-solution39f0.xlsx]
[www.clic-formation.net/consolidation/exercice-1.html]
[www.clic-formation.net/images/01-excel/excel-competence-30/ex-002/ex-002.xlsx]
[www.clic-formation.net/component/search/indexb306.html]
[www.clic-formation.net/images/01-excel/excel-competence-30/ex-002/ex-002-enonce.gif]
[www.clic-formation.net/images/01-excel/excel-competence-30/ex-002/ex-002-solution.gif]
[www.clic-formation.net/categories-telechargement/7-formations-informatiques/8-excel/ex-002-solution47c7.xlsx]
[www.clic-formation.net/consolidation/exercice-2.html]
[www.clic-formation.net/images/01-excel/excel-competence-30/ex-003/ex-003.xlsx]
[www.clic-formation.net/images/01-excel/excel-competence-30/ex-003/ex-003-enonce.gif]
[www.clic-formation.net/component/search/index8708.html]
[www.clic-formation.net/images/01-excel/excel-competence-30/ex-003/ex-003-solution.gif]
[www.clic-formation.net/categories-telechargement/7-formations-informatiques/8-excel/ex-003-solution1ca6.xlsx]
[www.clic-formation.net/consolidation/exercice-3.html]
[www.clic-formation.net/images/01-excel/excel-competence-30/ex-004/ex-004.xlsx]
[www.clic-formation.net/component/search/index6f27.html]
[www.clic-formation.net/images/01-excel/excel-competence-30/ex-004/ex-004-enonce.gif]
[www.clic-formation.net/images/01-excel/excel-competence-30/ex-004/ex-004-solution.gif]
[www.clic-formation.net/categories-telechargement/7-formations-informatiques/8-excel/ex-004-solutionba8b.xlsx]
[www.clic-formation.net/consolidation/exercice-4.html]
[www.clic-formation.net/images/01-excel/excel-competence-30/ex-005/ex-005.xlsx]
[www.clic-formation.net/images/01-excel/excel-competence-30/ex-005/ex-005-enonce.gif]
[www.clic-formation.net/component/search/index9ef3.html]
[www.clic-formation.net/images/01-excel/excel-competence-30/ex-005/ex-005-solution.gif]
[www.clic-formation.net/categories-telechargement/7-formations-informatiques/8-excel/ex-005-solution57eb.xlsx]
[www.clic-formation.net/consolidation/exercice-5.html]
[www.clic-formation.net/component/search/index4b0b.html]
[www.clic-formation.net/images/01-excel/excel-competence-30/ex-006/ex-006.zip]
[www.clic-formation.net/images/01-excel/excel-competence-30/ex-006/ex-006-solution.gif]
[www.clic-formation.net/categories-telechargement/7-formations-informatiques/8-excel/ex-006-solutionfa19.xlsx]
[www.clic-formation.net/consolidation/exercice-6.html]
[www.clic-formation.net/images/01-excel/excel-competence-30/ex-007/ex-007.xlsx]
[www.clic-formation.net/component/search/indexc422.html]
[www.clic-formation.net/images/01-excel/excel-competence-30/ex-007/ex-007.jpg]
[www.clic-formation.net/images/01-excel/excel-competence-30/ex-007/ex-007-solution.jpg]
[www.clic-formation.net/categories-telechargement/7-formations-informatiques/8-excel/ex-007-solutionc9c9.xlsx]
[www.clic-formation.net/consolidation/exercice-7.html]
[www.clic-formation.net/images/01-excel/excel-competence-30/ex-008/ex-008-solution.gif]
[www.clic-formation.net/component/search/indexf439.html]
[www.clic-formation.net/categories-telechargement/7-formations-informatiques/8-excel/35-competences-30.html]
[www.clic-formation.net/consolidation/exercice-8.html]
[www.clic-formation.net/component/search/index6c5b.html]
[www.clic-formation.net/images/01-excel/excel-competence-32/support/tuto-01.webp]
[www.clic-formation.net/images/01-excel/excel-competence-32/support/tuto-02.webp]
[www.clic-formation.net/images/01-excel/excel-competence-32/support/tuto-03.webp]
[www.clic-formation.net/images/01-excel/excel-competence-32/support/tuto-04.webp]
[www.clic-formation.net/images/01-excel/excel-competence-32/support/tuto-05.webp]
[www.clic-formation.net/macro/support-macro.html]
[www.clic-formation.net/images/01-excel/excel-competence-32/ex-001/ex-001-resultat.webp]
[www.clic-formation.net/component/search/indexe637.html]
[www.clic-formation.net/images/01-excel/excel-competence-32/ex-001/ex-001-resultat-2.webp]
[www.clic-formation.net/categories-telechargement/7-formations-informatiques/8-excel/ex-0012a47.zip]
[www.clic-formation.net/macro/exercice-1-macro.html]
[www.clic-formation.net/component/search/index78e9.html]
[www.clic-formation.net/tableur/liste-exercices-par-tags/macro.html]
[www.clic-formation.net/images/01-excel/excel-competence-32/ex-002/ex-002.webp]
[www.clic-formation.net/categories-telechargement/7-formations-informatiques/8-excel/ex-002bfcd.zip]
[www.clic-formation.net/macro/exercice-2-macro.html]
[www.clic-formation.net/component/search/index9e28.html]
[www.clic-formation.net/images/01-excel/excel-competence-32/ex-003/ex-003.xlsx]
[www.clic-formation.net/images/01-excel/excel-competence-32/ex-003/icone.zip]
[www.clic-formation.net/images/01-excel/excel-competence-32/ex-003/support-01.webp]
[www.clic-formation.net/images/01-excel/excel-competence-32/ex-003/ex-003-solution.webp]
[www.clic-formation.net/categories-telechargement/7-formations-informatiques/8-excel/ex-003c2e8.zip]
[www.clic-formation.net/macro/exercice-3-macro.html]
[www.clic-formation.net/images/01-excel/excel-competence-32/ex-004/ex-004.xlsx]
[www.clic-formation.net/component/search/index8a5e.html]
[www.clic-formation.net/images/01-excel/excel-competence-32/ex-004/ex-004.webp]
[www.clic-formation.net/images/01-excel/excel-competence-32/ex-004/ex-004-solution.gif]
[www.clic-formation.net/categories-telechargement/7-formations-informatiques/8-excel/ex-004-solution83b8.zip]
[www.clic-formation.net/macro/exercice-4-macro.html]
[www.clic-formation.net/images/01-excel/excel-competence-32/ex-005/ex-005.webp]
[www.clic-formation.net/component/search/index17c1.html]
[www.clic-formation.net/categories-telechargement/7-formations-informatiques/8-excel/ex-0057d58.zip]
[www.clic-formation.net/macro/exercice-5-macro.html]
[www.clic-formation.net/images/01-excel/excel-competence-33/support/support.webp]
[www.clic-formation.net/formulaires/support.html]
[www.clic-formation.net/component/search/index120b.html]
[www.clic-formation.net/images/01-excel/excel-competence-33/ex-001/ex-001.xlsx]
[www.clic-formation.net/component/search/indexf109.html]
[www.clic-formation.net/images/01-excel/excel-competence-33/ex-001/ex-001.gif]
[www.clic-formation.net/images/01-excel/excel-competence-33/ex-001/ex-001-solution.gif]
[www.clic-formation.net/formulaires/exercice-1.html]
[www.clic-formation.net/images/01-excel/excel-competence-36/ex-case-a-cocher/support/support-case-a-cocher.webp]
[www.clic-formation.net/controles-de-formulaire/support-case-a-cocher.html]
[www.clic-formation.net/component/search/index76ff.html]
[www.clic-formation.net/images/01-excel/excel-competence-36/ex-case-a-cocher/ex-001/ex-001.xlsx]
[www.clic-formation.net/component/search/index1f5e.html]
[www.clic-formation.net/images/01-excel/excel-competence-36/ex-case-a-cocher/ex-001/ex-001.webp]
[www.clic-formation.net/images/01-excel/excel-competence-36/ex-case-a-cocher/ex-001/ex-001-solution.webp]
[www.clic-formation.net/categories-telechargement/7-formations-informatiques/8-excel/ex-001-solutiona4bd.xlsx]
[www.clic-formation.net/controles-de-formulaire/exercice-1-case-a-cocher.html]
[www.clic-formation.net/images/01-excel/excel-competence-36/ex-case-a-cocher/ex-002/ex-002.xlsx]
[www.clic-formation.net/component/search/indexc50e.html]
[www.clic-formation.net/images/01-excel/excel-competence-36/ex-case-a-cocher/ex-002/ex-002.webp]
[www.clic-formation.net/images/01-excel/excel-competence-36/ex-case-a-cocher/ex-002/tuto-mefc.webp]
[www.clic-formation.net/images/01-excel/excel-competence-36/ex-case-a-cocher/ex-002/ex-002-solution.webp]
[www.clic-formation.net/categories-telechargement/7-formations-informatiques/8-excel/ex-002-solutiona02d.xlsx]
[www.clic-formation.net/controles-de-formulaire/exercice-2-case-a-cocher.html]
[www.clic-formation.net/images/01-excel/excel-competence-36/ex-case-a-cocher/ex-003/ex-003-qcm.xlsx]
[www.clic-formation.net/component/search/index04fd.html]
[www.clic-formation.net/images/01-excel/excel-competence-36/ex-case-a-cocher/ex-003/ex-003.webp]
[www.clic-formation.net/images/01-excel/excel-competence-36/ex-case-a-cocher/ex-003/ex-003-solution.webp]
[www.clic-formation.net/categories-telechargement/7-formations-informatiques/8-excel/ex-003-qcm-solution4b4f.xlsx]
[www.clic-formation.net/controles-de-formulaire/exercice-3-case-a-cocher.html]
[www.clic-formation.net/images/01-excel/excel-competence-36/ex-bouton-radio/support/support-bouton-radion-01.webp]
[www.clic-formation.net/controles-de-formulaire/support-cases-doption.html]
[www.clic-formation.net/component/search/indexfd1a.html]
[www.clic-formation.net/images/01-excel/excel-competence-36/ex-bouton-radio/ex-001/ex-001.webp]
[www.clic-formation.net/component/search/indexb350.html]
[www.clic-formation.net/images/01-excel/excel-competence-36/ex-bouton-radio/ex-001/ex-001-solution.webp]
[www.clic-formation.net/categories-telechargement/7-formations-informatiques/8-excel/ex-001-solutione387.xlsx]
[www.clic-formation.net/controles-de-formulaire/exercice-1-bouton-radio.html]
[www.clic-formation.net/component/search/indexa413.html]
[www.clic-formation.net/images/01-excel/excel-competence-36/ex-bouton-radio/ex-002/ex-002.xlsx]
[www.clic-formation.net/images/01-excel/excel-competence-36/ex-bouton-radio/ex-002/ex-002.webp]
[www.clic-formation.net/images/01-excel/excel-competence-36/ex-bouton-radio/ex-002/ex-002-solution.webp]
[www.clic-formation.net/categories-telechargement/7-formations-informatiques/8-excel/ex-002-solution38bf.xlsx]
[www.clic-formation.net/controles-de-formulaire/exercice-2-bouton-radio.html]
[www.clic-formation.net/images/01-excel/excel-competence-36/ex-bouton-radio/ex-003/ex-003.xlsx]
[www.clic-formation.net/images/01-excel/excel-competence-36/ex-bouton-radio/ex-003/ex-003.webp]
[www.clic-formation.net/component/search/index75f5.html]
[www.clic-formation.net/images/01-excel/excel-competence-36/ex-bouton-radio/ex-003/ex-003-solution.webp]
[www.clic-formation.net/categories-telechargement/7-formations-informatiques/8-excel/ex-003-solutionff0c.xlsx]
[www.clic-formation.net/controles-de-formulaire/exercice-3-bouton-radio.html]
[www.clic-formation.net/component/search/index7920.html]
[www.clic-formation.net/tableur/liste-exercices-par-tags/nb-val.html]
[www.clic-formation.net/images/01-excel/excel-competence-36/ex-bouton-radio/ex-004/ex-004.xlsx]
[www.clic-formation.net/images/01-excel/excel-competence-36/ex-bouton-radio/ex-004/tuto-01.webp]
[www.clic-formation.net/images/01-excel/excel-competence-36/ex-bouton-radio/ex-004/tuto-02.webp]
[www.clic-formation.net/images/01-excel/excel-competence-36/ex-bouton-radio/ex-004/ex-004-resultat.webp]
[www.clic-formation.net/categories-telechargement/7-formations-informatiques/8-excel/ex-004-solutionec9c.xlsx]
[www.clic-formation.net/controles-de-formulaire/exercice-4-bouton-radio.html]
[www.clic-formation.net/activex/support.html]
[www.clic-formation.net/component/search/index0968.html]
[www.clic-formation.net/images/01-excel/excel-competence-36/ex-activex-zone/ex-001/ex-001.xlsx]
[www.clic-formation.net/images/01-excel/excel-competence-36/ex-activex-zone/ex-001/ex-001.webp]
[www.clic-formation.net/component/search/index317b.html]
[www.clic-formation.net/images/01-excel/excel-competence-36/ex-activex-zone/ex-001/ex-001-solution.webp]
[www.clic-formation.net/categories-telechargement/7-formations-informatiques/8-excel/ex-001-solution7fc6.zip]
[www.clic-formation.net/activex/exercice-1-activex.html]
[www.clic-formation.net/images/01-excel/excel-competence-38/support/support-calcul-matriciel-01.webp]
[www.clic-formation.net/component/search/indexbec1.html]
[www.clic-formation.net/calcul-matriciel/support.html]
[www.clic-formation.net/images/01-excel/excel-competence-38/support/support-calcul-matriciel-02.webp]
[www.clic-formation.net/component/search/index582c.html]
[www.clic-formation.net/tableur/liste-exercices-par-tags/matriciel.html]
[www.clic-formation.net/images/01-excel/excel-competence-38/ex-001/ex-001.xlsx]
[www.clic-formation.net/images/01-excel/excel-competence-38/ex-001/ex-001.webp]
[www.clic-formation.net/images/01-excel/excel-competence-38/ex-001/ex-001-solution.webp]
[www.clic-formation.net/categories-telechargement/7-formations-informatiques/8-excel/ex-001-solution333d.xlsx]
[www.clic-formation.net/calcul-matriciel/exercice-calcul-matriciel-1.html]
[www.clic-formation.net/images/01-excel/excel-competence-38/ex-002/ex-002.xlsx]
[www.clic-formation.net/component/search/index50cf.html]
[www.clic-formation.net/images/01-excel/excel-competence-38/ex-002/ex-002.webp]
[www.clic-formation.net/images/01-excel/excel-competence-38/ex-002/ex-002-solution.webp]
[www.clic-formation.net/categories-telechargement/7-formations-informatiques/8-excel/ex-002-solutionf2d5.xlsx]
[www.clic-formation.net/calcul-matriciel/exercice-calcul-matriciel-2.html]
[www.clic-formation.net/images/01-excel/excel-competence-38/ex-003/ex-003.xlsx]
[www.clic-formation.net/component/search/index4671.html]
[www.clic-formation.net/images/01-excel/excel-competence-38/ex-003/ex-003.webp]
[www.clic-formation.net/images/01-excel/excel-competence-38/ex-003/ex-003-solution.webp]
[www.clic-formation.net/categories-telechargement/7-formations-informatiques/8-excel/ex-003-solutione3fb.xlsx]
[www.clic-formation.net/calcul-matriciel/exercice-calcul-matriciel-3.html]
[www.clic-formation.net/component/search/index779b.html]
[www.clic-formation.net/tableur/liste-exercices-par-tags/nb.html]
[www.clic-formation.net/images/01-excel/excel-competence-38/ex-004/ex-004.xlsx]
[www.clic-formation.net/images/01-excel/excel-competence-38/ex-004/ex-004.webp]
[www.clic-formation.net/images/01-excel/excel-competence-38/ex-004/ex-004-solution.webp]
[www.clic-formation.net/categories-telechargement/7-formations-informatiques/8-excel/ex-004-solution77fd.xlsx]
[www.clic-formation.net/calcul-matriciel/exercice-calcul-matriciel-4.html]
[www.clic-formation.net/component/search/indexcea7.html]
[www.clic-formation.net/quizz-evaluation-connexion-requise-2/quizz-valeur-absolue16f0.html]
[www.clic-formation.net/quizz-evaluation-connexion-requise-2/quizz-valeur-absolue5483.html]
[www.clic-formation.net/quizz-evaluation-connexion-requise-2/quizz-valeur-absolue.html]
[www.clic-formation.net/quizz-evaluation-connexion-requise-2/quizz-valeur-absolue51bd.html]
[www.clic-formation.net/fonctions-statistiques.html]
[www.clic-formation.net/fonctions-logiques.html]
[www.clic-formation.net/fonctions-recherche.html]
[www.clic-formation.net/fonctions-mathematiques.html]
[www.clic-formation.net/component/search/index1cd4.html]
[www.clic-formation.net/component/search/index2133.html]
[www.clic-formation.net/fonctions-de-date-et-heures.html]
[www.clic-formation.net/component/search/index237c.html]
[www.clic-formation.net/fonctions-texte.html]
[www.clic-formation.net/component/search/index0dee.html]
[www.clic-formation.net/component/search/indexfef5.html]
[www.clic-formation.net/component/search/index1908.html]
[www.clic-formation.net/component/search/index126e.html]
[www.clic-formation.net/exercie-1-carte-europe.html]
[www.clic-formation.net/exercie-2-region-france.html]
[www.clic-formation.net/exercie-3-departement-france.html]
[www.clic-formation.net/exercie-4-ville-departement.html]
[www.clic-formation.net/fonctions-cartographie.html]
[www.clic-formation.net/images/01-excel/excel-competence-35/support/support-01.gif]
[www.clic-formation.net/excel-inclassable.html]
[www.clic-formation.net/component/search/index3f3a.html]
[www.clic-formation.net/images/02-word/asca-ul21/2008-05/sujet-wi-tool.pdf]
[www.clic-formation.net/images/02-word/asca-ul21/2008-05/wi-tools.docx]
[www.clic-formation.net/component/search/index4534.html]
[www.clic-formation.net/images/02-word/asca-ul21/2008-05/01.gif]
[www.clic-formation.net/images/02-word/asca-ul21/2008-05/02.gif]
[www.clic-formation.net/exercices-asca-ul11-word.html]
[www.clic-formation.net/exercices-asca-ul11-word/wi-tool.html]
[www.clic-formation.net/images/02-word/asca-ul21/2009-01/electra.pdf]
[www.clic-formation.net/component/search/indexec0c.html]
[www.clic-formation.net/exercices-asca-ul11-word/electra.html]
[www.clic-formation.net/images/02-word/asca-ul21/2009-01/01.gif]
[www.clic-formation.net/images/02-word/asca-ul21/2009-05/concerts-spectacles.pdf]
[www.clic-formation.net/component/search/index183f.html]
[www.clic-formation.net/images/02-word/asca-ul21/2009-05/01.gif]
[www.clic-formation.net/exercices-asca-ul11-word/cas-cite-des-concerts.html]
[www.clic-formation.net/images/02-word/asca-ul21/2010-01/2010-01-commercants.pdf]
[www.clic-formation.net/images/02-word/asca-ul21/2010-01/sujet-01.gif]
[www.clic-formation.net/component/search/indexe2ad.html]
[www.clic-formation.net/images/02-word/asca-ul21/2010-01/sujet-02.gif]
[www.clic-formation.net/exercices-asca-ul11-word/cas-union-des-commercants.html]
[www.clic-formation.net/images/02-word/asca-ul21/2010-05/2010-05-novatix.pdf]
[www.clic-formation.net/images/02-word/asca-ul21/2010-05/novatix-01.gif]
[www.clic-formation.net/component/search/indexb4cf.html]
[www.clic-formation.net/images/02-word/asca-ul21/2010-05/novatix-02.gif]
[www.clic-formation.net/exercices-asca-ul11-word/cas-novatix.html]
[www.clic-formation.net/images/02-word/asca-ul21/2011-01/2011-01-superprint.pdf]
[www.clic-formation.net/component/search/indexca51.html]
[www.clic-formation.net/images/02-word/asca-ul21/2011-01/super-print.docx]
[www.clic-formation.net/images/02-word/asca-ul21/2011-01/super-print-01.gif]
[www.clic-formation.net/images/02-word/asca-ul21/2011-01/super-print-02.gif]
[www.clic-formation.net/exercices-asca-ul11-word/cas-super-print.html]
[www.clic-formation.net/images/02-word/asca-ul21/2011-05/2011-05-credit-top.pdf]
[www.clic-formation.net/images/02-word/asca-ul21/2011-05/credit-top-01.gif]
[www.clic-formation.net/component/search/index2322.html]
[www.clic-formation.net/images/02-word/asca-ul21/2011-05/credit-top-02.gif]
[www.clic-formation.net/exercices-asca-ul11-word/cas-credit-top.html]
[www.clic-formation.net/images/02-word/asca-ul21/2012/2012-logique-bio.pdf]
[www.clic-formation.net/images/02-word/asca-ul21/2012/bio-01.gif]
[www.clic-formation.net/component/search/indexa081.html]
[www.clic-formation.net/images/02-word/asca-ul21/2012/bio-02.gif]
[www.clic-formation.net/exercices-asca-ul11-word/cas-logique-bio.html]
[www.clic-formation.net/component/search/indexe906.html]
[www.clic-formation.net/tableur/liste-exercices-par-tags/min.html]
[www.clic-formation.net/images/01-excel/exercices-pratiques/2016-01-gens-enveloppe/2016-01-gens-enveloppe.webp]
[www.clic-formation.net/images/01-excel/exercices-pratiques/2016-01-gens-enveloppe/tableau.webp]
[www.clic-formation.net/images/01-excel/exercices-pratiques/2016-01-gens-enveloppe/2016-01-gens-enveloppe-2.webp]
[www.clic-formation.net/images/01-excel/exercices-pratiques/2016-01-gens-enveloppe/2016-01-gens-enveloppe-solution-1.webp]
[www.clic-formation.net/categories-telechargement/43-asca/2016-01-gens-enveloppe-solution54a1.xlsx]
[www.clic-formation.net/exercices-asca-ul21-excel/enveloppe.html]
[www.clic-formation.net/images/01-excel/exercices-pratiques/2006-01-com-un-parfum/2006-com-un-parfum.pdf]
[www.clic-formation.net/images/01-excel/exercices-pratiques/2006-01-com-un-parfum/annexe-01.gif]
[www.clic-formation.net/component/search/index51e2.html]
[www.clic-formation.net/images/01-excel/exercices-pratiques/2006-01-com-un-parfum/annexe-02.gif]
[www.clic-formation.net/images/01-excel/exercices-pratiques/2006-01-com-un-parfum/resultat-01.gif]
[www.clic-formation.net/images/01-excel/exercices-pratiques/2006-01-com-un-parfum/resultat-02.gif]
[www.clic-formation.net/categories-telechargement/43-asca/2006-com-un-parfum3775.xlsx]
[www.clic-formation.net/exercices-asca-ul21-excel/cas-com-un-parfum.html]
[www.clic-formation.net/images/01-excel/exercices-pratiques/2010-05-vancouver/2010-05-vancouver.pdf]
[www.clic-formation.net/images/01-excel/exercices-pratiques/2010-05-vancouver/vancouver.jpg]
[www.clic-formation.net/component/search/indexc16e.html]
[www.clic-formation.net/images/01-excel/exercices-pratiques/2010-05-vancouver/2010-05-vancouver-graphique.jpg]
[www.clic-formation.net/images/01-excel/exercices-pratiques/2010-05-vancouver/2010-05-vancouver-tableau.jpg]
[www.clic-formation.net/categories-telechargement/43-asca/2010-05-vancouver7fa6.xlsx]
[www.clic-formation.net/exercices-asca-ul21-excel/cas-vancouver.html]
[www.clic-formation.net/images/01-excel/exercices-pratiques/2011-05-suedoise-sandwich/2011-05-suedoise.pdf]
[www.clic-formation.net/component/search/indexa17c.html]
[www.clic-formation.net/images/01-excel/exercices-pratiques/2011-05-suedoise-sandwich/2011-05-suedoise-sandwich-exo.jpg]
[www.clic-formation.net/images/01-excel/exercices-pratiques/2011-05-suedoise-sandwich/2011-05-suedoise.jpg]
[www.clic-formation.net/categories-telechargement/43-asca/2011-05-suedoise-sandwichd663.xlsx]
[www.clic-formation.net/exercices-asca-ul21-excel/cas-la-sue-doise.html]
[www.clic-formation.net/images/01-excel/exercices-pratiques/2008-05-mosaique/2008-05-mosaique.pdf]
[www.clic-formation.net/component/search/indexc38b.html]
[www.clic-formation.net/images/01-excel/exercices-pratiques/2008-05-mosaique/2008-05-mosaique-resultat-tableau.jpg]
[www.clic-formation.net/images/01-excel/exercices-pratiques/2008-05-mosaique/2008-05-mosaique-resultat.jpg]
[www.clic-formation.net/categories-telechargement/43-asca/2008-05-mosaique51b7.xlsx]
[www.clic-formation.net/exercices-asca-ul21-excel/cas-mosaique.html]
[www.clic-formation.net/images/01-excel/exercices-pratiques/2011-01-sudinfo/2011-01-sud-info.pdf]
[www.clic-formation.net/component/search/index4f36.html]
[www.clic-formation.net/images/01-excel/exercices-pratiques/2011-01-sudinfo/2011-01-sudinfo.jpg]
[www.clic-formation.net/images/01-excel/exercices-pratiques/2011-01-sudinfo/2011-01-sudinfo-solution.jpg]
[www.clic-formation.net/images/01-excel/exercices-pratiques/2011-01-sudinfo/2011-01-sudinfo-graphe.jpg]
[www.clic-formation.net/categories-telechargement/43-asca/2011-01-sudinfoe007.xlsx]
[www.clic-formation.net/exercices-asca-ul21-excel/cas-sud-informatique.html]
[www.clic-formation.net/images/01-excel/exercices-pratiques/2012-05-cosmetiques/2012-05-cosmetique.pdf]
[www.clic-formation.net/images/01-excel/exercices-pratiques/2012-05-cosmetiques/2012-05-cosmetique.jpg]
[www.clic-formation.net/component/search/indexaf28.html]
[www.clic-formation.net/images/01-excel/exercices-pratiques/2012-05-cosmetiques/2012-05-cosmetique-resultat.jpg]
[www.clic-formation.net/images/01-excel/exercices-pratiques/2012-05-cosmetiques/2012-05-cosmetique-graphe.jpg]
[www.clic-formation.net/categories-telechargement/43-asca/2012-05-cosmetiquec0ea.xlsx]
[www.clic-formation.net/exercices-asca-ul21-excel/cas-generale-de-cosmetiques.html]
[www.clic-formation.net/images/01-excel/exercices-pratiques/2009-01-petits-porteurs/2009-01-petits-porteurs.pdf]
[www.clic-formation.net/images/01-excel/exercices-pratiques/2009-01-petits-porteurs/masque.gif]
[www.clic-formation.net/component/search/indexf32a.html]
[www.clic-formation.net/images/01-excel/exercices-pratiques/2009-01-petits-porteurs/resultat-01.gif]
[www.clic-formation.net/images/01-excel/exercices-pratiques/2009-01-petits-porteurs/resultat-2.gif]
[www.clic-formation.net/exercices-asca-ul21-excel/cas-petits-porteurs.html]
[www.clic-formation.net/images/01-excel/exercices-pratiques/2009-05-centre-format/2009-05-centre-format.pdf]
[www.clic-formation.net/images/01-excel/exercices-pratiques/2009-05-centre-format/2009-05-enonce.gif]
[www.clic-formation.net/component/search/index360b.html]
[www.clic-formation.net/images/01-excel/exercices-pratiques/2009-05-centre-format/2009-05.gif]
[www.clic-formation.net/categories-telechargement/43-asca/2009-05-formationcb0f.xlsx]
[www.clic-formation.net/exercices-asca-ul21-excel/cas-centre-format.html]
[www.clic-formation.net/images/01-excel/exercices-pratiques/2008-01-parcelle/2008-01.pdf]
[www.clic-formation.net/images/01-excel/exercices-pratiques/2008-01-parcelle/2008-01-03.gif]
[www.clic-formation.net/component/search/indexe800.html]
[www.clic-formation.net/images/01-excel/exercices-pratiques/2008-01-parcelle/2008-01-02.gif]
[www.clic-formation.net/categories-telechargement/43-asca/2008-01-parcelle60b9.xlsx]
[www.clic-formation.net/exercices-asca-ul21-excel/cas-parcelle.html]
[www.clic-formation.net/images/01-excel/exercices-pratiques/2010-01-ress-marketing/2010-01-ress-marketing.pdf]
[www.clic-formation.net/images/01-excel/exercices-pratiques/2010-01-ress-marketing/annexe-1.gif]
[www.clic-formation.net/component/search/indexe9aa.html]
[www.clic-formation.net/images/01-excel/exercices-pratiques/2010-01-ress-marketing/resultat-1.gif]
[www.clic-formation.net/images/01-excel/exercices-pratiques/2010-01-ress-marketing/resultat-2.gif]
[www.clic-formation.net/categories-telechargement/43-asca/2010-01-ress-marketing296f.xlsx]
[www.clic-formation.net/exercices-asca-ul21-excel/cas-ress-marketing.html]
[www.clic-formation.net/images/01-excel/exercices-pratiques/2011-05-suedoise-sandwich-ul22/2011-05-ul22-suedoise.pdf]
[www.clic-formation.net/images/01-excel/exercices-pratiques/2011-05-suedoise-sandwich-ul22/sandwicherie-ul22-enonce.webp]
[www.clic-formation.net/component/search/index2707.html]
[www.clic-formation.net/images/01-excel/exercices-pratiques/2011-05-suedoise-sandwich-ul22/sandwicherie-ul22-table.webp]
[www.clic-formation.net/images/01-excel/exercices-pratiques/2011-05-suedoise-sandwich-ul22/sandwicherie-ul22-solution.webp]
[www.clic-formation.net/categories-telechargement/43-asca/UL22-sandwicherie-resultatdaa4.xlsx]
[www.clic-formation.net/ul22-excel/suedoise-sandwicherie-ul22.html]
[www.clic-formation.net/images/01-excel/exercices-pratiques/2008-05-blue-lagon-ul22/blue-lagon-ul22.pdf]
[www.clic-formation.net/images/01-excel/exercices-pratiques/2008-05-blue-lagon-ul22/blue-lagoon-enonce.webp]
[www.clic-formation.net/component/search/index2130.html]
[www.clic-formation.net/images/01-excel/exercices-pratiques/2008-05-blue-lagon-ul22/blue-lagoon-solution.webp]
[www.clic-formation.net/categories-telechargement/43-asca/2008-01-blue-lagoon-UL22-solutionf9eb.xlsx]
[www.clic-formation.net/ul22-excel/blue-lagon.html]
[www.clic-formation.net/component/search/index39a2.html]
[www.clic-formation.net/tableur/liste-exercices-par-tags/no-semaine.html]
[www.clic-formation.net/tableur/liste-exercices-par-tags/joursem.html]
[www.clic-formation.net/tableur/liste-exercices-par-tags/indirect.html]
[www.clic-formation.net/tableur/liste-exercices-par-tags/nb-si.html]
[www.clic-formation.net/tableur/liste-exercices-par-tags/moyenne.html]
[www.clic-formation.net/tableur/liste-exercices-par-tags/somme-si.html]
[www.clic-formation.net/tableur/liste-exercices-par-tags/max.html]
[www.clic-formation.net/tableur/liste-exercices-par-tags/rang.html]
[www.clic-formation.net/tableur/liste-exercices-par-tags/nb-si-ens.html]
[www.clic-formation.net/tableur/liste-exercices-par-tags/stxt.html]
[www.clic-formation.net/tableur/liste-exercices-par-tags/jour.html]
[www.clic-formation.net/tableur/liste-exercices-par-tags/minuscule.html]
[www.clic-formation.net/tableur/liste-exercices-par-tags/mois.html]
[www.clic-formation.net/tableur/liste-exercices-par-tags/tcd.html]
[www.clic-formation.net/exercice-complet.html]
[www.clic-formation.net/tableur/liste-exercices-par-tags/ou.html]
[www.clic-formation.net/component/search/indexde40.html]
[www.clic-formation.net/images/01-excel/exercices-pratiques/cas-creation-planning/cas-creation-planning.xlsx]
[www.clic-formation.net/images/01-excel/exercices-pratiques/cas-creation-planning/cas-planning-conge.webp]
[www.clic-formation.net/categories-telechargement/7-formations-informatiques/8-excel/cas-creation-planning-solution7cc6.xlsx]
[www.clic-formation.net/cas-creation-planning-conges.html]
[www.clic-formation.net/cas-formulaire-de-saisie.html]
[www.clic-formation.net/images/01-excel/exercices-pratiques/cas-fiche-intervention/cas-fiche-intervention-sans-zone.xlsx]
[www.clic-formation.net/component/search/index35f2.html]
[www.clic-formation.net/images/01-excel/exercices-pratiques/cas-fiche-intervention/cas-fiche-intervention-tutore.xlsx]
[www.clic-formation.net/images/01-excel/exercices-pratiques/cas-fiche-intervention/preparation-feuille-base.webp]
[www.clic-formation.net/images/01-excel/exercices-pratiques/cas-fiche-intervention/preparation-feuille-fiche.webp]
[www.clic-formation.net/images/01-excel/exercices-pratiques/cas-fiche-intervention/liste.webp]
[www.clic-formation.net/images/01-excel/exercices-pratiques/cas-fiche-intervention/selection.webp]
[www.clic-formation.net/images/01-excel/exercices-pratiques/cas-fiche-intervention/estnum.webp]
[www.clic-formation.net/images/01-excel/exercices-pratiques/cas-fiche-intervention/filtre.webp]
[www.clic-formation.net/images/01-excel/exercices-pratiques/cas-fiche-intervention/selection-nom.webp]
[www.clic-formation.net/images/01-excel/exercices-pratiques/cas-fiche-intervention/selection-resultat.webp]
[www.clic-formation.net/images/01-excel/exercices-pratiques/cas-fiche-intervention/validation-01.webp]
[www.clic-formation.net/images/01-excel/exercices-pratiques/cas-fiche-intervention/validation-02.webp]
[www.clic-formation.net/categories-telechargement/7-formations-informatiques/8-excel/cas-fiche-intervention-solution7f92.xlsx]
[www.clic-formation.net/cas-fiche-dintervention.html]
[www.clic-formation.net/images/01-excel/exercices-pratiques/cas-calendrier/calendrier.xlsx]
[www.clic-formation.net/images/01-excel/exercices-pratiques/cas-calendrier/calendrier-modele.webp]
[www.clic-formation.net/images/01-excel/exercices-pratiques/cas-calendrier/calendrier-resultat-modele-simple.webp]
[www.clic-formation.net/component/search/index77c5.html]
[www.clic-formation.net/images/01-excel/exercices-pratiques/cas-calendrier/calendrier-resultat-modele-complexe.webp]
[www.clic-formation.net/categories-telechargement/7-formations-informatiques/8-excel/cas-calendrier-solution656f.xlsx]
[www.clic-formation.net/cas-calendrier-perpetuel.html]
[www.clic-formation.net/images/01-excel/exercices-pratiques/cas-reservations-spectacle/cas-inscription-spectacle.webp]
[www.clic-formation.net/component/search/indexfdcf.html]
[www.clic-formation.net/categories-telechargement/7-formations-informatiques/8-excel/cas-inscription-spectacle-solution290a.zip]
[www.clic-formation.net/cas-reservation-spectacle.html]
[www.clic-formation.net/images/01-excel/exercices-pratiques/cas-fiche-plante/cas-fiche-horticole.xlsx]
[www.clic-formation.net/images/01-excel/exercices-pratiques/cas-fiche-plante/images.zip]
[www.clic-formation.net/images/01-excel/exercices-pratiques/cas-fiche-plante/etape-01.webp]
[www.clic-formation.net/component/search/index2532.html]
[www.clic-formation.net/images/01-excel/exercices-pratiques/cas-fiche-plante/etape-02.webp]
[www.clic-formation.net/images/01-excel/exercices-pratiques/cas-fiche-plante/etape-3.webp]
[www.clic-formation.net/images/01-excel/exercices-pratiques/cas-fiche-plante/resultat-attendu.webp]
[www.clic-formation.net/categories-telechargement/7-formations-informatiques/8-excel/cas-fiche-horticole-solutiond424.xlsx]
[www.clic-formation.net/cas-fiche-horticole.html]
[www.clic-formation.net/images/01-excel/exercices-pratiques/cas-diagramme-de-gantt-01/cas-gantt-01.xlsx]
[www.clic-formation.net/component/search/index157b.html]
[www.clic-formation.net/images/01-excel/exercices-pratiques/cas-diagramme-de-gantt-01/gantt-01.webp]
[www.clic-formation.net/images/01-excel/exercices-pratiques/cas-diagramme-de-gantt-01/gantt-02.webp]
[www.clic-formation.net/images/01-excel/exercices-pratiques/cas-diagramme-de-gantt-01/gantt-03.webp]
[www.clic-formation.net/images/01-excel/exercices-pratiques/cas-diagramme-de-gantt-01/gantt-06.webp]
[www.clic-formation.net/images/01-excel/exercices-pratiques/cas-diagramme-de-gantt-01/gantt-04.webp]
[www.clic-formation.net/images/01-excel/exercices-pratiques/cas-diagramme-de-gantt-01/resultat-gantt.webp]
[www.clic-formation.net/categories-telechargement/7-formations-informatiques/8-excel/cas-gantt-01-solutionb050.xlsx]
[www.clic-formation.net/cas-gantt-simple.html]
[www.clic-formation.net/images/01-excel/exercices-pratiques/cas-vente-clicou/cas-vente-clicou.xlsx]
[www.clic-formation.net/images/01-excel/exercices-pratiques/cas-vente-clicou/feuille-1.webp]
[www.clic-formation.net/component/search/index3a6a.html]
[www.clic-formation.net/images/01-excel/exercices-pratiques/cas-vente-clicou/feuille-2.webp]
[www.clic-formation.net/images/01-excel/exercices-pratiques/cas-vente-clicou/feuille-3.webp]
[www.clic-formation.net/images/01-excel/exercices-pratiques/cas-vente-clicou/feuille-resultat-1.webp]
[www.clic-formation.net/images/01-excel/exercices-pratiques/cas-vente-clicou/feuille-resultat-2.webp]
[www.clic-formation.net/images/01-excel/exercices-pratiques/cas-vente-clicou/feuille-resultat-3.webp]
[www.clic-formation.net/categories-telechargement/7-formations-informatiques/8-excel/cas-vente-clicou-solution86a0.xlsx]
[www.clic-formation.net/cas-societe-clicou.html]
[www.clic-formation.net/images/01-excel/exercices-pratiques/cas-sud-informatique/enonce-sud-informatique.xlsx]
[www.clic-formation.net/images/01-excel/exercices-pratiques/cas-sud-informatique/enonce.gif]
[www.clic-formation.net/component/search/indexa366.html]
[www.clic-formation.net/images/01-excel/exercices-pratiques/cas-sud-informatique/solution.gif]
[www.clic-formation.net/categories-telechargement/cas-sud-informatique66eb.xlsx]
[www.clic-formation.net/cas-sud-informatique.html]
[www.clic-formation.net/images/01-excel/exercices-pratiques/complet-01/cas-grand-raid-telecharger.xlsx]
[www.clic-formation.net/images/01-excel/exercices-pratiques/complet-01/exo-01.gif]
[www.clic-formation.net/component/search/indexb418.html]
[www.clic-formation.net/images/01-excel/exercices-pratiques/complet-01/exo-02.gif]
[www.clic-formation.net/categories-telechargement/7-formations-informatiques/8-excel/cas-grand-raid-exercice517d.xlsx]
[www.clic-formation.net/cas-grand-raid.html]
[www.clic-formation.net/images/01-excel/exercices-pratiques/cas-haut-caroux/support.xlsx]
[www.clic-formation.net/component/search/indexd760.html]
[www.clic-formation.net/images/01-excel/exercices-pratiques/cas-haut-caroux/resultat-code.gif]
[www.clic-formation.net/images/01-excel/exercices-pratiques/cas-haut-caroux/resultat-course.gif]
[www.clic-formation.net/images/01-excel/exercices-pratiques/cas-haut-caroux/resultat-taille.gif]
[www.clic-formation.net/images/01-excel/exercices-pratiques/cas-haut-caroux/resultat-departement.gif]
[www.clic-formation.net/images/01-excel/exercices-pratiques/cas-haut-caroux/resultat-categorie.gif]
[www.clic-formation.net/categories-telechargement/7-formations-informatiques/8-excel/cas-haut-caroux-resultat62f9.xlsx]
[www.clic-formation.net/cas-course-haut-caroux.html]
[www.clic-formation.net/images/01-excel/exercices-pratiques/cas-salon-coiffure/ex-005.xlsx]
[www.clic-formation.net/images/01-excel/exercices-pratiques/cas-salon-coiffure/03.gif]
[www.clic-formation.net/component/search/index0cb1.html]
[www.clic-formation.net/images/01-excel/exercices-pratiques/cas-salon-coiffure/04.gif]
[www.clic-formation.net/images/01-excel/exercices-pratiques/cas-salon-coiffure/05.gif]
[www.clic-formation.net/images/01-excel/exercices-pratiques/cas-salon-coiffure/06.gif]
[www.clic-formation.net/images/01-excel/exercices-pratiques/cas-salon-coiffure/07.gif]
[www.clic-formation.net/images/01-excel/exercices-pratiques/cas-salon-coiffure/08.gif]
[www.clic-formation.net/images/01-excel/exercices-pratiques/cas-salon-coiffure/10.gif]
[www.clic-formation.net/images/01-excel/exercices-pratiques/cas-salon-coiffure/11.gif]
[www.clic-formation.net/images/01-excel/exercices-pratiques/cas-salon-coiffure/12.gif]
[www.clic-formation.net/images/01-excel/exercices-pratiques/cas-salon-coiffure/13.gif]
[www.clic-formation.net/images/01-excel/exercices-pratiques/cas-salon-coiffure/14.gif]
[www.clic-formation.net/images/01-excel/exercices-pratiques/cas-salon-coiffure/15.gif]
[www.clic-formation.net/categories-telechargement/7-formations-informatiques/8-excel/cas-salon-de-coiffureac18.xlsx]
[www.clic-formation.net/cas-salon-de-coiffure.html]
[www.clic-formation.net/images/01-excel/exercices-pratiques/cas-facturation/cas-facturation.xlsx]
[www.clic-formation.net/component/search/index33a0.html]
[www.clic-formation.net/images/01-excel/exercices-pratiques/cas-facturation/cas-1.gif]
[www.clic-formation.net/images/01-excel/exercices-pratiques/cas-facturation/cas-2.gif]
[www.clic-formation.net/images/01-excel/exercices-pratiques/cas-facturation/cas-3.gif]
[www.clic-formation.net/images/01-excel/exercices-pratiques/cas-facturation/cas-4.gif]
[www.clic-formation.net/images/01-excel/exercices-pratiques/cas-facturation/cas-5.gif]
[www.clic-formation.net/categories-telechargement/7-formations-informatiques/8-excel/cas-facturation-solution7ab8.xlsx]
[www.clic-formation.net/cas-facturation.html]
[www.clic-formation.net/images/01-excel/exercices-pratiques/revision-operations-simples/complet-operation-base.xlsx]
[www.clic-formation.net/component/search/indexbf89.html]
[www.clic-formation.net/images/01-excel/exercices-pratiques/revision-operations-simples/cas-01-solution.gif]
[www.clic-formation.net/images/01-excel/exercices-pratiques/revision-operations-simples/cas-02-solution.gif]
[www.clic-formation.net/images/01-excel/exercices-pratiques/revision-operations-simples/cas-03-solution.gif]
[www.clic-formation.net/images/01-excel/exercices-pratiques/revision-operations-simples/cas-04-solution.gif]
[www.clic-formation.net/images/01-excel/exercices-pratiques/revision-operations-simples/cas-05-solution.gif]
[www.clic-formation.net/images/01-excel/exercices-pratiques/revision-operations-simples/cas-06-solution.gif]
[www.clic-formation.net/images/01-excel/exercices-pratiques/revision-operations-simples/cas-07-solution.gif]
[www.clic-formation.net/images/01-excel/exercices-pratiques/revision-operations-simples/cas-08-solution.gif]
[www.clic-formation.net/images/01-excel/exercices-pratiques/revision-operations-simples/cas-09-solution.gif]
[www.clic-formation.net/images/01-excel/exercices-pratiques/revision-operations-simples/cas-10-solution.gif]
[www.clic-formation.net/categories-telechargement/7-formations-informatiques/8-excel/complet-operation-base-solutiona99e.xlsx]
[www.clic-formation.net/revisions-operations-simples.html]
[www.clic-formation.net/images/01-excel/exercices-pratiques/heures-et-distances/heure-et-distance-enonce.xlsx]
[www.clic-formation.net/component/search/index6319.html]
[www.clic-formation.net/images/01-excel/exercices-pratiques/heures-et-distances/heure-et-distance-enonce.gif]
[www.clic-formation.net/images/01-excel/exercices-pratiques/heures-et-distances/heure-et-distance-enonce-solution.gif]
[www.clic-formation.net/categories-telechargement/7-formations-informatiques/8-excel/heure-et-distance-solutionfb0a.xlsx]
[www.clic-formation.net/calculs-heures-et-distances.html]
[www.clic-formation.net/fonction-si/support-fonction-si.html]
[www.clic-formation.net/component/search/indexfc4a.html]
[www.clic-formation.net/images/01-excel/excel-competence-23/ex-001/ex-001.xlsx]
[www.clic-formation.net/images/01-excel/excel-competence-23/ex-001/enonce-01.jpg]
[www.clic-formation.net/component/search/index9ed6.html]
[www.clic-formation.net/images/01-excel/excel-competence-23/ex-001/solution-01.jpg]
[www.clic-formation.net/categories-telechargement/7-formations-informatiques/8-excel/ex-001-solution58bf.xlsx]
[www.clic-formation.net/fonction-si/exercice-1-si.html]
[www.clic-formation.net/images/01-excel/excel-competence-23/ex-002/ex-002.xlsx]
[www.clic-formation.net/component/search/index6b9d.html]
[www.clic-formation.net/images/01-excel/excel-competence-23/ex-002/ennonce-02.jpg]
[www.clic-formation.net/images/01-excel/excel-competence-23/ex-002/ex-002-solution.gif]
[www.clic-formation.net/categories-telechargement/7-formations-informatiques/8-excel/ex-002-solutionb696.xlsx]
[www.clic-formation.net/fonction-si/exercice-2-si.html]
[www.clic-formation.net/images/01-excel/excel-competence-23/ex-003/ex-003.xlsx]
[www.clic-formation.net/component/search/index9af3.html]
[www.clic-formation.net/images/01-excel/excel-competence-23/ex-003/enonce-03.jpg]
[www.clic-formation.net/images/01-excel/excel-competence-23/ex-003/resultat-03.jpg]
[www.clic-formation.net/categories-telechargement/7-formations-informatiques/8-excel/ex-003-solution6fe0.xlsx]
[www.clic-formation.net/fonction-si/exercice-3-si.html]
[www.clic-formation.net/images/01-excel/excel-competence-23/ex-004/ex-004.xlsx]
[www.clic-formation.net/component/search/index9654.html]
[www.clic-formation.net/images/01-excel/excel-competence-23/ex-004/04.jpg]
[www.clic-formation.net/images/01-excel/excel-competence-23/ex-004/04-solution.jpg]
[www.clic-formation.net/categories-telechargement/7-formations-informatiques/8-excel/ex-004-solution108d.xlsx]
[www.clic-formation.net/fonction-si/exercice-4-si.html]
[www.clic-formation.net/images/01-excel/excel-competence-23/ex-005/ex-005.xlsx]
[www.clic-formation.net/component/search/index9829.html]
[www.clic-formation.net/images/01-excel/excel-competence-23/ex-005/05.jpg]
[www.clic-formation.net/images/01-excel/excel-competence-23/ex-005/05-solution.jpg]
[www.clic-formation.net/categories-telechargement/7-formations-informatiques/8-excel/ex-005-solution53c6.xlsx]
[www.clic-formation.net/fonction-si/exercice-5-si.html]
[www.clic-formation.net/images/01-excel/excel-competence-23/ex-006/ex-006.xlsx]
[www.clic-formation.net/images/01-excel/excel-competence-23/ex-006/06.jpg]
[www.clic-formation.net/component/search/index14cd.html]
[www.clic-formation.net/images/01-excel/excel-competence-23/ex-006/06-solution.jpg]
[www.clic-formation.net/categories-telechargement/7-formations-informatiques/8-excel/ex-006-solution5446.xlsx]
[www.clic-formation.net/fonction-si/exercice-6-si.html]
[www.clic-formation.net/images/01-excel/excel-competence-23/ex-007/ex-007.xlsx]
[www.clic-formation.net/component/search/index56c0.html]
[www.clic-formation.net/images/01-excel/excel-competence-23/ex-007/07.jpg]
[www.clic-formation.net/images/01-excel/excel-competence-23/ex-007/07-solution.jpg]
[www.clic-formation.net/categories-telechargement/7-formations-informatiques/8-excel/ex-007-solution4241.xlsx]
[www.clic-formation.net/fonction-si/exercice-7-si.html]
[www.clic-formation.net/images/01-excel/excel-competence-23/ex-008/ex-008.xlsx]
[www.clic-formation.net/images/01-excel/excel-competence-23/ex-008/08.jpg]
[www.clic-formation.net/component/search/index1ef1.html]
[www.clic-formation.net/images/01-excel/excel-competence-23/ex-008/08-solution.jpg]
[www.clic-formation.net/categories-telechargement/7-formations-informatiques/8-excel/ex-008-solutionba85.xlsx]
[www.clic-formation.net/fonction-si/exercice-8-si.html]
[www.clic-formation.net/images/01-excel/excel-competence-23/ex-009/ex-009.xlsx]
[www.clic-formation.net/component/search/index92c4.html]
[www.clic-formation.net/images/01-excel/excel-competence-23/ex-009/09.jpg]
[www.clic-formation.net/images/01-excel/excel-competence-23/ex-009/09-solution.jpg]
[www.clic-formation.net/categories-telechargement/7-formations-informatiques/8-excel/ex-009-solution721d.xlsx]
[www.clic-formation.net/fonction-si/exercice-09-si.html]
[www.clic-formation.net/images/01-excel/excel-competence-23/ex-010/ex-010.xlsx]
[www.clic-formation.net/images/01-excel/excel-competence-23/ex-010/ex-010.jpg]
[www.clic-formation.net/component/search/index2547.html]
[www.clic-formation.net/images/01-excel/excel-competence-23/ex-010/ex-010-solution.jpg]
[www.clic-formation.net/categories-telechargement/7-formations-informatiques/8-excel/ex-010-solutiona859.xlsx]
[www.clic-formation.net/fonction-si/exercice-10-si.html]
[www.clic-formation.net/images/01-excel/excel-competence-23/ex-0101/ex-0101-enonce.xlsx]
[www.clic-formation.net/images/01-excel/excel-competence-23/ex-0101/ex-0101-enonce.gif]
[www.clic-formation.net/component/search/indexa18b.html]
[www.clic-formation.net/images/01-excel/excel-competence-23/ex-0101/ex-0101-resultat.gif]
[www.clic-formation.net/categories-telechargement/7-formations-informatiques/8-excel/ex-0101-solutionb27b.xlsx]
[www.clic-formation.net/fonction-si/exercicel-11-si.html]
[www.clic-formation.net/images/01-excel/excel-competence-23/ex-0102/ex-012-enonce.xlsx]
[www.clic-formation.net/component/search/indexc50c.html]
[www.clic-formation.net/images/01-excel/excel-competence-23/ex-0102/estvide.png]
[www.clic-formation.net/images/01-excel/excel-competence-23/ex-0102/ex-012.jpg]
[www.clic-formation.net/images/01-excel/excel-competence-23/ex-0102/ex-012-solution.jpg]
[www.clic-formation.net/categories-telechargement/7-formations-informatiques/8-excel/ex-0102-solutionce3e.xlsx]
[www.clic-formation.net/fonction-si/exercicel-12-si.html]
[www.clic-formation.net/images/01-excel/excel-competence-23/ex-0103/ex-0103.xlsx]
[www.clic-formation.net/images/01-excel/excel-competence-23/ex-0103/ex-0103.gif]
[www.clic-formation.net/component/search/index3dac.html]
[www.clic-formation.net/images/01-excel/excel-competence-23/ex-0103/ex-0103-solution.gif]
[www.clic-formation.net/categories-telechargement/7-formations-informatiques/8-excel/ex-0103-solution63cd.xlsx]
[www.clic-formation.net/fonction-si/exercice-13-si.html]
[www.clic-formation.net/images/01-excel/excel-competence-23/ex-0104/ex-0104.xlsx]
[www.clic-formation.net/images/01-excel/excel-competence-23/ex-0104/ex-0104.gif]
[www.clic-formation.net/component/search/indexc266.html]
[www.clic-formation.net/images/01-excel/excel-competence-23/ex-0104/ex-0104-solution.gif]
[www.clic-formation.net/categories-telechargement/7-formations-informatiques/8-excel/ex-0104-solutionefe4.xlsx]
[www.clic-formation.net/fonction-si/exercice-14-si.html]
[www.clic-formation.net/images/01-excel/excel-competence-23/ex-0105/ex-015.xlsx]
[www.clic-formation.net/images/01-excel/excel-competence-23/ex-0105/ex-015-01.gif]
[www.clic-formation.net/component/search/indexf988.html]
[www.clic-formation.net/images/01-excel/excel-competence-23/ex-0105/ex-015-02.gif]
[www.clic-formation.net/images/01-excel/excel-competence-23/ex-0105/ex-015-03.gif]
[www.clic-formation.net/images/01-excel/excel-competence-23/ex-0105/ex-015-04.gif]
[www.clic-formation.net/images/01-excel/excel-competence-23/ex-0105/ex-015-solution01.gif]
[www.clic-formation.net/images/01-excel/excel-competence-23/ex-0105/ex-015-solution02.gif]
[www.clic-formation.net/images/01-excel/excel-competence-23/ex-0105/ex-015-solution03.gif]
[www.clic-formation.net/images/01-excel/excel-competence-23/ex-0105/ex-015-solution04.gif]
[www.clic-formation.net/categories-telechargement/7-formations-informatiques/8-excel/ex-0105-solution692c.xlsx]
[www.clic-formation.net/fonction-si/exercice-15-si.html]
[www.clic-formation.net/images/excel/31_fonction_logique/fonction-ou/fonction-ou-demo-01.jpg]
[www.clic-formation.net/component/search/index0357.html]
[www.clic-formation.net/images/excel/31_fonction_logique/fonction-ou/fonction-ou-demo-02.jpg]
[www.clic-formation.net/fonction-ou/support-fonction-ou.html]
[www.clic-formation.net/images/01-excel/excel-competence-23/ex-014/ex-014.xlsx]
[www.clic-formation.net/images/01-excel/excel-competence-23/ex-014/01.jpg]
[www.clic-formation.net/component/search/index91b4.html]
[www.clic-formation.net/images/01-excel/excel-competence-23/ex-014/01-solution.jpg]
[www.clic-formation.net/categories-telechargement/7-formations-informatiques/8-excel/ex-014-solution818d.xlsx]
[www.clic-formation.net/fonction-ou/exercice-1-si-ou.html]
[www.clic-formation.net/images/01-excel/excel-competence-23/ex-015/ex-015.xlsx]
[www.clic-formation.net/component/search/index9fd4.html]
[www.clic-formation.net/images/01-excel/excel-competence-23/ex-015/ex-015.jpg]
[www.clic-formation.net/images/01-excel/excel-competence-23/ex-015/ex-015-solution.jpg]
[www.clic-formation.net/categories-telechargement/7-formations-informatiques/8-excel/ex-015-solution13b4.xlsx]
[www.clic-formation.net/fonction-ou/exercice-2-si-ou.html]
[www.clic-formation.net/images/01-excel/excel-competence-23/ex-016/ex-016.xlsx]
[www.clic-formation.net/images/01-excel/excel-competence-23/ex-016/03.jpg]
[www.clic-formation.net/component/search/indexe649.html]
[www.clic-formation.net/images/01-excel/excel-competence-23/ex-016/03-solution.jpg]
[www.clic-formation.net/categories-telechargement/7-formations-informatiques/8-excel/ex-016-solutionb8a8.xlsx]
[www.clic-formation.net/fonction-ou/exercice-3-si-ou.html]
[www.clic-formation.net/images/01-excel/excel-competence-23/ex-018/ex-018-enonce.xlsx]
[www.clic-formation.net/component/search/indexd273.html]
[www.clic-formation.net/images/01-excel/excel-competence-23/ex-018/ex-018-enonce.gif]
[www.clic-formation.net/images/01-excel/excel-competence-23/ex-018/ex-018-solution.gif]
[www.clic-formation.net/categories-telechargement/7-formations-informatiques/8-excel/ex-018-solution481c.xlsx]
[www.clic-formation.net/fonction-ou/exercice-4-si-ou.html]
[www.clic-formation.net/images/excel/31_fonction_logique/fonction-et/fonction-et.jpg]
[www.clic-formation.net/images/excel/31_fonction_logique/fonction-et/fonction-et-demo.jpg]
[www.clic-formation.net/fonction-et/support-fonction-et.html]
[www.clic-formation.net/component/search/index9106.html]
[www.clic-formation.net/images/01-excel/excel-competence-23/ex-011/ex-011.xlsx]
[www.clic-formation.net/component/search/index0fea.html]
[www.clic-formation.net/images/01-excel/excel-competence-23/ex-011/ex-011.jpg]
[www.clic-formation.net/images/01-excel/excel-competence-23/ex-011/ex-011-solution.jpg]
[www.clic-formation.net/categories-telechargement/7-formations-informatiques/8-excel/ex-011-solutioncefa.xlsx]
[www.clic-formation.net/fonction-et/exercice-1-si-et.html]
[www.clic-formation.net/images/01-excel/excel-competence-23/ex-012/ex-012.xlsx]
[www.clic-formation.net/component/search/index5c61.html]
[www.clic-formation.net/images/01-excel/excel-competence-23/ex-012/02.jpg]
[www.clic-formation.net/images/01-excel/excel-competence-23/ex-012/02-solution.jpg]
[www.clic-formation.net/categories-telechargement/7-formations-informatiques/8-excel/ex-012-solution95b7.xlsx]
[www.clic-formation.net/fonction-et/exercice-2-si-et.html]
[www.clic-formation.net/images/01-excel/excel-competence-23/ex-013/ex-013.xlsx]
[www.clic-formation.net/images/01-excel/excel-competence-23/ex-013/ex-013.jpg]
[www.clic-formation.net/component/search/indexcbf2.html]
[www.clic-formation.net/images/01-excel/excel-competence-23/ex-013/ex-013-solution.jpg]
[www.clic-formation.net/categories-telechargement/7-formations-informatiques/8-excel/ex-013-solutionc686.xlsx]
[www.clic-formation.net/fonction-et/exercice-3-si-et.html]
[www.clic-formation.net/images/01-excel/excel-competence-23/ex-017/ex-017-enonce.xlsx]
[www.clic-formation.net/images/01-excel/excel-competence-23/ex-017/ex-017.gif]
[www.clic-formation.net/component/search/index38da.html]
[www.clic-formation.net/images/01-excel/excel-competence-23/ex-017/ex017-solution.gif]
[www.clic-formation.net/categories-telechargement/7-formations-informatiques/8-excel/ex-017-solution7133.xlsx]
[www.clic-formation.net/fonction-et/exercice-4-si-et.html]
[www.clic-formation.net/images/01-excel/excel-competence-23/estvide/est-vide-support-01.gif]
[www.clic-formation.net/fonction-estvide/support-fonction-estvide.html]
[www.clic-formation.net/component/search/index1b3c.html]
[www.clic-formation.net/images/01-excel/excel-competence-23/estvide/ex-001/ex-001-solution.xlsx]
[www.clic-formation.net/images/01-excel/excel-competence-23/estvide/ex-001/ex-001-enonce.gif]
[www.clic-formation.net/component/search/indexa244.html]
[www.clic-formation.net/images/01-excel/excel-competence-23/estvide/ex-001/ex-001-solution.gif]
[www.clic-formation.net/categories-telechargement/7-formations-informatiques/8-excel/ex-019-solution-estvidee20b.xlsx]
[www.clic-formation.net/fonction-estvide/exercice-1-estvide.html]
[www.clic-formation.net/component/search/indexe0a6.html]
[www.clic-formation.net/evaluation-fonction-logiques/evaluation-fonction-logique16f0.html]
[www.clic-formation.net/evaluation-fonction-logiques/evaluation-fonction-logique5483.html]
[www.clic-formation.net/evaluation-fonction-logiques/evaluation-fonction-logique51bd.html]
[www.clic-formation.net/evaluation-fonction-logiques/evaluation-fonction-logique.html]
[www.clic-formation.net/images/01-excel/excel-competence-22/support-moyenne/1.webp]
[www.clic-formation.net/images/01-excel/excel-competence-22/support-moyenne/2.webp]
[www.clic-formation.net/component/search/index25a1.html]
[www.clic-formation.net/images/01-excel/excel-competence-22/support-moyenne/3.webp]
[www.clic-formation.net/images/01-excel/excel-competence-22/support-moyenne/4.webp]
[www.clic-formation.net/fonction-moyenne/support.html]
[www.clic-formation.net/images/01-excel/excel-competence-22/ex-moyenne/moyenne-1-telecharger.xlsx]
[www.clic-formation.net/images/01-excel/excel-competence-22/ex-moyenne/ex-moyenne-01.jpg]
[www.clic-formation.net/component/search/indexfe2b.html]
[www.clic-formation.net/images/01-excel/excel-competence-22/ex-moyenne/ex-moyenne-01-solution.jpg]
[www.clic-formation.net/categories-telechargement/7-formations-informatiques/8-excel/moyenne-1-resultat8123.xlsx]
[www.clic-formation.net/fonction-moyenne/exercice-1-moyenne.html]
[www.clic-formation.net/images/01-excel/excel-competence-22/ex-moyenne/moyenne-2-telecharger.xlsx]
[www.clic-formation.net/component/search/indexcf35.html]
[www.clic-formation.net/images/01-excel/excel-competence-22/ex-moyenne/ex-moyenne-02.jpg]
[www.clic-formation.net/images/01-excel/excel-competence-22/ex-moyenne/moyenne-02-solutiion.jpg]
[www.clic-formation.net/categories-telechargement/7-formations-informatiques/8-excel/moyenne-2-resultat3ea5.xlsx]
[www.clic-formation.net/fonction-moyenne/exercice-2-moyenne.html]
[www.clic-formation.net/images/01-excel/excel-competence-22/ex-moyenne/moyenne-3-telecharger.xlsx]
[www.clic-formation.net/component/search/indexa85b.html]
[www.clic-formation.net/images/01-excel/excel-competence-22/ex-moyenne/ex-moyenne-03-ennonce.jpg]
[www.clic-formation.net/images/01-excel/excel-competence-22/ex-moyenne/ex-moyenne-03.jpg]
[www.clic-formation.net/categories-telechargement/7-formations-informatiques/8-excel/moyenne-3-resultat5dfc.xlsx]
[www.clic-formation.net/fonction-moyenne/exercice-fonction-moyenne-3.html]
[www.clic-formation.net/images/01-excel/excel-competence-22/ex-moyenne/ex-004/ex-004.xlsx]
[www.clic-formation.net/images/01-excel/excel-competence-22/ex-moyenne/ex-004/ex-004.webp]
[www.clic-formation.net/component/search/indexe9ff.html]
[www.clic-formation.net/images/01-excel/excel-competence-22/ex-moyenne/ex-004/ex-004-solution.webp]
[www.clic-formation.net/categories-telechargement/7-formations-informatiques/8-excel/moyenne-4-resultatbf67.xlsx]
[www.clic-formation.net/fonction-moyenne/exercice-fonction-moyenne-4.html]
[www.clic-formation.net/images/01-excel/excel-competence-22/support-max-min/1.webp]
[www.clic-formation.net/images/01-excel/excel-competence-22/support-max-min/2.webp]
[www.clic-formation.net/component/search/index64ba.html]
[www.clic-formation.net/images/01-excel/excel-competence-22/support-max-min/3.webp]
[www.clic-formation.net/fonction-max-min/support.html]
[www.clic-formation.net/images/01-excel/excel-competence-22/ex-max-min/telechargez-exercice-1.xlsx]
[www.clic-formation.net/images/01-excel/excel-competence-22/ex-max-min/20-1-enonce.jpg]
[www.clic-formation.net/component/search/index5617.html]
[www.clic-formation.net/images/01-excel/excel-competence-22/ex-max-min/20-01-solution.jpg]
[www.clic-formation.net/categories-telechargement/7-formations-informatiques/8-excel/exercice-1-resultat568a.xlsx]
[www.clic-formation.net/fonction-max-min/exercice-1-max-min.html]
[www.clic-formation.net/images/01-excel/excel-competence-22/ex-max-min/telechargez-exercice-2.xlsx]
[www.clic-formation.net/images/01-excel/excel-competence-22/ex-max-min/20-2-enonce.jpg]
[www.clic-formation.net/component/search/indexbed9.html]
[www.clic-formation.net/images/01-excel/excel-competence-22/ex-max-min/20-02-solution.jpg]
[www.clic-formation.net/categories-telechargement/7-formations-informatiques/8-excel/exercice-2-resultat3978.xlsx]
[www.clic-formation.net/fonction-max-min/exercice-2-max-min.html]
[www.clic-formation.net/images/01-excel/excel-competence-22/ex-max-min/telechargez-exercice-3.xlsx]
[www.clic-formation.net/component/search/index1d79.html]
[www.clic-formation.net/images/01-excel/excel-competence-22/ex-max-min/20-03-enonce.jpg]
[www.clic-formation.net/images/01-excel/excel-competence-22/ex-max-min/20-03-solution.jpg]
[www.clic-formation.net/categories-telechargement/7-formations-informatiques/8-excel/exercice-3-resultataf55.xlsx]
[www.clic-formation.net/fonction-max-min/exercice-3-max-min.html]
[www.clic-formation.net/images/01-excel/excel-competence-22/support-rang/1.webp]
[www.clic-formation.net/component/search/index4d2f.html]
[www.clic-formation.net/images/01-excel/excel-competence-22/support-rang/2.webp]
[www.clic-formation.net/images/01-excel/excel-competence-22/support-rang/3.webp]
[www.clic-formation.net/fonction-rang/support.html]
[www.clic-formation.net/images/01-excel/excel-competence-22/ex-rang/rang-telechargez-1.xlsx]
[www.clic-formation.net/component/search/index7851.html]
[www.clic-formation.net/images/01-excel/excel-competence-22/ex-rang/24-1.jpg]
[www.clic-formation.net/images/01-excel/excel-competence-22/ex-rang/24-1-solution.jpg]
[www.clic-formation.net/categories-telechargement/7-formations-informatiques/8-excel/solution-rang-1f477.xlsx]
[www.clic-formation.net/fonction-rang/exercice-1-rang.html]
[www.clic-formation.net/images/01-excel/excel-competence-22/ex-rang/rang-telechargez-2.xlsx]
[www.clic-formation.net/component/search/index2260.html]
[www.clic-formation.net/images/01-excel/excel-competence-22/ex-rang/ex-002-enonce.gif]
[www.clic-formation.net/images/01-excel/excel-competence-22/ex-rang/ex-002-solution.gif]
[www.clic-formation.net/categories-telechargement/7-formations-informatiques/8-excel/solution-rang-26d49.xlsx]
[www.clic-formation.net/fonction-rang/exercice-2-rang.html]
[www.clic-formation.net/images/01-excel/excel-competence-22/ex-rang/rang-telechargez-3.xlsx]
[www.clic-formation.net/images/01-excel/excel-competence-22/ex-rang/24-3.jpg]
[www.clic-formation.net/component/search/index0345.html]
[www.clic-formation.net/images/01-excel/excel-competence-22/ex-rang/24-3-solution.jpg]
[www.clic-formation.net/categories-telechargement/7-formations-informatiques/8-excel/solution-rang-39401.xlsx]
[www.clic-formation.net/fonction-rang/exercice-3-rang.html]
[www.clic-formation.net/images/01-excel/excel-competence-22/ex-rang/rang-telechargez-4.xlsx]
[www.clic-formation.net/images/01-excel/excel-competence-22/ex-rang/ex-004.gif]
[www.clic-formation.net/component/search/indexa60d.html]
[www.clic-formation.net/images/01-excel/excel-competence-22/ex-rang/ex-004-solution.gif]
[www.clic-formation.net/categories-telechargement/7-formations-informatiques/8-excel/solution-rang-4a4a4.xlsx]
[www.clic-formation.net/fonction-rang/exercice-4-rang.html]
[www.clic-formation.net/images/01-excel/excel-competence-22/ex-rang/exo-05/rang-telechargez-5.xlsx]
[www.clic-formation.net/component/search/index3cbe.html]
[www.clic-formation.net/images/01-excel/excel-competence-22/ex-rang/exo-05/rang-exercice-5-enonce.gif]
[www.clic-formation.net/images/01-excel/excel-competence-22/ex-rang/exo-05/rang-exercice-5-solution.gif]
[www.clic-formation.net/categories-telechargement/7-formations-informatiques/8-excel/solution-rang-50421.xlsx]
[www.clic-formation.net/fonction-rang/exercice-5-rang.html]
[www.clic-formation.net/images/01-excel/excel-competence-22/support-nb-si/1.webp]
[www.clic-formation.net/component/search/index7f9c.html]
[www.clic-formation.net/images/01-excel/excel-competence-22/support-nb-si/2.webp]
[www.clic-formation.net/images/01-excel/excel-competence-22/support-nb-si/3.webp]
[www.clic-formation.net/fonction-nb-si/support.html]
[www.clic-formation.net/images/01-excel/excel-competence-22/ex-nbsi/ex-001/ex-001.xlsx]
[www.clic-formation.net/images/01-excel/excel-competence-22/ex-nbsi/ex-001/ex-001-enonce.gif]
[www.clic-formation.net/component/search/index8319.html]
[www.clic-formation.net/images/01-excel/excel-competence-22/ex-nbsi/ex-001/ex-001-solution.gif]
[www.clic-formation.net/categories-telechargement/7-formations-informatiques/8-excel/10-competences-22/ex-001-solutionf7d7.xlsx]
[www.clic-formation.net/fonction-nb-si/exercice-1-fonction-nb-si.html]
[www.clic-formation.net/images/01-excel/excel-competence-22/ex-nbsi/ex-002/ex-002.xlsx]
[www.clic-formation.net/component/search/index0ca9.html]
[www.clic-formation.net/images/01-excel/excel-competence-22/ex-nbsi/ex-002/ex-002-enonce.gif]
[www.clic-formation.net/images/01-excel/excel-competence-22/ex-nbsi/ex-002/ex-002-solution.gif]
[www.clic-formation.net/categories-telechargement/7-formations-informatiques/8-excel/10-competences-22/ex-002-solutiond15b.xlsx]
[www.clic-formation.net/fonction-nb-si/exercice-2-fonction-nb-si.html]
[www.clic-formation.net/images/01-excel/excel-competence-22/ex-nbsi/ex-003/ex-003.xlsx]
[www.clic-formation.net/component/search/index4014.html]
[www.clic-formation.net/images/01-excel/excel-competence-22/ex-nbsi/ex-003/ex-003-enonce.gif]
[www.clic-formation.net/images/01-excel/excel-competence-22/ex-nbsi/ex-003/ex-003-solution.gif]
[www.clic-formation.net/categories-telechargement/7-formations-informatiques/8-excel/10-competences-22/ex-003-solution06e8.xlsx]
[www.clic-formation.net/fonction-nb-si/exercice-3-fonction-nb-si.html]
[www.clic-formation.net/images/01-excel/excel-competence-22/ex-nbsi/ex-004/ex-004.xlsx]
[www.clic-formation.net/images/01-excel/excel-competence-22/ex-nbsi/ex-004/ex-004.gif]
[www.clic-formation.net/component/search/index720e.html]
[www.clic-formation.net/images/01-excel/excel-competence-22/ex-nbsi/ex-004/ex-004-solution.gif]
[www.clic-formation.net/categories-telechargement/7-formations-informatiques/8-excel/10-competences-22/ex-004-solutiona88d.xlsx]
[www.clic-formation.net/fonction-nb-si/exercice-4-fonction-nb.html]
[www.clic-formation.net/images/01-excel/excel-competence-22/support-nb-si-ens/1.webp]
[www.clic-formation.net/fonction-nb-si-ens/support-nb-si-ens.html]
[www.clic-formation.net/component/search/index3797.html]
[www.clic-formation.net/images/01-excel/excel-competence-22/ex-nb-si-ens/ex-001/ex-001.xlsx]
[www.clic-formation.net/images/01-excel/excel-competence-22/ex-nb-si-ens/ex-001/ex-001.gif]
[www.clic-formation.net/component/search/indexabe8.html]
[www.clic-formation.net/images/01-excel/excel-competence-22/ex-nb-si-ens/ex-001/ex-001-solution.gif]
[www.clic-formation.net/categories-telechargement/7-formations-informatiques/8-excel/ex-001-solutionefcc.xlsx]
[www.clic-formation.net/fonction-nb-si-ens/exercice-1-fonction-nb-si-ens.html]
[www.clic-formation.net/images/01-excel/excel-competence-22/ex-nbvide/tuto-nb-vide.gif]
[www.clic-formation.net/fonction-nb-vide/support.html]
[www.clic-formation.net/component/search/index9922.html]
[www.clic-formation.net/component/search/index0f12.html]
[www.clic-formation.net/tableur/liste-exercices-par-tags/nb-vide.html]
[www.clic-formation.net/images/01-excel/excel-competence-22/ex-nbvide/ex-001/ex-001.xlsx]
[www.clic-formation.net/images/01-excel/excel-competence-22/ex-nbvide/ex-001/ex-001.webp]
[www.clic-formation.net/images/01-excel/excel-competence-22/ex-divers/ex-002/ex-002-01-solution.gif]
[www.clic-formation.net/images/01-excel/excel-competence-22/ex-nbvide/ex-001/ex-001-solution.webp]
[www.clic-formation.net/categories-telechargement/7-formations-informatiques/8-excel/ex-001-solution6d7a.xlsx]
[www.clic-formation.net/fonction-nb-vide/exercice-1-fonction-nb-vide.html]
[www.clic-formation.net/images/01-excel/excel-competence-22/ex-divers/ex-002/ex-002.xlsx]
[www.clic-formation.net/images/01-excel/excel-competence-22/ex-divers/ex-002/ex-002-01.gif]
[www.clic-formation.net/component/search/indexba43.html]
[www.clic-formation.net/categories-telechargement/7-formations-informatiques/8-excel/ex-002-solution5dde.xlsx]
[www.clic-formation.net/fonction-nb-vide/exercice-2.html]
[www.clic-formation.net/images/01-excel/excel-competence-22/support-moyenne-si/1.webp]
[www.clic-formation.net/fonction-moyenne-si/support.html]
[www.clic-formation.net/component/search/indexe0c7.html]
[www.clic-formation.net/component/search/index45b7.html]
[www.clic-formation.net/tableur/liste-exercices-par-tags/moyenne-si.html]
[www.clic-formation.net/images/01-excel/excel-competence-22/ex-moyenne-si/ex-001/ex-001.xlsx]
[www.clic-formation.net/images/01-excel/excel-competence-22/ex-moyenne-si/ex-001/ex-001.gif]
[www.clic-formation.net/images/01-excel/excel-competence-22/ex-moyenne-si/ex-002/ex-002-solution.gif]
[www.clic-formation.net/categories-telechargement/7-formations-informatiques/8-excel/ex-001-solutionfb2f.xlsx]
[www.clic-formation.net/fonction-moyenne-si/exercice-1-fonction-moyenne-si.html]
[www.clic-formation.net/images/01-excel/excel-competence-22/ex-moyenne-si/ex-002/ex-002.xlsx]
[www.clic-formation.net/component/search/index9448.html]
[www.clic-formation.net/images/01-excel/excel-competence-22/ex-moyenne-si/ex-002/ex-002.gif]
[www.clic-formation.net/categories-telechargement/7-formations-informatiques/8-excel/ex-002-solution67f7.xlsx]
[www.clic-formation.net/fonction-moyenne-si/exercice-2-fonction-moyenne-si.html]
[www.clic-formation.net/images/01-excel/excel-competence-22/ex-moyenne-si/ex-003/ex-003.xlsx]
[www.clic-formation.net/images/01-excel/excel-competence-22/ex-moyenne-si/ex-003/ex-003.gif]
[www.clic-formation.net/component/search/index30d2.html]
[www.clic-formation.net/images/01-excel/excel-competence-22/ex-moyenne-si/ex-003/ex-003-solution.gif]
[www.clic-formation.net/categories-telechargement/7-formations-informatiques/8-excel/ex-003-solutionecf9.xlsx]
[www.clic-formation.net/fonction-moyenne-si/exercice-3-fonction-moyenne-si.html]
[www.clic-formation.net/images/01-excel/excel-competence-22/ex-moyenne-si/ex-004/ex-004.xlsx]
[www.clic-formation.net/images/01-excel/excel-competence-22/ex-moyenne-si/ex-004/ex-004.gif]
[www.clic-formation.net/images/01-excel/excel-competence-22/ex-moyenne-si/ex-004/ex-004-solution.gif]
[www.clic-formation.net/component/search/index0c6c.html]
[www.clic-formation.net/categories-telechargement/7-formations-informatiques/8-excel/ex-004-solution6580.xlsx]
[www.clic-formation.net/fonction-moyenne-si/exercice-4-fonction-moyenne-si.html]
[www.clic-formation.net/images/01-excel/excel-competence-22/ex-moyenne-si/ex-005/ex-005.gif]
[www.clic-formation.net/images/01-excel/excel-competence-22/ex-moyenne-si/ex-005/ex-005-solution.gif]
[www.clic-formation.net/component/search/index8485.html]
[www.clic-formation.net/categories-telechargement/7-formations-informatiques/8-excel/ex-005-solutioncfac.xlsx]
[www.clic-formation.net/fonction-moyenne-si/exercice-5-fonction-moyenne-si.html]
[www.clic-formation.net/fonction-moyenne-si-ens/support.html]
[www.clic-formation.net/component/search/indexd191.html]
[www.clic-formation.net/component/search/indexf374.html]
[www.clic-formation.net/tableur/liste-exercices-par-tags/moyenne-si-ens.html]
[www.clic-formation.net/images/01-excel/excel-competence-22/ex-moyenne-si-ens/moyenne-si-ens-01-telecharger.xlsx]
[www.clic-formation.net/images/01-excel/excel-competence-22/ex-moyenne-si-ens/moyenne-si-ens-01.jpg]
[www.clic-formation.net/images/01-excel/excel-competence-22/ex-moyenne-si-ens/moyenne-si-ens-01-solution.gif]
[www.clic-formation.net/categories-telechargement/7-formations-informatiques/8-excel/moyenne-si-ens-01-solution5a77.xlsx]
[www.clic-formation.net/fonction-moyenne-si-ens/exercice-1-moyenne-si-ens.html]
[www.clic-formation.net/images/01-excel/excel-competence-22/ex-moyenne-si-ens/ex-002/ex-002.xlsx]
[www.clic-formation.net/component/search/indexe536.html]
[www.clic-formation.net/images/01-excel/excel-competence-22/ex-moyenne-si-ens/ex-002/ex-002-solution.gif]
[www.clic-formation.net/categories-telechargement/7-formations-informatiques/8-excel/ex-002-solutionb3bc.xlsx]
[www.clic-formation.net/fonction-moyenne-si-ens/exercice-2-moyenne-si-ens.html]
[www.clic-formation.net/fonction-rang-pourcentage/support.html]
[www.clic-formation.net/component/search/index92c2.html]
[www.clic-formation.net/images/01-excel/excel-competence-22/ex-rang-pourcentage/ex-001/ex-001.xlsx]
[www.clic-formation.net/images/01-excel/excel-competence-22/ex-rang-pourcentage/ex-001/ex-001.gif]
[www.clic-formation.net/component/search/index861d.html]
[www.clic-formation.net/images/01-excel/excel-competence-22/ex-rang-pourcentage/ex-001/ex-001-solution.gif]
[www.clic-formation.net/categories-telechargement/7-formations-informatiques/8-excel/ex-001-solution9411.xlsx]
[www.clic-formation.net/fonction-rang-pourcentage/exercice-1.html]
[www.clic-formation.net/images/01-excel/excel-competence-22/ex-nb/ex-nb.xlsx]
[www.clic-formation.net/images/01-excel/excel-competence-22/ex-nb/ex-nb.gif]
[www.clic-formation.net/images/01-excel/excel-competence-22/ex-nb/ex-nb-solution.gif]
[www.clic-formation.net/component/search/indexb452.html]
[www.clic-formation.net/categories-telechargement/7-formations-informatiques/8-excel/solution-ex-nbfe19.xlsx]
[www.clic-formation.net/autres-fonctions/exercice-1-divers.html]
[www.clic-formation.net/images/01-excel/excel-competence-22/ex-divers/ex-003-enonce.xlsx]
[www.clic-formation.net/images/01-excel/excel-competence-22/ex-divers/ex-003-enonce.jpg]
[www.clic-formation.net/component/search/indexf43c.html]
[www.clic-formation.net/images/01-excel/excel-competence-22/ex-divers/ex-003-solution.jpg]
[www.clic-formation.net/categories-telechargement/7-formations-informatiques/8-excel/solution-stat-divers-3aef6.xlsx]
[www.clic-formation.net/autres-fonctions/exercice-stats-1.html]
[www.clic-formation.net/images/01-excel/excel-competence-22/ex-divers/ex-004-enonce.xlsx]
[www.clic-formation.net/images/01-excel/excel-competence-22/ex-divers/ex-004-enonce.jpg]
[www.clic-formation.net/component/search/indexf162.html]
[www.clic-formation.net/images/01-excel/excel-competence-22/ex-divers/ex-004-solution.jpg]
[www.clic-formation.net/categories-telechargement/7-formations-informatiques/8-excel/solution-stat-divers-49611.xlsx]
[www.clic-formation.net/autres-fonctions/exercice-4-stat.html]
[www.clic-formation.net/images/01-excel/excel-competence-22/ex-divers/enonce-stat-2.xlsx]
[www.clic-formation.net/images/01-excel/excel-competence-22/ex-divers/enonce-stat-divers-2.gif]
[www.clic-formation.net/images/01-excel/excel-competence-22/ex-divers/solution-stat-divers-2.gif]
[www.clic-formation.net/component/search/indexc7a7.html]
[www.clic-formation.net/categories-telechargement/7-formations-informatiques/8-excel/solution-stat-24aef.xlsx]
[www.clic-formation.net/autres-fonctions/exercice-6-stat.html]
[www.clic-formation.net/images/01-excel/excel-competence-22/ex-divers/ex-008/ex-008.xlsx]
[www.clic-formation.net/component/search/index9c84.html]
[www.clic-formation.net/images/01-excel/excel-competence-22/ex-divers/ex-008/ex-008.gif]
[www.clic-formation.net/images/01-excel/excel-competence-22/ex-divers/ex-008/ex-008-solution.gif]
[www.clic-formation.net/categories-telechargement/7-formations-informatiques/8-excel/ex-008-solution950b.xlsx]
[www.clic-formation.net/autres-fonctions/exercice-8.html]
[www.clic-formation.net/images/01-excel/exercices-pratiques/revision-statistiques-01/revision-statistiques-01.xlsx]
[www.clic-formation.net/component/search/index80a2.html]
[www.clic-formation.net/images/01-excel/exercices-pratiques/revision-statistiques-01/cas-01.gif]
[www.clic-formation.net/images/01-excel/exercices-pratiques/revision-statistiques-01/cas-01-solution.gif]
[www.clic-formation.net/images/01-excel/exercices-pratiques/revision-statistiques-01/cas-02.gif]
[www.clic-formation.net/images/01-excel/exercices-pratiques/revision-statistiques-01/cas-02-solution.gif]
[www.clic-formation.net/images/01-excel/exercices-pratiques/revision-statistiques-01/cas-03.gif]
[www.clic-formation.net/images/01-excel/exercices-pratiques/revision-statistiques-01/cas-03-solution.gif]
[www.clic-formation.net/images/01-excel/exercices-pratiques/revision-statistiques-01/cas-04.gif]
[www.clic-formation.net/images/01-excel/exercices-pratiques/revision-statistiques-01/cas-04-solution.gif]
[www.clic-formation.net/images/01-excel/exercices-pratiques/revision-statistiques-01/cas-05.gif]
[www.clic-formation.net/images/01-excel/exercices-pratiques/revision-statistiques-01/cas-05-solution.gif]
[www.clic-formation.net/images/01-excel/exercices-pratiques/revision-statistiques-01/cas-06.gif]
[www.clic-formation.net/images/01-excel/exercices-pratiques/revision-statistiques-01/cas-06-solution.gif]
[www.clic-formation.net/images/01-excel/exercices-pratiques/revision-statistiques-01/cas-07.gif]
[www.clic-formation.net/images/01-excel/exercices-pratiques/revision-statistiques-01/cas-07-solution.gif]
[www.clic-formation.net/categories-telechargement/7-formations-informatiques/8-excel/revision-statistiques-01 -solutiona6ae.xlsx]
[www.clic-formation.net/revisions-fonctions-statistiques.html]
[www.clic-formation.net/images/01-excel/exercices-pratiques/revision-statistique-02/revision-statistiques-02-enonce.xlsx]
[www.clic-formation.net/component/search/index6755.html]
[www.clic-formation.net/images/01-excel/exercices-pratiques/revision-statistique-02/cas-enonce-01.gif]
[www.clic-formation.net/images/01-excel/exercices-pratiques/revision-statistique-02/cas-01.gif]
[www.clic-formation.net/images/01-excel/exercices-pratiques/revision-statistique-02/cas-enonce-02.gif]
[www.clic-formation.net/images/01-excel/exercices-pratiques/revision-statistique-02/cas-02.gif]
[www.clic-formation.net/images/01-excel/exercices-pratiques/revision-statistique-02/cas-enonce-03.gif]
[www.clic-formation.net/images/01-excel/exercices-pratiques/revision-statistique-02/cas-3.gif]
[www.clic-formation.net/images/01-excel/exercices-pratiques/revision-statistique-02/cas-enonce-04.gif]
[www.clic-formation.net/images/01-excel/exercices-pratiques/revision-statistique-02/cas-4.gif]
[www.clic-formation.net/images/01-excel/exercices-pratiques/revision-statistique-02/cas-enonce-05.gif]
[www.clic-formation.net/images/01-excel/exercices-pratiques/revision-statistique-02/cas-5.gif]
[www.clic-formation.net/images/01-excel/exercices-pratiques/revision-statistique-02/cas-enonce-06.gif]
[www.clic-formation.net/images/01-excel/exercices-pratiques/revision-statistique-02/cas-6.gif]
[www.clic-formation.net/images/01-excel/exercices-pratiques/revision-statistique-02/cas-enonce-07.jpg]
[www.clic-formation.net/images/01-excel/exercices-pratiques/revision-statistique-02/cas-7.jpg]
[www.clic-formation.net/categories-telechargement/7-formations-informatiques/revision-statistiques-02-solution6e17.xlsx]
[www.clic-formation.net/revisions-fonctions-statistiques-2.html]
[www.clic-formation.net/revisions-fonctions-statistiques-221c1.html]
[www.clic-formation.net/component/search/index3282.html]
[www.clic-formation.net/evaluation-fonction-stats/evaluation-fonction-statistiques16f0.html]
[www.clic-formation.net/evaluation-fonction-stats/evaluation-fonction-statistiques5483.html]
[www.clic-formation.net/evaluation-fonction-stats/evaluation-fonction-statistiques51bd.html]
[www.clic-formation.net/evaluation-fonction-stats/evaluation-fonction-statistiques.html]
[www.clic-formation.net/images/01-excel/excel-competence-26/ex-recherche/support/support-recherche-01.gif]
[www.clic-formation.net/images/01-excel/excel-competence-26/ex-recherche/support/support-recherche-02.gif]
[www.clic-formation.net/component/search/index59a0.html]
[www.clic-formation.net/images/01-excel/excel-competence-26/ex-recherche/support/support-recherche-03.gif]
[www.clic-formation.net/fonction-recherche-v-h/support.html]
[www.clic-formation.net/component/search/index754e.html]
[www.clic-formation.net/images/01-excel/excel-competence-26/ex-recherche/ex-001/01.xlsx]
[www.clic-formation.net/images/01-excel/excel-competence-26/ex-recherche/ex-001/01.jpg]
[www.clic-formation.net/images/01-excel/excel-competence-26/ex-recherche/ex-001/01-solution.jpg]
[www.clic-formation.net/categories-telechargement/7-formations-informatiques/8-excel/solution-exercice-1df56.xlsx]
[www.clic-formation.net/fonction-recherche-v-h/exercice-1-recherche.html]
[www.clic-formation.net/images/01-excel/excel-competence-26/ex-recherche/ex-002/02.xlsx]
[www.clic-formation.net/component/search/indexa658.html]
[www.clic-formation.net/images/01-excel/excel-competence-26/ex-recherche/ex-002/02.jpg]
[www.clic-formation.net/images/01-excel/excel-competence-26/ex-recherche/ex-002/02-solution.jpg]
[www.clic-formation.net/categories-telechargement/7-formations-informatiques/8-excel/solution-exercice-20e05.xlsx]
[www.clic-formation.net/fonction-recherche-v-h/exercice-2-recherche.html]
[www.clic-formation.net/images/01-excel/excel-competence-26/ex-recherche/ex-003/03.xlsx]
[www.clic-formation.net/component/search/index2e12.html]
[www.clic-formation.net/images/01-excel/excel-competence-26/ex-recherche/ex-003/03.jpg]
[www.clic-formation.net/images/01-excel/excel-competence-26/ex-recherche/ex-003/03-solution.jpg]
[www.clic-formation.net/categories-telechargement/7-formations-informatiques/8-excel/solution-exercice-3e11c.xlsx]
[www.clic-formation.net/fonction-recherche-v-h/exercice-3-recherche.html]
[www.clic-formation.net/images/01-excel/excel-competence-26/ex-recherche/ex-004/ex-004.jpg]
[www.clic-formation.net/component/search/index3db8.html]
[www.clic-formation.net/images/01-excel/excel-competence-26/ex-recherche/ex-004/ex-004-solution.jpg]
[www.clic-formation.net/categories-telechargement/7-formations-informatiques/8-excel/solution-exercice-46ee6.xlsx]
[www.clic-formation.net/fonction-recherche-v-h/exercice-4-recherche.html]
[www.clic-formation.net/images/01-excel/excel-competence-26/ex-recherche/ex-005/ex-005.xlsx]
[www.clic-formation.net/component/search/indexd86a.html]
[www.clic-formation.net/images/01-excel/excel-competence-26/ex-recherche/ex-005/ex-005.jpg]
[www.clic-formation.net/images/01-excel/excel-competence-26/ex-recherche/ex-005/ex-005-solution.jpg]
[www.clic-formation.net/categories-telechargement/7-formations-informatiques/8-excel/solution-exercice-50e95.xlsx]
[www.clic-formation.net/fonction-recherche-v-h/exercice-5-recherche.html]
[www.clic-formation.net/images/01-excel/excel-competence-26/ex-recherche/ex-006/ex-006.xlsx]
[www.clic-formation.net/component/search/index6cde.html]
[www.clic-formation.net/images/01-excel/excel-competence-26/ex-recherche/ex-006/ex-006.jpg]
[www.clic-formation.net/images/01-excel/excel-competence-26/ex-recherche/ex-006/ex-006-solution.jpg]
[www.clic-formation.net/categories-telechargement/7-formations-informatiques/8-excel/solution-exercice-69321.xlsx]
[www.clic-formation.net/fonction-recherche-v-h/exercice-6-recherche.html]
[www.clic-formation.net/images/01-excel/excel-competence-26/ex-recherche/ex-007/ex-007.xlsx]
[www.clic-formation.net/images/01-excel/excel-competence-26/ex-recherche/ex-007/23-h-1.jpg]
[www.clic-formation.net/component/search/index9c81.html]
[www.clic-formation.net/images/01-excel/excel-competence-26/ex-recherche/ex-007/23-h-2.jpg]
[www.clic-formation.net/images/01-excel/excel-competence-26/ex-recherche/ex-007/23-h-3.jpg]
[www.clic-formation.net/images/01-excel/excel-competence-26/ex-recherche/ex-007/ex-007.gif]
[www.clic-formation.net/images/01-excel/excel-competence-26/ex-recherche/ex-007/ex-007-solution.gif]
[www.clic-formation.net/categories-telechargement/7-formations-informatiques/8-excel/solution-exercice-766c3.xlsx]
[www.clic-formation.net/fonction-recherche-v-h/exercice-7-recherche.html]
[www.clic-formation.net/images/01-excel/excel-competence-26/ex-recherche/ex-008/ex-008.xls]
[www.clic-formation.net/images/01-excel/excel-competence-26/ex-recherche/ex-008/23-8.jpg]
[www.clic-formation.net/component/search/index45dd.html]
[www.clic-formation.net/images/01-excel/excel-competence-26/ex-recherche/ex-008/23-i2.jpg]
[www.clic-formation.net/images/01-excel/excel-competence-26/ex-recherche/ex-008/23-8-solution.jpg]
[www.clic-formation.net/categories-telechargement/7-formations-informatiques/8-excel/solution-exercice-8f6a4.xlsx]
[www.clic-formation.net/fonction-recherche-v-h/exercice-8-recherche.html]
[www.clic-formation.net/images/01-excel/excel-competence-26/ex-recherche/ex-009/ex-009.xlsx]
[www.clic-formation.net/images/01-excel/excel-competence-26/ex-recherche/ex-009/ex-009.gif]
[www.clic-formation.net/component/search/indexb68c.html]
[www.clic-formation.net/images/01-excel/excel-competence-26/ex-recherche/ex-009/ex-009-solution.gif]
[www.clic-formation.net/categories-telechargement/7-formations-informatiques/8-excel/solution-exercice-9098d.xlsx]
[www.clic-formation.net/fonction-recherche-v-h/exercice-9-recherche.html]
[www.clic-formation.net/images/01-excel/excel-competence-26/ex-recherche/ex-010/ex-010.xlsx]
[www.clic-formation.net/images/01-excel/excel-competence-26/ex-recherche/ex-010/ex-010.gif]
[www.clic-formation.net/component/search/indexa969.html]
[www.clic-formation.net/images/01-excel/excel-competence-26/ex-recherche/ex-010/ex-010-solution.gif]
[www.clic-formation.net/categories-telechargement/7-formations-informatiques/8-excel/solution-exercice-10fa67.xlsx]
[www.clic-formation.net/fonction-recherche-v-h/exercice-10-recherche.html]
[www.clic-formation.net/images/01-excel/excel-competence-26/ex-recherche/ex-011/ex-011-enonce.xlsx]
[www.clic-formation.net/component/search/index8cc4.html]
[www.clic-formation.net/images/01-excel/excel-competence-26/ex-recherche/ex-011/ex-011-enonce.gif]
[www.clic-formation.net/images/01-excel/excel-competence-26/ex-recherche/ex-011/ex-011-solution.gif]
[www.clic-formation.net/categories-telechargement/7-formations-informatiques/8-excel/solution-exercice-119452.xlsx]
[www.clic-formation.net/fonction-recherche-v-h/exercice-11-recherche.html]
[www.clic-formation.net/images/01-excel/excel-competence-26/ex-recherchex/support/tableau.gif]
[www.clic-formation.net/component/search/index63d8.html]
[www.clic-formation.net/images/01-excel/excel-competence-26/ex-recherchex/support/arguments.gif]
[www.clic-formation.net/images/01-excel/excel-competence-26/ex-recherchex/support/mode-correspondance.gif]
[www.clic-formation.net/images/01-excel/excel-competence-26/ex-recherchex/support/mode-recherche.gif]
[www.clic-formation.net/images/01-excel/excel-competence-26/ex-recherchex/support/argument-2.gif]
[www.clic-formation.net/fonction-recherchex/support.html]
[www.clic-formation.net/images/01-excel/excel-competence-26/ex-recherchex/ex-001/ex-001.xlsx]
[www.clic-formation.net/images/01-excel/excel-competence-26/ex-recherchex/ex-001/ex-001.webp]
[www.clic-formation.net/images/01-excel/excel-competence-26/ex-recherchex/ex-001/ex-001-solution.webp]
[www.clic-formation.net/component/search/index3d7b.html]
[www.clic-formation.net/categories-telechargement/7-formations-informatiques/8-excel/ex-001-solution966d.xlsx]
[www.clic-formation.net/fonction-recherchex/exercice-1.html]
[www.clic-formation.net/images/01-excel/excel-competence-26/ex-recherchex/ex-002/ex-002.xlsx]
[www.clic-formation.net/images/01-excel/excel-competence-26/ex-recherchex/ex-002/ex-002.gif]
[www.clic-formation.net/component/search/index4634.html]
[www.clic-formation.net/images/01-excel/excel-competence-26/ex-recherchex/ex-002/ex-002-solution.gif]
[www.clic-formation.net/categories-telechargement/7-formations-informatiques/8-excel/ex-002-solution1839.xlsx]
[www.clic-formation.net/fonction-recherchex/exercice-2.html]
[www.clic-formation.net/images/01-excel/excel-competence-26/ex-recherchex/ex-003/ex-003.xlsx]
[www.clic-formation.net/component/search/indexa81b.html]
[www.clic-formation.net/images/01-excel/excel-competence-26/ex-recherchex/ex-003/ex-003-1.webp]
[www.clic-formation.net/images/01-excel/excel-competence-26/ex-recherchex/ex-003/ex-003-2.webp]
[www.clic-formation.net/images/01-excel/excel-competence-26/ex-recherchex/ex-003/ex-003-solution-1.webp]
[www.clic-formation.net/images/01-excel/excel-competence-26/ex-recherchex/ex-003/ex-003-solution-2.webp]
[www.clic-formation.net/categories-telechargement/7-formations-informatiques/8-excel/ex-003-solution6f82.xlsx]
[www.clic-formation.net/fonction-recherchex/exercice-3.html]
[www.clic-formation.net/images/01-excel/excel-competence-26/ex-recherchex/ex-004/ex-004.xlsx]
[www.clic-formation.net/images/01-excel/excel-competence-26/ex-recherchex/ex-004/ex-004.webp]
[www.clic-formation.net/component/search/index57b2.html]
[www.clic-formation.net/images/01-excel/excel-competence-26/ex-recherchex/ex-004/ex-004-solution.webp]
[www.clic-formation.net/categories-telechargement/7-formations-informatiques/8-excel/ex-004-solution5d3c.xlsx]
[www.clic-formation.net/fonction-recherchex/exercice-4.html]
[www.clic-formation.net/images/01-excel/excel-competence-26/ex-trier/support/support-fonction-trier-01.gif]
[www.clic-formation.net/component/search/index4102.html]
[www.clic-formation.net/images/01-excel/excel-competence-26/ex-trier/support/support-fonction-trier-02.gif]
[www.clic-formation.net/fonction-trier-trierpar/support.html]
[www.clic-formation.net/images/01-excel/excel-competence-26/ex-trier/ex-001/ex-001.xlsx]
[www.clic-formation.net/images/01-excel/excel-competence-26/ex-trier/ex-001/ex-001.gif]
[www.clic-formation.net/component/search/indexd7ff.html]
[www.clic-formation.net/images/01-excel/excel-competence-26/ex-trier/ex-001/ex-001-solution.gif]
[www.clic-formation.net/categories-telechargement/7-formations-informatiques/8-excel/ex-001-solution3f5a.xlsx]
[www.clic-formation.net/fonction-trier-trierpar/exercice-1.html]
[www.clic-formation.net/component/search/index2df9.html]
[www.clic-formation.net/images/01-excel/excel-competence-26/ex-trier/ex-002/ex-002.xlsx]
[www.clic-formation.net/images/01-excel/excel-competence-26/ex-trier/ex-002/ex-002.gif]
[www.clic-formation.net/images/01-excel/excel-competence-26/ex-trier/ex-002/ex-002-solution.gif]
[www.clic-formation.net/categories-telechargement/7-formations-informatiques/8-excel/ex-002-solution1bd9.xlsx]
[www.clic-formation.net/fonction-trier-trierpar/exercice-2.html]
[www.clic-formation.net/images/01-excel/excel-competence-26/ex-trier/ex-003/ex-003.xlsx]
[www.clic-formation.net/component/search/indexdb32.html]
[www.clic-formation.net/images/01-excel/excel-competence-26/ex-trier/ex-003/ex-003.gif]
[www.clic-formation.net/images/01-excel/excel-competence-26/ex-trier/ex-003/ex-003-solution.gif]
[www.clic-formation.net/categories-telechargement/7-formations-informatiques/8-excel/ex-003-solution1057.xlsx]
[www.clic-formation.net/fonction-trier-trierpar/exercice-3.html]
[www.clic-formation.net/images/01-excel/excel-competence-26/ex-filtre/support/focntion-filtre-01.gif]
[www.clic-formation.net/images/01-excel/excel-competence-26/ex-filtre/support/focntion-filtre-02.gif]
[www.clic-formation.net/fonction-filtre/support.html]
[www.clic-formation.net/component/search/index7a06.html]
[www.clic-formation.net/images/01-excel/excel-competence-26/ex-filtre/ex-001/ex-001.xlsx]
[www.clic-formation.net/component/search/index5061.html]
[www.clic-formation.net/images/01-excel/excel-competence-26/ex-filtre/ex-001/ex-001.gif]
[www.clic-formation.net/images/01-excel/excel-competence-26/ex-filtre/ex-002/ex-002-solution.gif]
[www.clic-formation.net/categories-telechargement/7-formations-informatiques/8-excel/ex-001-solution5f87.xlsx]
[www.clic-formation.net/fonction-filtre/exercice-1.html]
[www.clic-formation.net/images/01-excel/excel-competence-26/ex-filtre/ex-002/ex-002.gif]
[www.clic-formation.net/component/search/index83a4.html]
[www.clic-formation.net/categories-telechargement/7-formations-informatiques/8-excel/ex-002-solution2e67.xlsx]
[www.clic-formation.net/fonction-filtre/exercice-2.html]
[www.clic-formation.net/images/01-excel/excel-competence-26/ex-filtre/ex-003/ex-003.xlsx]
[www.clic-formation.net/component/search/index976b.html]
[www.clic-formation.net/images/01-excel/excel-competence-26/ex-filtre/ex-003/ex-003.webp]
[www.clic-formation.net/images/01-excel/excel-competence-26/ex-filtre/ex-003/ex-003-solution.webp]
[www.clic-formation.net/categories-telechargement/7-formations-informatiques/8-excel/ex-003-solutionf9f3.xlsx]
[www.clic-formation.net/fonction-filtre/exercice-3.html]
[www.clic-formation.net/images/01-excel/excel-competence-26/ex-index/support/support-index-02.jpg]
[www.clic-formation.net/component/search/index677b.html]
[www.clic-formation.net/images/01-excel/excel-competence-26/ex-index/support/support-index-01.jpg]
[www.clic-formation.net/fonction-index/support-index.html]
[www.clic-formation.net/images/01-excel/excel-competence-26/ex-equiv/support/equive-01.gif]
[www.clic-formation.net/component/search/indexbcf6.html]
[www.clic-formation.net/images/01-excel/excel-competence-26/ex-equiv/support/equive-02.gif]
[www.clic-formation.net/fonction-index.html]
[www.clic-formation.net/fonction-index/support-equiv.html]
[www.clic-formation.net/component/search/indexac32.html]
[www.clic-formation.net/tableur/liste-exercices-par-tags/index.html]
[www.clic-formation.net/images/01-excel/excel-competence-26/ex-index/ex-001/ex-001.xlsx]
[www.clic-formation.net/images/01-excel/excel-competence-26/ex-index/ex-001/ex-001-enonce.gif]
[www.clic-formation.net/images/01-excel/excel-competence-26/ex-index/ex-001/ex-001-solution.gif]
[www.clic-formation.net/categories-telechargement/7-formations-informatiques/8-excel/ex-001-solution9009.xlsx]
[www.clic-formation.net/fonction-index/exercice-1-index.html]
[www.clic-formation.net/images/01-excel/excel-competence-26/ex-index/ex-002/ex-002.xlsx]
[www.clic-formation.net/component/search/indexa0fd.html]
[www.clic-formation.net/images/01-excel/excel-competence-26/ex-index/ex-002/ex-002-enonce.gif]
[www.clic-formation.net/images/01-excel/excel-competence-26/ex-index/ex-002/ex-002-solution.gif]
[www.clic-formation.net/categories-telechargement/7-formations-informatiques/8-excel/ex-002-solution4b80.xlsx]
[www.clic-formation.net/fonction-index/exercice-2-index.html]
[www.clic-formation.net/images/01-excel/excel-competence-26/ex-index/ex-003/ex-003.xlsx]
[www.clic-formation.net/component/search/index3239.html]
[www.clic-formation.net/images/01-excel/excel-competence-26/ex-index/ex-003/ex-003-enonce.gif]
[www.clic-formation.net/images/01-excel/excel-competence-26/ex-index/ex-003/ex-003-solution.gif]
[www.clic-formation.net/categories-telechargement/7-formations-informatiques/8-excel/ex-003-solution91b7.xlsx]
[www.clic-formation.net/fonction-index/exercice-3-index.html]
[www.clic-formation.net/images/01-excel/excel-competence-26/ex-index/ex-004/ex-004.xlsx]
[www.clic-formation.net/component/search/index4275.html]
[www.clic-formation.net/images/01-excel/excel-competence-26/ex-index/ex-004/ex-004-enonce.gif]
[www.clic-formation.net/images/01-excel/excel-competence-26/ex-index/ex-004/ex-004-solution.gif]
[www.clic-formation.net/categories-telechargement/7-formations-informatiques/8-excel/ex-004-solution4c0b.xlsx]
[www.clic-formation.net/fonction-index/exercice-4-index.html]
[www.clic-formation.net/images/01-excel/excel-competence-26/ex-index/ex-005/ex-005-solution.xlsx]
[www.clic-formation.net/images/01-excel/excel-competence-26/ex-index/ex-005/ex-005.gif]
[www.clic-formation.net/component/search/indexdb67.html]
[www.clic-formation.net/images/01-excel/excel-competence-26/ex-index/ex-005/ex-005-solution.gif]
[www.clic-formation.net/categories-telechargement/7-formations-informatiques/8-excel/ex-005-solution1f14.xlsx]
[www.clic-formation.net/fonction-index/exercice-5-index.html]
[www.clic-formation.net/component/search/indexecfb.html]
[www.clic-formation.net/images/01-excel/excel-competence-26/ex-index/ex-006/ex-006.xlsx]
[www.clic-formation.net/images/01-excel/excel-competence-26/ex-index/ex-006/ex-006.webp]
[www.clic-formation.net/images/01-excel/excel-competence-26/ex-index/ex-006/ex-006-solution.webp]
[www.clic-formation.net/categories-telechargement/7-formations-informatiques/8-excel/ex-006-solution2607.xlsx]
[www.clic-formation.net/fonction-index/exercice-6-index-equiv.html]
[www.clic-formation.net/images/01-excel/excel-competence-26/ex-indirect/support/indirect-01.png]
[www.clic-formation.net/images/01-excel/excel-competence-26/ex-indirect/support/indirect-02.png]
[www.clic-formation.net/component/search/index1c59.html]
[www.clic-formation.net/images/01-excel/excel-competence-26/ex-indirect/support/indirect-03.png]
[www.clic-formation.net/images/01-excel/excel-competence-26/ex-indirect/support/indirect-04.png]
[www.clic-formation.net/fonction-indirect/support-indirect.html]
[www.clic-formation.net/images/01-excel/excel-competence-26/ex-indirect/ex-001/ex-001.xlsx]
[www.clic-formation.net/component/search/index88fc.html]
[www.clic-formation.net/images/01-excel/excel-competence-26/ex-indirect/ex-001/enonce.gif]
[www.clic-formation.net/images/01-excel/excel-competence-26/ex-indirect/ex-001/solution.gif]
[www.clic-formation.net/categories-telechargement/7-formations-informatiques/8-excel/ex-001-solution-indirect963e.xlsx]
[www.clic-formation.net/fonction-indirect/exercice-1-indirect.html]
[www.clic-formation.net/images/01-excel/excel-competence-26/ex-indirect/ex-002/ex-002.xlsx]
[www.clic-formation.net/component/search/indexdde5.html]
[www.clic-formation.net/images/01-excel/excel-competence-26/ex-indirect/ex-002/ex-002-enonce.gif]
[www.clic-formation.net/images/01-excel/excel-competence-26/ex-indirect/ex-002/ex-002-resultat.gif]
[www.clic-formation.net/categories-telechargement/7-formations-informatiques/8-excel/ex-002-solution-indirectd186.xlsx]
[www.clic-formation.net/fonction-indirect/exercice-2-indirect.html]
[www.clic-formation.net/images/01-excel/excel-competence-26/ex-indirect/ex-003/ex-003.xlsx]
[www.clic-formation.net/images/01-excel/excel-competence-26/ex-indirect/ex-003/ex-003.gif]
[www.clic-formation.net/component/search/index181d.html]
[www.clic-formation.net/images/01-excel/excel-competence-26/ex-indirect/ex-003/ex-003-solution.gif]
[www.clic-formation.net/categories-telechargement/7-formations-informatiques/8-excel/ex-003-solution7673.xlsx]
[www.clic-formation.net/fonction-indirect/exercice-3-indirect.html]
[www.clic-formation.net/images/01-excel/excel-competence-26/ex-unique/support/support-fonction-unique.webp]
[www.clic-formation.net/images/01-excel/excel-competence-26/ex-unique/support/support-fonction-unique-2.webp]
[www.clic-formation.net/fonction-unique/support-unique.html]
[www.clic-formation.net/component/search/index044d.html]
[www.clic-formation.net/component/search/indexa3ca.html]
[www.clic-formation.net/tableur/liste-exercices-par-tags/unique.html]
[www.clic-formation.net/images/01-excel/excel-competence-26/ex-unique/ex-001/ex-001.xlsx]
[www.clic-formation.net/images/01-excel/excel-competence-26/ex-unique/ex-001/ex-001.webp]
[www.clic-formation.net/images/01-excel/excel-competence-26/ex-unique/ex-001/ex-001-solution.webp]
[www.clic-formation.net/categories-telechargement/7-formations-informatiques/8-excel/ex-001-solution3211.xlsx]
[www.clic-formation.net/fonction-unique/exercice-1-unique.html]
[www.clic-formation.net/images/01-excel/excel-competence-26/ex-unique/ex-002/ex-002.xlsx]
[www.clic-formation.net/component/search/index42da.html]
[www.clic-formation.net/images/01-excel/excel-competence-26/ex-unique/ex-002/ex-002.webp]
[www.clic-formation.net/images/01-excel/excel-competence-26/ex-unique/ex-002/ex-002-solution.webp]
[www.clic-formation.net/categories-telechargement/7-formations-informatiques/8-excel/ex-002-solution07af.xlsx]
[www.clic-formation.net/fonction-unique/exercice-2-unique.html]
[www.clic-formation.net/images/01-excel/excel-competence-26/ex-unique/ex-003/ex-003.xlsx]
[www.clic-formation.net/images/01-excel/excel-competence-26/ex-unique/ex-003/ex-003.webp]
[www.clic-formation.net/component/search/index6696.html]
[www.clic-formation.net/images/01-excel/excel-competence-26/ex-unique/ex-003/ex-003-solution.webp]
[www.clic-formation.net/categories-telechargement/7-formations-informatiques/8-excel/ex-003-solution0f8b.xlsx]
[www.clic-formation.net/fonction-unique/exercice-3-unique.html]
[www.clic-formation.net/component/search/index92d2.html]
[www.clic-formation.net/evaluation-fonction-recherche/quizz-recherche16f0.html]
[www.clic-formation.net/evaluation-fonction-recherche/quizz-recherche5483.html]
[www.clic-formation.net/evaluation-fonction-recherche/quizz-recherche51bd.html]
[www.clic-formation.net/evaluation-fonction-recherche/quizz-recherche.html]
[www.clic-formation.net/images/01-excel/excel-competence-27/support/support-arrondi.jpg]
[www.clic-formation.net/fonction-arrondi/support-arrondi.html]
[www.clic-formation.net/component/search/indexe63d.html]
[www.clic-formation.net/images/01-excel/excel-competence-27/ex-001/ex-001.xlsx]
[www.clic-formation.net/component/search/index3c7d.html]
[www.clic-formation.net/images/01-excel/excel-competence-27/ex-001/ex-001-enonce.jpg]
[www.clic-formation.net/images/01-excel/excel-competence-27/ex-001/ex-001-solution.jpg]
[www.clic-formation.net/categories-telechargement/7-formations-informatiques/8-excel/ex-001-solution0d77.xlsx]
[www.clic-formation.net/fonction-arrondi/exercice-1-arrondi.html]
[www.clic-formation.net/images/01-excel/excel-competence-27/ex-015/ex-015.xlsx]
[www.clic-formation.net/images/01-excel/excel-competence-27/ex-015/ex-015.gif]
[www.clic-formation.net/component/search/index3c69.html]
[www.clic-formation.net/images/01-excel/excel-competence-27/ex-015/ex-015-solution.gif]
[www.clic-formation.net/categories-telechargement/7-formations-informatiques/8-excel/ex-015-solution7221.xlsx]
[www.clic-formation.net/fonction-arrondi/exercice-2-arrondi.html]
[www.clic-formation.net/images/01-excel/excel-competence-27/support/ent-01.jpg]
[www.clic-formation.net/fonction-ent/support-ent.html]
[www.clic-formation.net/images/01-excel/excel-competence-27/support/ent-02.jpg]
[www.clic-formation.net/component/search/index7219.html]
[www.clic-formation.net/images/01-excel/excel-competence-27/ex-002/ex-002.xlsx]
[www.clic-formation.net/component/search/index472f.html]
[www.clic-formation.net/images/01-excel/excel-competence-27/ex-002/ex-002-enonce.jpg]
[www.clic-formation.net/images/01-excel/excel-competence-27/ex-002/ex-002.jpg]
[www.clic-formation.net/categories-telechargement/7-formations-informatiques/8-excel/ex-002-solutionf520.xlsx]
[www.clic-formation.net/fonction-ent/exercice-1-ent.html]
[www.clic-formation.net/images/01-excel/excel-competence-27/ex-003/ex-003.xlsx]
[www.clic-formation.net/component/search/indexa10c.html]
[www.clic-formation.net/images/01-excel/excel-competence-27/ex-003/ex-003-enonce.jpg]
[www.clic-formation.net/images/01-excel/excel-competence-27/ex-003/ex-003-solution.jpg]
[www.clic-formation.net/categories-telechargement/7-formations-informatiques/8-excel/ex-003-solution4a1b.xlsx]
[www.clic-formation.net/fonction-ent/exercice-3-ent.html]
[www.clic-formation.net/images/01-excel/excel-competence-27/ex-004/ex-004.xlsx]
[www.clic-formation.net/images/01-excel/excel-competence-27/ex-004/ex-004-enonce.jpg]
[www.clic-formation.net/component/search/index7851-2.html]
[www.clic-formation.net/images/01-excel/excel-competence-27/ex-004/ex-004-solution.jpg]
[www.clic-formation.net/categories-telechargement/7-formations-informatiques/8-excel/ex-004-solution52b9.xlsx]
[www.clic-formation.net/fonction-ent/exercice-2-ent.html]
[www.clic-formation.net/images/01-excel/excel-competence-23/somme-si/support/1.webp]
[www.clic-formation.net/images/01-excel/excel-competence-23/somme-si/support/2.webp]
[www.clic-formation.net/component/search/index3bcc.html]
[www.clic-formation.net/images/01-excel/excel-competence-23/somme-si/support/3.webp]
[www.clic-formation.net/fonction-somme-si/support-sommesi.html]
[www.clic-formation.net/images/01-excel/excel-competence-27/somme-si/ex-001/ex-001.xlsx]
[www.clic-formation.net/component/search/index4429.html]
[www.clic-formation.net/images/01-excel/excel-competence-27/somme-si/ex-001/ex-001-enonce.gif]
[www.clic-formation.net/images/01-excel/excel-competence-27/somme-si/ex-001/ex-001-solution.gif]
[www.clic-formation.net/categories-telechargement/7-formations-informatiques/8-excel/24-competences-27/ex-001-solution5dbb.xlsx]
[www.clic-formation.net/fonction-somme-si/exercice-1-sommesi.html]
[www.clic-formation.net/images/01-excel/excel-competence-27/somme-si/ex-002/ex-002.xlsx]
[www.clic-formation.net/component/search/indexd183.html]
[www.clic-formation.net/images/01-excel/excel-competence-27/somme-si/ex-002/ex-002-enonce.gif]
[www.clic-formation.net/images/01-excel/excel-competence-27/somme-si/ex-002/ex-002-solution.gif]
[www.clic-formation.net/categories-telechargement/7-formations-informatiques/8-excel/24-competences-27/ex-002-solutionb600.xlsx]
[www.clic-formation.net/fonction-somme-si/exercice-2-somme-si.html]
[www.clic-formation.net/images/01-excel/excel-competence-27/somme-si/ex-003/ex-003.xlsx]
[www.clic-formation.net/images/01-excel/excel-competence-27/somme-si/ex-003/ex-003-enonce.gif]
[www.clic-formation.net/component/search/index7f53.html]
[www.clic-formation.net/categories-telechargement/7-formations-informatiques/8-excel/24-competences-27/ex-003-solution4f2d.xlsx]
[www.clic-formation.net/fonction-somme-si/exercice-3-somme-si.html]
[www.clic-formation.net/images/01-excel/excel-competence-27/somme-si/ex-004/ex-004.xlsx]
[www.clic-formation.net/component/search/index4e75.html]
[www.clic-formation.net/images/01-excel/excel-competence-27/somme-si/ex-004/ex-004-enonce.gif]
[www.clic-formation.net/images/01-excel/excel-competence-27/somme-si/ex-004/ex-004-solution.gif]
[www.clic-formation.net/categories-telechargement/7-formations-informatiques/8-excel/24-competences-27/ex-004-solution6c58.xlsx]
[www.clic-formation.net/fonction-somme-si/exercice-4-somme-si.html]
[www.clic-formation.net/images/01-excel/excel-competence-27/somme-si/ex-005/ex-005.xlsx]
[www.clic-formation.net/images/01-excel/excel-competence-27/somme-si/ex-005/ex-005-enonce.jpg]
[www.clic-formation.net/component/search/indexbda6.html]
[www.clic-formation.net/images/01-excel/excel-competence-27/somme-si/ex-005/ex-005-solution.jpg]
[www.clic-formation.net/categories-telechargement/7-formations-informatiques/8-excel/24-competences-27/ex-005-solutionecb6.xlsx]
[www.clic-formation.net/fonction-somme-si/exercice-5-somme-si.html]
[www.clic-formation.net/images/01-excel/excel-competence-27/somme-si/ex-006/ex-006.xlsx]
[www.clic-formation.net/component/search/indexeb2c.html]
[www.clic-formation.net/images/01-excel/excel-competence-27/somme-si/ex-006/ex-006-enonce.gif]
[www.clic-formation.net/images/01-excel/excel-competence-27/somme-si/ex-006/ex-006-solution.jpg]
[www.clic-formation.net/categories-telechargement/7-formations-informatiques/8-excel/24-competences-27/ex-006-solution8cb7.xlsx]
[www.clic-formation.net/fonction-somme-si/exercice-6-somme-si.html]
[www.clic-formation.net/images/01-excel/excel-competence-27/somme-si/ex-007/ex-007.xlsx]
[www.clic-formation.net/images/01-excel/excel-competence-27/somme-si/ex-007/ex-007-enonce.jpg]
[www.clic-formation.net/component/search/index222d.html]
[www.clic-formation.net/images/01-excel/excel-competence-27/somme-si/ex-007/ex-007-solution.jpg]
[www.clic-formation.net/categories-telechargement/7-formations-informatiques/8-excel/24-competences-27/ex-007-solution3a0b.xlsx]
[www.clic-formation.net/fonction-somme-si/exercice-7-somme-si.html]
[www.clic-formation.net/images/01-excel/excel-competence-27/somme-si/ex-008/ex-008.xlsx]
[www.clic-formation.net/component/search/indexf173.html]
[www.clic-formation.net/images/01-excel/excel-competence-27/somme-si/ex-008/ex-008.webp]
[www.clic-formation.net/images/01-excel/excel-competence-27/somme-si/ex-008/ex-008-solution.webp]
[www.clic-formation.net/categories-telechargement/7-formations-informatiques/8-excel/24-competences-27/ex-008-solution4dbc.xlsx]
[www.clic-formation.net/fonction-somme-si/exercice-8-somme-si.html]
[www.clic-formation.net/images/01-excel/excel-competence-27/somme-si/ex-009/ex-009.xlsx]
[www.clic-formation.net/images/01-excel/excel-competence-27/somme-si/ex-009/ex-009-enonce.gif]
[www.clic-formation.net/component/search/indexb0dc.html]
[www.clic-formation.net/images/01-excel/excel-competence-27/somme-si/ex-009/ex-009-solution.gif]
[www.clic-formation.net/categories-telechargement/7-formations-informatiques/8-excel/24-competences-27/ex-009-solutiona056.xlsx]
[www.clic-formation.net/fonction-somme-si/exercice-9-somme-si.html]
[www.clic-formation.net/images/01-excel/excel-competence-27/somme-si-ens/support/tuto.webp]
[www.clic-formation.net/images/01-excel/excel-competence-27/somme-si-ens/support/tuto-2.webp]
[www.clic-formation.net/fonction-somme-si-ens/support-somme-si-ens.html]
[www.clic-formation.net/component/search/indexc8e2.html]
[www.clic-formation.net/images/01-excel/excel-competence-27/somme-si-ens/ex-001/ex-001.xlsx]
[www.clic-formation.net/images/01-excel/excel-competence-27/somme-si-ens/ex-001/ex-001-enonce.gif]
[www.clic-formation.net/component/search/index62c7.html]
[www.clic-formation.net/images/01-excel/excel-competence-27/somme-si-ens/ex-001/ex-001-solution.jpg]
[www.clic-formation.net/categories-telechargement/7-formations-informatiques/8-excel/ex-001-solutionce5d.xlsx]
[www.clic-formation.net/fonction-somme-si-ens/exercice-1-somme-si-ens.html]
[www.clic-formation.net/images/01-excel/excel-competence-27/somme-si-ens/ex-002/ex-002.xlsx]
[www.clic-formation.net/component/search/indexa862.html]
[www.clic-formation.net/images/01-excel/excel-competence-27/somme-si-ens/ex-002/ex-002-enonce.gif]
[www.clic-formation.net/images/01-excel/excel-competence-27/somme-si-ens/ex-002/ex-002-solution.gif]
[www.clic-formation.net/categories-telechargement/7-formations-informatiques/8-excel/ex-002-solutionf1c1.xlsx]
[www.clic-formation.net/fonction-somme-si-ens/exercice-2-somme-si-ens.html]
[www.clic-formation.net/images/01-excel/excel-competence-27/somme-si-ens/ex-003/ex-003.xlsx]
[www.clic-formation.net/images/01-excel/excel-competence-27/somme-si-ens/ex-003/ex-003-enonce.gif]
[www.clic-formation.net/component/search/index3028.html]
[www.clic-formation.net/images/01-excel/excel-competence-27/somme-si-ens/ex-003/ex-003.gif]
[www.clic-formation.net/categories-telechargement/7-formations-informatiques/8-excel/ex-003-solutionac9c.xlsx]
[www.clic-formation.net/fonction-somme-si-ens/exercice-3-somme-si-ense458.html]
[www.clic-formation.net/fonction-somme-si-ens/exercice-3-somme-si-ens.html]
[www.clic-formation.net/images/01-excel/excel-competence-27/support/somme-prod-01.jpg]
[www.clic-formation.net/fonction-sommeprod/support-sommeprod.html]
[www.clic-formation.net/component/search/index9b72.html]
[www.clic-formation.net/images/01-excel/excel-competence-27/ex-008/ex-008.xlsx]
[www.clic-formation.net/images/01-excel/excel-competence-27/ex-008/ex-008-enonce.jpg]
[www.clic-formation.net/component/search/index98da.html]
[www.clic-formation.net/images/01-excel/excel-competence-27/ex-008/ex-008.jpg]
[www.clic-formation.net/categories-telechargement/7-formations-informatiques/8-excel/ex-008-solutionacd8.xlsx]
[www.clic-formation.net/fonction-sommeprod/exercice-1-sommeprod.html]
[www.clic-formation.net/images/01-excel/excel-competence-27/ex-007/ex-007.xlsx]
[www.clic-formation.net/images/01-excel/excel-competence-27/ex-007/ex-007.gif]
[www.clic-formation.net/component/search/index7002.html]
[www.clic-formation.net/images/01-excel/excel-competence-27/ex-007/ex-007-solution.gif]
[www.clic-formation.net/categories-telechargement/7-formations-informatiques/8-excel/ex-007-solution4fd7.xlsx]
[www.clic-formation.net/fonction-sommeprod/exercice-2-sommeprod.html]
[www.clic-formation.net/images/01-excel/excel-competence-27/ex-009/ex-009.xlsx]
[www.clic-formation.net/images/01-excel/excel-competence-27/ex-009/ex-009-enonce-1.gif]
[www.clic-formation.net/component/search/indexc497.html]
[www.clic-formation.net/images/01-excel/excel-competence-27/ex-009/ex-009-enonce-2.gif]
[www.clic-formation.net/images/01-excel/excel-competence-27/ex-009/ex-009-enonce-3.gif]
[www.clic-formation.net/images/01-excel/excel-competence-27/ex-009/ex-009-resultat-1.gif]
[www.clic-formation.net/images/01-excel/excel-competence-27/ex-009/ex-009-resultat-2.gif]
[www.clic-formation.net/images/01-excel/excel-competence-27/ex-009/ex-009-resultat-3.gif]
[www.clic-formation.net/categories-telechargement/7-formations-informatiques/8-excel/ex-009-solution9ca5.xlsx]
[www.clic-formation.net/fonction-sommeprod/exercice-3-sommeprod9648.html]
[www.clic-formation.net/fonction-sommeprod/exercice-3-sommeprod.html]
[www.clic-formation.net/images/01-excel/excel-competence-23/tableau-alea/support/support-01.gif]
[www.clic-formation.net/images/01-excel/excel-competence-23/tableau-alea/support/support-02.gif]
[www.clic-formation.net/tableau-alea/support.html]
[www.clic-formation.net/component/search/indexed42.html]
[www.clic-formation.net/images/01-excel/excel-competence-23/tableau-alea/ex-001/ex-001.xlsx]
[www.clic-formation.net/component/search/indexcebc.html]
[www.clic-formation.net/images/01-excel/excel-competence-23/tableau-alea/ex-001/ex-001.gif]
[www.clic-formation.net/images/01-excel/excel-competence-23/tableau-alea/ex-001/ex-001-solution.gif]
[www.clic-formation.net/categories-telechargement/7-formations-informatiques/8-excel/ex-001-solution-tableau-alea9fd9.xlsx]
[www.clic-formation.net/tableau-alea/exercice-1-tableau-alea.html]
[www.clic-formation.net/images/01-excel/excel-competence-27/ex-005/ex-005-enonce.jpg]
[www.clic-formation.net/images/01-excel/excel-competence-27/ex-005/ex-005.jpg]
[www.clic-formation.net/component/search/indexa488.html]
[www.clic-formation.net/categories-telechargement/7-formations-informatiques/8-excel/ex-005-solution44fe.xlsx]
[www.clic-formation.net/divers-mathematique/exercice-1-divers.html]
[www.clic-formation.net/images/01-excel/excel-competence-27/ex-006/ex-006-enonce.jpg]
[www.clic-formation.net/component/search/index99bf.html]
[www.clic-formation.net/images/01-excel/excel-competence-27/ex-006/ex-006-solution.jpg]
[www.clic-formation.net/categories-telechargement/7-formations-informatiques/8-excel/ex-006-solution04ea.xlsx]
[www.clic-formation.net/divers-mathematique/exercice-1-division.html]
[www.clic-formation.net/images/01-excel/excel-competence-25/ex1-concatener/support/support-concat.webp]
[www.clic-formation.net/fonction-concatener/support.html]
[www.clic-formation.net/images/01-excel/excel-competence-25/ex1-concatener/ex-001/ex-001.xlsx]
[www.clic-formation.net/images/01-excel/excel-competence-25/ex1-concatener/ex-001/ex-001.jpg]
[www.clic-formation.net/component/search/indexac5a.html]
[www.clic-formation.net/component/search/index7fcb.html]
[www.clic-formation.net/images/01-excel/excel-competence-25/ex1-concatener/ex-001/ex-001-resultat.jpg]
[www.clic-formation.net/categories-telechargement/7-formations-informatiques/8-excel/ex-001-solutione326.xlsx]
[www.clic-formation.net/fonction-concatener/exercice-1-concatener.html]
[www.clic-formation.net/images/01-excel/excel-competence-25/ex1-concatener/ex-002/ex-002.xlsx]
[www.clic-formation.net/images/01-excel/excel-competence-25/ex1-concatener/ex-002/ex-002.webp]
[www.clic-formation.net/component/search/indexdd05.html]
[www.clic-formation.net/images/01-excel/excel-competence-25/ex1-concatener/ex-002/ex-002-solution.webp]
[www.clic-formation.net/categories-telechargement/7-formations-informatiques/8-excel/ex-002-solution85cb.xlsx]
[www.clic-formation.net/fonction-concatener/exercice-2-concatener.html]
[www.clic-formation.net/images/01-excel/excel-competence-25/ex1-concatener/ex-003/ex-003.xlsx]
[www.clic-formation.net/component/search/index40f8.html]
[www.clic-formation.net/images/01-excel/excel-competence-25/ex1-concatener/ex-003/ex-003.gif]
[www.clic-formation.net/images/01-excel/excel-competence-25/ex1-concatener/ex-003/ex-003-solution.gif]
[www.clic-formation.net/categories-telechargement/7-formations-informatiques/8-excel/ex-003-solution2856.xlsx]
[www.clic-formation.net/fonction-concatener/exercice-3-concatener.html]
[www.clic-formation.net/fonction-minuscule-majuscule/support.html]
[www.clic-formation.net/component/search/indexe9f6.html]
[www.clic-formation.net/component/search/indexf5a2.html]
[www.clic-formation.net/tableur/liste-exercices-par-tags/majuscule.html]
[www.clic-formation.net/images/01-excel/excel-competence-25/ex2-majuscule-minuscule/ex-001/ex-001.xlsx]
[www.clic-formation.net/images/01-excel/excel-competence-25/ex2-majuscule-minuscule/ex-001/ex-001.gif]
[www.clic-formation.net/images/01-excel/excel-competence-25/ex2-majuscule-minuscule/ex-001/ex-001-solution.gif]
[www.clic-formation.net/categories-telechargement/7-formations-informatiques/8-excel/ex-001-solution71f2.xlsx]
[www.clic-formation.net/fonction-minuscule-majuscule/exercice-3-fonction-texte-excel.html]
[www.clic-formation.net/images/01-excel/excel-competence-25/ex2-majuscule-minuscule/ex-002/ex-002.xlsx]
[www.clic-formation.net/images/01-excel/excel-competence-25/ex2-majuscule-minuscule/ex-002/ex-002.webp]
[www.clic-formation.net/images/01-excel/excel-competence-25/ex2-majuscule-minuscule/ex-002/ex-002-solution.webp]
[www.clic-formation.net/component/search/indexef82.html]
[www.clic-formation.net/categories-telechargement/7-formations-informatiques/8-excel/ex-002-solutioncecc.xlsx]
[www.clic-formation.net/fonction-minuscule-majuscule/exercice-2-fonction-maj-min.html]
[www.clic-formation.net/images/01-excel/excel-competence-25/ex3-droite-gauche/support/support-droite-gauche.webp]
[www.clic-formation.net/fonction-droite-gauche/support.html]
[www.clic-formation.net/component/search/index981e.html]
[www.clic-formation.net/images/01-excel/excel-competence-25/ex3-droite-gauche/ex-001/ex-001.xlsx]
[www.clic-formation.net/images/01-excel/excel-competence-25/ex3-droite-gauche/ex-001/ex-001.webp]
[www.clic-formation.net/component/search/index215b.html]
[www.clic-formation.net/images/01-excel/excel-competence-25/ex3-droite-gauche/ex-001/ex-001-solution.webp]
[www.clic-formation.net/categories-telechargement/7-formations-informatiques/8-excel/ex-001-solutionaabb.xlsx]
[www.clic-formation.net/fonction-droite-gauche/exercice-1-fonction-droite-gauche.html]
[www.clic-formation.net/images/01-excel/excel-competence-25/ex3-droite-gauche/ex-002/ex-002.xlsx]
[www.clic-formation.net/component/search/indexdbde.html]
[www.clic-formation.net/images/01-excel/excel-competence-25/ex3-droite-gauche/ex-002/ex-002.gif]
[www.clic-formation.net/images/01-excel/excel-competence-25/ex3-droite-gauche/ex-002/ex-002-resultat.gif]
[www.clic-formation.net/categories-telechargement/7-formations-informatiques/8-excel/ex-002-solutionbd9b.xlsx]
[www.clic-formation.net/fonction-droite-gauche/exercice-4-fonction-texte-excel.html]
[www.clic-formation.net/component/search/index1c60.html]
[www.clic-formation.net/images/01-excel/excel-competence-25/ex5-trouve/support/trouve-01.webp]
[www.clic-formation.net/images/01-excel/excel-competence-25/ex5-trouve/support/trouve-02.webp]
[www.clic-formation.net/images/01-excel/excel-competence-25/ex5-trouve/support/trouve-03.webp]
[www.clic-formation.net/fonction-trouve/support.html]
[www.clic-formation.net/component/search/index3e5a.html]
[www.clic-formation.net/tableur/liste-exercices-par-tags/trouve.html]
[www.clic-formation.net/images/01-excel/excel-competence-25/ex5-trouve/ex-001/ex-001.xlsx]
[www.clic-formation.net/images/01-excel/excel-competence-25/ex5-trouve/ex-001/ex-001.webp]
[www.clic-formation.net/images/01-excel/excel-competence-25/ex5-trouve/ex-001/ex-001-solution.webp]
[www.clic-formation.net/categories-telechargement/7-formations-informatiques/8-excel/ex-001-solution1336.xlsx]
[www.clic-formation.net/fonction-trouve/exercice-1.html]
[www.clic-formation.net/images/01-excel/excel-competence-25/ex5-trouve/ex-002/002.xlsx]
[www.clic-formation.net/component/search/indexb925.html]
[www.clic-formation.net/images/01-excel/excel-competence-25/ex5-trouve/ex-002/002.gif]
[www.clic-formation.net/images/01-excel/excel-competence-25/ex5-trouve/ex-002/002-resultat.gif]
[www.clic-formation.net/categories-telechargement/7-formations-informatiques/8-excel/ex-002-solution0ead.xlsx]
[www.clic-formation.net/fonction-trouve/exercice-2.html]
[www.clic-formation.net/images/01-excel/excel-competence-25/ex5-trouve/ex-003/ex-003.xlsx]
[www.clic-formation.net/images/01-excel/excel-competence-25/ex5-trouve/ex-003/ex-003.webp]
[www.clic-formation.net/component/search/index92b4.html]
[www.clic-formation.net/images/01-excel/excel-competence-25/ex5-trouve/ex-003/ex-003solution.webp]
[www.clic-formation.net/categories-telechargement/7-formations-informatiques/8-excel/ex-003-solutionb06b.xlsx]
[www.clic-formation.net/fonction-trouve/exercice-3.html]
[www.clic-formation.net/images/01-excel/excel-competence-25/ex6-substitute/support/support-fonction-substitute-01.webp]
[www.clic-formation.net/component/search/indexa492.html]
[www.clic-formation.net/images/01-excel/excel-competence-25/ex6-substitute/support/support-fonction-substitute-02.webp]
[www.clic-formation.net/images/01-excel/excel-competence-25/ex6-substitute/support/support-fonction-substitute-03.webp]
[www.clic-formation.net/fonction-substitute/support.html]
[www.clic-formation.net/images/01-excel/excel-competence-25/ex6-substitute/ex-001/ex-001.xlsx]
[www.clic-formation.net/images/01-excel/excel-competence-25/ex6-substitute/ex-001/ex-001.jpg]
[www.clic-formation.net/component/search/indexc095.html]
[www.clic-formation.net/fonction-substitute/exercice-1.html]
[www.clic-formation.net/images/01-excel/excel-competence-25/ex4-stxt/support/support-stxt-01.webp]
[www.clic-formation.net/component/search/index818b.html]
[www.clic-formation.net/images/01-excel/excel-competence-25/ex4-stxt/support/support-stxt-02.webp]
[www.clic-formation.net/fonction-stxt/support.html]
[www.clic-formation.net/images/01-excel/excel-competence-25/ex4-stxt/ex-001/ex-001.xlsx]
[www.clic-formation.net/images/01-excel/excel-competence-25/ex4-stxt/ex-001/ex-001.gif]
[www.clic-formation.net/component/search/indexa32a.html]
[www.clic-formation.net/images/01-excel/excel-competence-25/ex4-stxt/ex-001/ex-001-solution.gif]
[www.clic-formation.net/categories-telechargement/7-formations-informatiques/8-excel/ex-001-solution80f3.xlsx]
[www.clic-formation.net/fonction-stxt/exercice-1-fonction-stxt.html]
[www.clic-formation.net/images/01-excel/excel-competence-25/ex4-stxt/ex-002/ex-002.xlsx]
[www.clic-formation.net/images/01-excel/excel-competence-25/ex4-stxt/ex-002/ex-002.jpg]
[www.clic-formation.net/component/search/index24a5.html]
[www.clic-formation.net/images/01-excel/excel-competence-25/ex4-stxt/ex-002/ex-002-resultat.jpg]
[www.clic-formation.net/categories-telechargement/7-formations-informatiques/8-excel/ex-002-solution36f1.xlsx]
[www.clic-formation.net/fonction-stxt/exercice-2-fonction-stxt.html]
[www.clic-formation.net/images/01-excel/excel-competence-25/ex4-stxt/ex-003/ex-003.xlsx]
[www.clic-formation.net/images/01-excel/excel-competence-25/ex4-stxt/ex-003/ex-003.gif]
[www.clic-formation.net/component/search/indexaf95.html]
[www.clic-formation.net/images/01-excel/excel-competence-25/ex4-stxt/ex-003/ex-003-solution.gif]
[www.clic-formation.net/categories-telechargement/7-formations-informatiques/8-excel/ex-003-solution18eb.xlsx]
[www.clic-formation.net/fonction-stxt/exercice-3-fonction-stxt.html]
[www.clic-formation.net/fonction-cherche/support.html]
[www.clic-formation.net/component/search/index9fb6.html]
[www.clic-formation.net/images/01-excel/excel-competence-25/ex7-cherche/ex-001/ex-001.webp]
[www.clic-formation.net/images/01-excel/excel-competence-25/ex7-cherche/ex-001/ex-001-solution.webp]
[www.clic-formation.net/component/search/index62c0.html]
[www.clic-formation.net/images/01-excel/excel-competence-25/ex7-cherche/ex-001/ex-001-solution2.webp]
[www.clic-formation.net/categories-telechargement/7-formations-informatiques/8-excel/ex-001-solution6f8c.xlsx]
[www.clic-formation.net/fonction-cherche/exercice-1-cherche1e01.html]
[www.clic-formation.net/fonction-cherche/exercice-1-cherche.html]
[www.clic-formation.net/component/search/indexc1da.html]
[www.clic-formation.net/evaluation-fonction-logiques-2/evaluation-fonction-texte16f0.html]
[www.clic-formation.net/evaluation-fonction-logiques-2/evaluation-fonction-texte5483.html]
[www.clic-formation.net/evaluation-fonction-logiques-2/evaluation-fonction-texte51bd.html]
[www.clic-formation.net/evaluation-fonction-logiques-2/evaluation-fonction-texte.html]
[www.clic-formation.net/component/search/index4809.html]
[www.clic-formation.net/evaluation-fonction-logiques-2/recap1e01.html]
[www.clic-formation.net/evaluation-fonction-logiques-2/recap.html]
[www.clic-formation.net/images/01-excel/excel-competence-24/ex-format-heure-24/support/support-01.gif]
[www.clic-formation.net/calcul-dheure/support.html]
[www.clic-formation.net/images/01-excel/excel-competence-24/ex-format-heure-24/ex-001/ex-001.xlsx]
[www.clic-formation.net/component/search/indexc763.html]
[www.clic-formation.net/images/01-excel/excel-competence-24/ex-format-heure-24/ex-001/ex-001.jpg]
[www.clic-formation.net/component/search/index8b0e.html]
[www.clic-formation.net/images/01-excel/excel-competence-24/ex-format-heure-24/ex-001/ex-001-solution-cas-1.gif]
[www.clic-formation.net/categories-telechargement/7-formations-informatiques/8-excel/ex-001-solutionf0bb.xlsx]
[www.clic-formation.net/calcul-dheure/exercice-1-calcul-heure.html]
[www.clic-formation.net/images/01-excel/excel-competence-24/ex-format-heure-24/ex-002/ex-002.xlsx]
[www.clic-formation.net/images/01-excel/excel-competence-24/ex-format-heure-24/ex-002/ex-002.gif]
[www.clic-formation.net/component/search/index564d.html]
[www.clic-formation.net/images/01-excel/excel-competence-24/ex-format-heure-24/ex-002/ex-002-solution1.gif]
[www.clic-formation.net/images/01-excel/excel-competence-24/ex-format-heure-24/ex-002/ex-002-solution2.gif]
[www.clic-formation.net/images/01-excel/excel-competence-24/ex-format-heure-24/ex-002/ex-002-solution3.gif]
[www.clic-formation.net/categories-telechargement/7-formations-informatiques/8-excel/ex-002-solution9a6f.xlsx]
[www.clic-formation.net/calcul-dheure/exercice-2-calcul-heure.html]
[www.clic-formation.net/images/01-excel/excel-competence-24/ex-format-heure-24/ex-003/ex-003.xlsx]
[www.clic-formation.net/component/search/index3268.html]
[www.clic-formation.net/images/01-excel/excel-competence-24/ex-format-heure-24/ex-003/ex-003.gif]
[www.clic-formation.net/images/01-excel/excel-competence-24/ex-format-heure-24/ex-003/ex-003-solution.gif]
[www.clic-formation.net/categories-telechargement/7-formations-informatiques/8-excel/ex-003-solution4c32.xlsx]
[www.clic-formation.net/calcul-dheure/exercice-3-date.html]
[www.clic-formation.net/images/01-excel/excel-competence-24/ex-004/ex-004.xlsx]
[www.clic-formation.net/images/01-excel/excel-competence-24/ex-004/ex-004.webp]
[www.clic-formation.net/component/search/indexd8a0.html]
[www.clic-formation.net/images/01-excel/excel-competence-24/ex-004/ex-004-solution.webp]
[www.clic-formation.net/categories-telechargement/7-formations-informatiques/8-excel/ex-004-solutione008.xlsx]
[www.clic-formation.net/calcul-dheure/exercice-4-format-calcul-heure.html]
[www.clic-formation.net/fonction-aujourdhui/support.html]
[www.clic-formation.net/images/01-excel/excel-competence-24/ex-aujourdhui/ex-001/ex-001.xlsx]
[www.clic-formation.net/images/01-excel/excel-competence-24/ex-aujourdhui/ex-001/ex-001.gif]
[www.clic-formation.net/component/search/index8e52.html]
[www.clic-formation.net/images/01-excel/excel-competence-24/ex-aujourdhui/ex-001/ex-001-solution.gif]
[www.clic-formation.net/component/search/index1abf.html]
[www.clic-formation.net/categories-telechargement/7-formations-informatiques/8-excel/ex-001-solutioncc32.xlsx]
[www.clic-formation.net/fonction-aujourdhui/exercice-1-aujourd-hui.html]
[www.clic-formation.net/images/01-excel/excel-competence-24/ex-aujourdhui/ex-002/ex-002.xlsx]
[www.clic-formation.net/component/search/indexed2b.html]
[www.clic-formation.net/images/01-excel/excel-competence-24/ex-aujourdhui/ex-002/ex-002.gif]
[www.clic-formation.net/images/01-excel/excel-competence-24/ex-aujourdhui/ex-002/ex-002-solution.gif]
[www.clic-formation.net/categories-telechargement/7-formations-informatiques/8-excel/ex-002-solution6ded.xlsx]
[www.clic-formation.net/fonction-aujourdhui/exercice-2-aujourd-hui.html]
[www.clic-formation.net/images/01-excel/excel-competence-24/ex-datedif/support/support-datedif.webp]
[www.clic-formation.net/fonction-datedif/support.html]
[www.clic-formation.net/component/search/indexddd6.html]
[www.clic-formation.net/images/01-excel/excel-competence-24/ex-datedif/ex-001/ex-001.xlsx]
[www.clic-formation.net/images/01-excel/excel-competence-24/ex-datedif/ex-001/ex-001.gif]
[www.clic-formation.net/images/01-excel/excel-competence-24/ex-datedif/ex-001/ex-001-solution.gif]
[www.clic-formation.net/component/search/indexee8c.html]
[www.clic-formation.net/categories-telechargement/7-formations-informatiques/8-excel/ex-001-solutiona1d0.xlsx]
[www.clic-formation.net/fonction-datedif/exercice-1-datedif.html]
[www.clic-formation.net/fonction-serie-jour-ouvre/support.html]
[www.clic-formation.net/component/search/indexc2aa.html]
[www.clic-formation.net/images/01-excel/excel-competence-24/ex-serie-jour-ouvre/ex-001/ex-001.xlsx]
[www.clic-formation.net/images/01-excel/excel-competence-24/ex-serie-jour-ouvre/ex-001/ex-001.gif]
[www.clic-formation.net/fonction-serie-jour-ouvre/exercice-1.html]
[www.clic-formation.net/images/01-excel/excel-competence-24/ex-serie-jour-ouvre/ex-001/ex-001-solution.gif]
[www.clic-formation.net/component/search/indexc829.html]
[www.clic-formation.net/images/01-excel/excel-competence-24/ex-fin-mois/support/support-01.gif]
[www.clic-formation.net/images/01-excel/excel-competence-24/ex-fin-mois/support/support-02.gif]
[www.clic-formation.net/component/search/index4cd6.html]
[www.clic-formation.net/fonction-fin-mois/support13c2.html]
[www.clic-formation.net/fonction-fin-mois/support.html]
[www.clic-formation.net/images/01-excel/excel-competence-24/ex-fin-mois/ex-001/ex-001.xlsx]
[www.clic-formation.net/images/01-excel/excel-competence-24/ex-fin-mois/ex-001/ex-001.jpg]
[www.clic-formation.net/component/search/indexee7e.html]
[www.clic-formation.net/images/01-excel/excel-competence-24/ex-fin-mois/ex-001/ex-001-solution.jpg]
[www.clic-formation.net/categories-telechargement/7-formations-informatiques/8-excel/ex-001-solution7473.xlsx]
[www.clic-formation.net/fonction-fin-mois/exercice-1-fin-mois13c2.html]
[www.clic-formation.net/fonction-fin-mois/exercice-1-fin-mois.html]
[www.clic-formation.net/focntion-date/support.html]
[www.clic-formation.net/images/01-excel/excel-competence-24/ex-date/ex-001/ex-001.webp]
[www.clic-formation.net/component/search/index4cc6.html]
[www.clic-formation.net/component/search/index1c6a.html]
[www.clic-formation.net/images/01-excel/excel-competence-24/ex-date/ex-001/ex-001-solution.webp]
[www.clic-formation.net/categories-telechargement/7-formations-informatiques/8-excel/ex-001-solution0bb3.xlsx]
[www.clic-formation.net/focntion-date/exercice-1-date.html]
[www.clic-formation.net/fonction-joursem/support-fonction-joursem.html]
[www.clic-formation.net/images/01-excel/excel-competence-24/ex-joursem/ex-001/support-ex-001.png]
[www.clic-formation.net/component/search/index3603.html]
[www.clic-formation.net/images/01-excel/excel-competence-24/ex-joursem/ex-001/ex-001.webp]
[www.clic-formation.net/component/search/index42d4.html]
[www.clic-formation.net/images/01-excel/excel-competence-24/ex-joursem/ex-001/ex-001-solution.png]
[www.clic-formation.net/categories-telechargement/7-formations-informatiques/8-excel/ex-001-solution3e12.xlsx]
[www.clic-formation.net/fonction-joursem/exercice-1-joursem.html]
[www.clic-formation.net/images/01-excel/excel-competence-24/ex-joursem/ex-002/ex-002.webp]
[www.clic-formation.net/images/01-excel/excel-competence-24/ex-joursem/ex-002/ex-002-solution.webp]
[www.clic-formation.net/component/search/index53c7.html]
[www.clic-formation.net/categories-telechargement/7-formations-informatiques/8-excel/ex-002-solution3a4b.xlsx]
[www.clic-formation.net/fonction-joursem/exercice-2-joursem.html]
[www.clic-formation.net/images/01-excel/excel-competence-24/ex-joursem/ex-003/ex-003.webp]
[www.clic-formation.net/component/search/index3a98.html]
[www.clic-formation.net/images/01-excel/excel-competence-24/ex-joursem/ex-003/ex-003-solution.webp]
[www.clic-formation.net/categories-telechargement/7-formations-informatiques/8-excel/ex-003-solution1544.xlsx]
[www.clic-formation.net/fonction-joursem/exercice-3-joursem.html]
[www.clic-formation.net/images/01-excel/excel-competence-24/ex-joursem/ex-004/ex-004.webp]
[www.clic-formation.net/component/search/indexf3bb.html]
[www.clic-formation.net/images/01-excel/excel-competence-24/ex-joursem/ex-004/ex-004-solution.webp]
[www.clic-formation.net/categories-telechargement/7-formations-informatiques/8-excel/ex-004-solutiond1b1.xlsx]
[www.clic-formation.net/fonction-joursem/exercice-4-joursem.html]
[www.clic-formation.net/media/com_tags/js/tag-default.min32c3.js]
[www.clic-formation.net/tableur/liste-exercices-par-tags/soustraction.html]
[www.clic-formation.net/tableur/liste-exercices-par-tags/multiplication.html]
[www.clic-formation.net/tableur/liste-exercices-par-tags/division.html]
[www.clic-formation.net/tableur/liste-exercices-par-tags/pourcentage.html]
[www.clic-formation.net/component/search/index008e.html]
[www.clic-formation.net/component/search/index292b.html]
[www.clic-formation.net/component/search/indexb8df.html]
[www.clic-formation.net/component/search/indexe3aa.html]
[www.clic-formation.net/component/search/index3bdb.html]
[www.clic-formation.net/tableur/liste-exercices-par-tags/addition5a94.html]
[www.clic-formation.net/tableur/liste-exercices-par-tags/addition.html]
[www.clic-formation.net/tableur/liste-exercices-par-tags/valeur-absolue-relative.html]
[www.clic-formation.net/tableur/liste-exercices-par-tags/annee.html]
[www.clic-formation.net/tableur/liste-exercices-par-tags/arrondi.html]
[www.clic-formation.net/tableur/liste-exercices-par-tags/aujourdhui.html]
[www.clic-formation.net/component/search/index9c7e.html]
[www.clic-formation.net/component/search/index59d4.html]
[www.clic-formation.net/tableur/liste-exercices-par-tags/cherche.html]
[www.clic-formation.net/tableur/liste-exercices-par-tags/choisir.html]
[www.clic-formation.net/component/search/indexac98.html]
[www.clic-formation.net/component/search/indexa0b0.html]
[www.clic-formation.net/tableur/liste-exercices-par-tags/concatener.html]
[www.clic-formation.net/tableur/liste-exercices-par-tags/controle-de-formulaire.html]
[www.clic-formation.net/component/search/index5b54.html]
[www.clic-formation.net/component/search/indexd53f.html]
[www.clic-formation.net/tableur/liste-exercices-par-tags/date.html]
[www.clic-formation.net/tableur/liste-exercices-par-tags/droite.html]
[www.clic-formation.net/component/search/indexb8c0.html]
[www.clic-formation.net/component/search/index155e.html]
[www.clic-formation.net/tableur/liste-exercices-par-tags/ent.html]
[www.clic-formation.net/tableur/liste-exercices-par-tags/equiv.html]
[www.clic-formation.net/component/search/index1fa2.html]
[www.clic-formation.net/tableur/liste-exercices-par-tags/estnum.html]
[www.clic-formation.net/component/search/index80a0.html]
[www.clic-formation.net/tableur/liste-exercices-par-tags/estvide.html]
[www.clic-formation.net/component/search/index1739.html]
[www.clic-formation.net/tableur/liste-exercices-par-tags/et.html]
[www.clic-formation.net/component/search/indexf67d.html]
[www.clic-formation.net/component/search/indexd693.html]
[www.clic-formation.net/component/search/indexc38d.html]
[www.clic-formation.net/component/search/indexfa13.html]
[www.clic-formation.net/component/search/index97e1.html]
[www.clic-formation.net/tableur/liste-exercices-par-tags5a94.html]
[www.clic-formation.net/tableur/liste-exercices-par-tags/import.html]
[www.clic-formation.net/component/search/indexc8ec.html]
[www.clic-formation.net/tableur/liste-exercices-par-tags/somme-si-ens.html]
[www.clic-formation.net/tableur/liste-exercices-par-tags4abd.html]
[www.clic-formation.net/tableur/liste-exercices-par-tagsc61e.html]
[www.clic-formation.net/tableur/liste-exercices-par-tags/sommeprod.html]
[www.clic-formation.net/prise-en-main-word/support.html]
[www.clic-formation.net/component/search/indexc856.html]
[www.clic-formation.net/images/02-word/word-competence-01/ex-001/exo-01.docx]
[www.clic-formation.net/component/search/index0bba.html]
[www.clic-formation.net/component/search/index831b.html]
[www.clic-formation.net/prise-en-main-word/exercice-1.html]
[www.clic-formation.net/images/02-word/word-competence-01/ex-001/ex-01.jpg]
[www.clic-formation.net/images/02-word/word-competence-01/ex-002/ex-01.jpg]
[www.clic-formation.net/prise-en-main-word/exercice-2.html]
[www.clic-formation.net/images/02-word/word-competence-01/ex-002/ex-01-resultats.jpg]
[www.clic-formation.net/component/search/index7a5c.html]
[www.clic-formation.net/images/02-word/word-competence-01/ex-003/exo-02.jpg]
[www.clic-formation.net/component/search/index6be7.html]
[www.clic-formation.net/images/02-word/word-competence-01/ex-003/exo-02-resultat.jpg]
[www.clic-formation.net/images/02-word/word-competence-01/ex-003/ex-003-tuto.jpg]
[www.clic-formation.net/prise-en-main-word/exercice-3.html]
[www.clic-formation.net/gerer-les-documents-dans-word/support.html]
[www.clic-formation.net/images/02-word/word-competence-02/ex-001/ex-01.jpg]
[www.clic-formation.net/gerer-les-documents-dans-word/exercice-1.html]
[www.clic-formation.net/component/search/index7490.html]
[www.clic-formation.net/images/02-word/word-competence-02/ex-002/ex-002.jpg]
[www.clic-formation.net/gerer-les-documents-dans-word/exercice-2.html]
[www.clic-formation.net/component/search/index352f.html]
[www.clic-formation.net/component/search/index08d3.html]
[www.clic-formation.net/images/02-word/word-competence-03/supports/non-imprimable.jpg]
[www.clic-formation.net/changer-de-police/support.html]
[www.clic-formation.net/component/search/indexdae9.html]
[www.clic-formation.net/component/search/index7278.html]
[www.clic-formation.net/component/tags/tag/clavier.html]
[www.clic-formation.net/images/02-word/word-competence-03/ex-001/ex-01.jpg]
[www.clic-formation.net/images/02-word/word-competence-03/ex-001/liste-2.webp]
[www.clic-formation.net/changer-de-police/exercice-1-changer-de-police.html]
[www.clic-formation.net/images/02-word/word-competence-03/ex-002/ex-002.docx]
[www.clic-formation.net/component/search/indexb8a0.html]
[www.clic-formation.net/images/02-word/word-competence-03/ex-002/ex-002.webp]
[www.clic-formation.net/images/02-word/word-competence-03/ex-002/ex-02.jpg]
[www.clic-formation.net/changer-de-police/exercice-2-changer-de-police.html]
[www.clic-formation.net/images/02-word/word-competence-03/ex-003/ex-003.docx]
[www.clic-formation.net/component/search/index4015.html]
[www.clic-formation.net/images/02-word/word-competence-03/ex-003/ex-003-enonce.webp]
[www.clic-formation.net/images/02-word/word-competence-03/ex-003/ex-03-resultat.jpg]
[www.clic-formation.net/changer-de-police/exercice-3-mises-en-forme.html]
[www.clic-formation.net/images/02-word/word-competence-03/ex-004/reproduction.jpg]
[www.clic-formation.net/images/02-word/word-competence-03/ex-004/ex-04.jpg]
[www.clic-formation.net/changer-de-police/exercice-reproduction-mise-en-forme.html]
[www.clic-formation.net/component/search/index719b.html]
[www.clic-formation.net/images/02-word/word-competence-03/ex-005/ex-05.jpg]
[www.clic-formation.net/changer-de-police/exercice-5-raccourci-clavier.html]
[www.clic-formation.net/component/search/indexa27d.html]
[www.clic-formation.net/images/02-word/word-competence-03/ex-006/ex-006.docx]
[www.clic-formation.net/component/search/index9087.html]
[www.clic-formation.net/images/02-word/word-competence-03/ex-006/ex-006.webp]
[www.clic-formation.net/images/02-word/word-competence-03/ex-006/ex-06.jpg]
[www.clic-formation.net/changer-de-police/exercice-aligner-du-texte.html]
[www.clic-formation.net/images/02-word/word-competence-03/ex-007/ex-007.docx]
[www.clic-formation.net/component/search/index5c02.html]
[www.clic-formation.net/images/02-word/word-competence-03/ex-007/ex-007.webp]
[www.clic-formation.net/images/02-word/word-competence-03/ex-007/ex-07.jpg]
[www.clic-formation.net/changer-de-police/exercice-2-aligner-du-texte.html]
[www.clic-formation.net/images/02-word/word-competence-03/ex-008/ex-008.jpg]
[www.clic-formation.net/changer-de-police/exercice-saisir-caracteres.html]
[www.clic-formation.net/component/search/indexc48d.html]
[www.clic-formation.net/images/02-word/word-competence-03/ex-009/ex-009.docx]
[www.clic-formation.net/images/02-word/word-competence-03/ex-009/ex-009.gif]
[www.clic-formation.net/component/search/index2b98.html]
[www.clic-formation.net/images/02-word/word-competence-03/ex-009/ex-009-solution.gif]
[www.clic-formation.net/changer-de-police/exercice-9-effacer-inserer.html]
[www.clic-formation.net/images/02-word/word-competence-03/ex-010/ex-010.docx]
[www.clic-formation.net/images/02-word/word-competence-03/ex-010/ex-007.webp]
[www.clic-formation.net/component/search/index7e12.html]
[www.clic-formation.net/changer-de-police/exercice-10-mise-en-forme.html]
[www.clic-formation.net/changer-de-couleur/support.html]
[www.clic-formation.net/images/02-word/word-competence-03/ex-010/exo10-resultat.jpg]
[www.clic-formation.net/component/search/index96e0.html]
[www.clic-formation.net/component/search/indexa91e.html]
[www.clic-formation.net/component/tags/tag/paragraphe.html]
[www.clic-formation.net/images/02-word/word-competence-04/ex-001/ex-001.docx]
[www.clic-formation.net/images/02-word/word-competence-04/ex-001/ex-001.jpg]
[www.clic-formation.net/changer-de-couleur/exercice-1-changer-de-couleur.html]
[www.clic-formation.net/images/02-word/word-competence-04/ex-002/ex-002-telecharger.docx]
[www.clic-formation.net/component/search/index0837.html]
[www.clic-formation.net/images/02-word/word-competence-04/ex-002/ex-002.webp]
[www.clic-formation.net/images/02-word/word-competence-04/ex-002/ex-002.jpg]
[www.clic-formation.net/changer-de-couleur/exercice-2-changer-de-couleur.html]
[www.clic-formation.net/images/02-word/word-competence-04/ex-003/ex-003.docx]
[www.clic-formation.net/component/search/index9598.html]
[www.clic-formation.net/images/02-word/word-competence-04/ex-003/ex-003.webp]
[www.clic-formation.net/images/02-word/word-competence-04/ex-003/ex-003.jpg]
[www.clic-formation.net/changer-de-couleur/exercice-3-bordures-paragraphes.html]
[www.clic-formation.net/images/02-word/word-competence-04/ex-004/ex-004.docx]
[www.clic-formation.net/images/02-word/word-competence-04/ex-004/ex-004.jpg]
[www.clic-formation.net/changer-de-couleur/exercice-4-alignement-paragraphes.html]
[www.clic-formation.net/component/search/index0a0d.html]
[www.clic-formation.net/images/02-word/word-competence-04/ex-005/ex-005-oiseaux.zip]
[www.clic-formation.net/images/02-word/word-competence-04/ex-005/ex-005.docx]
[www.clic-formation.net/component/search/index324e.html]
[www.clic-formation.net/images/02-word/word-competence-04/ex-005/ex-005.webp]
[www.clic-formation.net/images/02-word/word-competence-04/ex-005/ex-005-solution.webp]
[www.clic-formation.net/changer-de-couleur/exercice-5-alignement-paragraphes.html]
[www.clic-formation.net/images/02-word/word-competence-04/ex-006/competence-4-exercice-6.docx]
[www.clic-formation.net/images/02-word/word-competence-04/ex-006/solution-exo-6.jpg]
[www.clic-formation.net/changer-de-couleur/exercice-6-interlinge.html]
[www.clic-formation.net/component/search/index183c.html]
[www.clic-formation.net/images/02-word/word-competence-05/support-liste/liste-00.jpg]
[www.clic-formation.net/images/02-word/word-competence-05/support-liste/liste-01.jpg]
[www.clic-formation.net/component/search/index56b1.html]
[www.clic-formation.net/images/02-word/word-competence-05/support-liste/liste-02.jpg]
[www.clic-formation.net/images/02-word/word-competence-05/support-liste/liste-03.jpg]
[www.clic-formation.net/images/02-word/word-competence-05/support-liste/liste-05.jpg]
[www.clic-formation.net/images/02-word/word-competence-05/support-liste/liste-06.jpg]
[www.clic-formation.net/images/02-word/word-competence-05/support-liste/liste-07.jpg]
[www.clic-formation.net/images/02-word/word-competence-05/support-liste/lettre.jpg]
[www.clic-formation.net/images/02-word/word-competence-05/support-liste/trier.jpg]
[www.clic-formation.net/29-puces-et-numeros/support.html]
[www.clic-formation.net/component/tags/tag/puces.html]
[www.clic-formation.net/component/search/indexa691.html]
[www.clic-formation.net/component/tags/tag/symboles.html]
[www.clic-formation.net/images/02-word/word-competence-05/ex-001/ex-001.docx]
[www.clic-formation.net/images/02-word/word-competence-05/ex-001/ex-001-resultat.jpg]
[www.clic-formation.net/29-puces-et-numeros/puce-et-numeros-1.html]
[www.clic-formation.net/images/02-word/word-competence-05/ex-002/puces.zip]
[www.clic-formation.net/component/search/index5e7c.html]
[www.clic-formation.net/images/02-word/word-competence-05/ex-002/ex-002.docx]
[www.clic-formation.net/images/02-word/word-competence-05/ex-002/ex-002-resultat.jpg]
[www.clic-formation.net/29-puces-et-numeros/exercice-2.html]
[www.clic-formation.net/images/02-word/word-competence-05/ex-003/ex-003.docx]
[www.clic-formation.net/images/02-word/word-competence-05/ex-003/tuto-puce.webp]
[www.clic-formation.net/component/search/indexe29b.html]
[www.clic-formation.net/images/02-word/word-competence-05/ex-003/ex-003-solution.jpg]
[www.clic-formation.net/29-puces-et-numeros/exercice-3.html]
[www.clic-formation.net/images/02-word/word-competence-05/ex-004/ex-004.docx]
[www.clic-formation.net/images/02-word/word-competence-05/ex-004/004-resultat.jpg]
[www.clic-formation.net/29-puces-et-numeros/exercice-4.html]
[www.clic-formation.net/component/search/indexa34b.html]
[www.clic-formation.net/images/02-word/word-competence-05/ex-005/ex-005.docx]
[www.clic-formation.net/component/search/indexe3cb.html]
[www.clic-formation.net/images/02-word/word-competence-05/ex-005/ex-005-images.jpg]
[www.clic-formation.net/images/02-word/word-competence-05/ex-005/ex-005.jpg]
[www.clic-formation.net/29-puces-et-numeros/exercice-5.html]
[www.clic-formation.net/images/02-word/word-competence-05/ex-006/ex-006.docx]
[www.clic-formation.net/component/search/indexc7c8.html]
[www.clic-formation.net/images/02-word/word-competence-05/ex-006/trier-resulat.jpg]
[www.clic-formation.net/29-puces-et-numeros/exercice-6.html]
[www.clic-formation.net/images/02-word/word-competence-05/ex-007/ex-007--resultat.jpg]
[www.clic-formation.net/29-puces-et-numeros/exercice-7.html]
[www.clic-formation.net/images/02-word/word-competence-05/ex-008/exercice-05-08.jpg]
[www.clic-formation.net/29-puces-et-numeros/exercice-8.html]
[www.clic-formation.net/component/search/index91eb.html]
[www.clic-formation.net/images/02-word/word-competence-06/supports/colonne-01.gif]
[www.clic-formation.net/component/search/index48e8.html]
[www.clic-formation.net/images/02-word/word-competence-06/supports/colonne-2.gif]
[www.clic-formation.net/28-mise-en-colonne/support.html]
[www.clic-formation.net/component/search/index3cc0.html]
[www.clic-formation.net/images/02-word/word-competence-06/ex-001/ex-001.docx]
[www.clic-formation.net/images/02-word/word-competence-06/ex-001/ex-01-img.jpg]
[www.clic-formation.net/component/search/index569d.html]
[www.clic-formation.net/images/02-word/word-competence-06/ex-001/ex-01.jpg]
[www.clic-formation.net/28-mise-en-colonne/21-01-mise-en-colonne.html]
[www.clic-formation.net/images/02-word/word-competence-06/ex-002/ex-002.docx]
[www.clic-formation.net/images/02-word/word-competence-06/ex-002/ex-02.jpg]
[www.clic-formation.net/28-mise-en-colonne/exercice-mise-en-colonne.html]
[www.clic-formation.net/component/search/index212b.html]
[www.clic-formation.net/component/search/indexd06d.html]
[www.clic-formation.net/images/02-word/word-competence-06/ex-003/ex-003-modele.docx]
[www.clic-formation.net/images/02-word/word-competence-06/ex-003/ex-003-images.zip]
[www.clic-formation.net/images/02-word/word-competence-06/ex-003/support-ex-003.jpg]
[www.clic-formation.net/images/02-word/word-competence-06/ex-003/ex-003.jpg]
[www.clic-formation.net/28-mise-en-colonne/exercice-mise-en-colonne-3.html]
[www.clic-formation.net/component/search/index7de8.html]
[www.clic-formation.net/component/tags/tag/image.html]
[www.clic-formation.net/images/02-word/word-competence-06/ex-004/ex-004.zip]
[www.clic-formation.net/images/02-word/word-competence-06/ex-004/ex-004-01.jpg]
[www.clic-formation.net/images/02-word/word-competence-06/ex-004/ex-004-02.jpg]
[www.clic-formation.net/images/02-word/word-competence-06/ex-004/ex-004-03.jpg]
[www.clic-formation.net/28-mise-en-colonne/exercice-mise-en-colonne-4.html]
[www.clic-formation.net/component/search/index48f4.html]
[www.clic-formation.net/component/tags/tag/saut-et-section.html]
[www.clic-formation.net/images/02-word/word-competence-06/ex-005/ex-005.docx]
[www.clic-formation.net/images/02-word/word-competence-06/ex-005/ex-005.jpg]
[www.clic-formation.net/28-mise-en-colonne/exercice-mise-en-colonne-5.html]
[www.clic-formation.net/images/02-word/word-competence-06/ex-006/ex-006.docx]
[www.clic-formation.net/images/02-word/word-competence-06/ex-006/ex-006.zip]
[www.clic-formation.net/component/search/indexc926.html]
[www.clic-formation.net/images/02-word/word-competence-06/ex-006/ex-006-colonne-resultat.webp]
[www.clic-formation.net/28-mise-en-colonne/exercice-mise-en-colonne-6.html]
[www.clic-formation.net/images/02-word/word-competence-07/support/lettrine/support-lettrine-001.jpg]
[www.clic-formation.net/17-word-art/support-word-art.html]
[www.clic-formation.net/images/02-word/word-competence-07/support/lettrine/support-lettrine-003.jpg]
[www.clic-formation.net/component/search/index893f.html]
[www.clic-formation.net/component/search/indexb662.html]
[www.clic-formation.net/component/tags/tag/word-art.html]
[www.clic-formation.net/images/02-word/word-competence-07/ex-001/ex-001.docx]
[www.clic-formation.net/images/02-word/word-competence-07/ex-001/17-01.jpg]
[www.clic-formation.net/17-word-art/exercice-1.html]
[www.clic-formation.net/images/02-word/word-competence-07/ex-002/17-02-images.zip]
[www.clic-formation.net/images/02-word/word-competence-07/ex-002/17-02.jpg]
[www.clic-formation.net/17-word-art/exercice-2.html]
[www.clic-formation.net/component/search/indexf8c8.html]
[www.clic-formation.net/images/02-word/word-competence-07/ex-003/ex-003.docx]
[www.clic-formation.net/component/search/index357b.html]
[www.clic-formation.net/17-word-art/exercice-3.html]
[www.clic-formation.net/images/02-word/word-competence-07/ex-004/ex-004.docx]
[www.clic-formation.net/images/02-word/word-competence-07/ex-004/ex-008-resultat.jpg]
[www.clic-formation.net/17-word-art/exercice-lettrine-1.html]
[www.clic-formation.net/component/search/indexae7c.html]
[www.clic-formation.net/images/02-word/word-competence-07/ex-005/ex-005.docx]
[www.clic-formation.net/component/search/indexe9a6.html]
[www.clic-formation.net/images/02-word/word-competence-07/ex-005/lettrine.jpg]
[www.clic-formation.net/17-word-art/exercice-lettrine.html]
[www.clic-formation.net/images/02-word/word-competence-08/support/support-08-01.jpg]
[www.clic-formation.net/component/search/indexa279.html]
[www.clic-formation.net/images/02-word/word-competence-08/support/support-08-02.jpg]
[www.clic-formation.net/images/02-word/word-competence-08/support/support-08-03.jpg]
[www.clic-formation.net/images/02-word/word-competence-08/support/support-08-04.jpg]
[www.clic-formation.net/images/02-word/word-competence-08/support/support-08-05.jpg]
[www.clic-formation.net/images/02-word/word-competence-08/support/support-08-06.jpg]
[www.clic-formation.net/images/02-word/word-competence-08/support/support-08-07.jpg]
[www.clic-formation.net/images/02-word/word-competence-08/support/support-08-08.jpg]
[www.clic-formation.net/18-inserer-une-forme/support.html]
[www.clic-formation.net/component/search/index29b7.html]
[www.clic-formation.net/component/tags/tag/formes.html]
[www.clic-formation.net/images/02-word/word-competence-08/ex-001/ex-001.docx]
[www.clic-formation.net/images/02-word/word-competence-08/ex-001/ex-10.jpg]
[www.clic-formation.net/18-inserer-une-forme/exercice-1-insertion-forme.html]
[www.clic-formation.net/images/02-word/word-competence-08/ex-002/ex-11.jpg]
[www.clic-formation.net/18-inserer-une-forme/exercice-2-insertion-forme.html]
[www.clic-formation.net/component/search/indexe4dd.html]
[www.clic-formation.net/images/02-word/word-competence-08/ex-003/ex-12-img.zip]
[www.clic-formation.net/images/02-word/word-competence-12/ex-12/ex-12.jpg]
[www.clic-formation.net/component/search/indexa55b.html]
[www.clic-formation.net/images/02-word/word-competence-08/ex-003/ex-12.jpg]
[www.clic-formation.net/18-inserer-une-forme/exercice-3.html]
[www.clic-formation.net/images/02-word/word-competence-08/ex-004/ex-004.docx]
[www.clic-formation.net/images/02-word/word-competence-08/ex-004/ex-004.jpg]
[www.clic-formation.net/18-inserer-une-forme/exercice-04-insertion-de-formes.html]
[www.clic-formation.net/component/search/index5e82.html]
[www.clic-formation.net/images/02-word/word-competence-08/ex-005/ex-14.jpg]
[www.clic-formation.net/18-inserer-une-forme/exercice-insertion-de-formes-5.html]
[www.clic-formation.net/component/search/index7a73.html]
[www.clic-formation.net/component/search/indexf22c.html]
[www.clic-formation.net/component/tags/tag/smart-art.html]
[www.clic-formation.net/images/02-word/word-competence-08/ex-006/ex-006.zip]
[www.clic-formation.net/images/02-word/word-competence-08/ex-006/ex-006-comment-faire.jpg]
[www.clic-formation.net/images/02-word/word-competence-08/ex-006/ex-006-resultat.jpg]
[www.clic-formation.net/images/02-word/word-competence-08/ex-006/ex-006-resulttat.jpg]
[www.clic-formation.net/18-inserer-une-forme/exercice-insertion-de-formes-6.html]
[www.clic-formation.net/images/02-word/word-competence-08/ex-007/comment-faire-caractere-speciaux.jpg]
[www.clic-formation.net/component/search/indexdf42.html]
[www.clic-formation.net/18-inserer-une-forme/exercice-7.html]
[www.clic-formation.net/images/02-word/word-competence-08/ex-007/15-exercice-01.jpg]
[www.clic-formation.net/component/search/index6886.html]
[www.clic-formation.net/component/tags/tag/zone-de-texte.html]
[www.clic-formation.net/images/02-word/word-competence-08/ex-008/ex-008-tuto.gif]
[www.clic-formation.net/images/02-word/word-competence-08/ex-008/ex-008.gif]
[www.clic-formation.net/18-inserer-une-forme/exercice-8.html]
[www.clic-formation.net/images/02-word/word-competence-08/ex-009/ex-009.docx]
[www.clic-formation.net/images/02-word/word-competence-08/ex-009/ex-009.zip]
[www.clic-formation.net/component/search/index108e.html]
[www.clic-formation.net/images/02-word/word-competence-08/ex-009/ex-009-solution.jpg]
[www.clic-formation.net/18-inserer-une-forme/exercice-9.html]
[www.clic-formation.net/images/02-word/word-competence-08/ex-010/010-exercice.docx]
[www.clic-formation.net/component/search/indexc814.html]
[www.clic-formation.net/images/02-word/word-competence-08/ex-010/ex-tuto-010.jpg]
[www.clic-formation.net/images/02-word/word-competence-08/ex-010/010-resultat.jpg]
[www.clic-formation.net/18-inserer-une-forme/exercice-10.html]
[www.clic-formation.net/images/02-word/word-competence-09/support/zone-de-texte/zone-01.jpg]
[www.clic-formation.net/images/02-word/word-competence-09/support/zone-de-texte/zone-02.jpg]
[www.clic-formation.net/component/search/indexf61e.html]
[www.clic-formation.net/images/02-word/word-competence-09/support/zone-de-texte/zone-03.jpg]
[www.clic-formation.net/26-zone-de-texte/support.html]
[www.clic-formation.net/images/02-word/word-competence-09/ex-001/ex-001.docx]
[www.clic-formation.net/component/search/index6548.html]
[www.clic-formation.net/images/02-word/word-competence-09/ex-003/19-01.jpg]
[www.clic-formation.net/images/02-word/word-competence-09/ex-001/19-01.jpg]
[www.clic-formation.net/26-zone-de-texte/exercice-1-zone-de-texte.html]
[www.clic-formation.net/images/02-word/word-competence-09/ex-002/ex-002.docx]
[www.clic-formation.net/component/search/indexe1b1.html]
[www.clic-formation.net/images/02-word/word-competence-09/ex-002/19-02.jpg]
[www.clic-formation.net/26-zone-de-texte/exercice-2-zone-de-texte.html]
[www.clic-formation.net/images/02-word/word-competence-09/ex-003/carte.png]
[www.clic-formation.net/images/02-word/word-competence-09/ex-003/ex-003.jpg]
[www.clic-formation.net/26-zone-de-texte/exercice-3-zone-de-texte.html]
[www.clic-formation.net/component/search/index3a47.html]
[www.clic-formation.net/images/02-word/word-competence-09/ex-004/ex-004.docx]
[www.clic-formation.net/images/02-word/word-competence-09/ex-004/ex-004.jpg]
[www.clic-formation.net/26-zone-de-texte/exercice-4-zone-de-texte.html]
[www.clic-formation.net/component/search/index6ef6.html]
[www.clic-formation.net/images/02-word/word-competence-09/ex-005/ex-005.docx]
[www.clic-formation.net/images/02-word/word-competence-09/ex-005/ex-005-img.jpg]
[www.clic-formation.net/component/search/index5f37.html]
[www.clic-formation.net/images/02-word/word-competence-09/ex-005/ex-005-resultat.jpg]
[www.clic-formation.net/26-zone-de-texte/exercice-5-zone-de-texte.html]
[www.clic-formation.net/images/02-word/word-competence-09/ex-006/ex-006.docx]
[www.clic-formation.net/images/02-word/word-competence-09/ex-006/ex-006-02.jpg]
[www.clic-formation.net/26-zone-de-texte/exercice-6-zone-de-texte.html]
[www.clic-formation.net/w10-impression/impression-support.html]
[www.clic-formation.net/component/search/index6263.html]
[www.clic-formation.net/images/02-word/word-competence-11/support/tuto-saut.webp]
[www.clic-formation.net/mise-en-forme/support.html]
[www.clic-formation.net/component/search/index885c.html]
[www.clic-formation.net/component/search/index1dc6.html]
[www.clic-formation.net/component/search/index548b.html]
[www.clic-formation.net/component/tags/tag/documents-longs.html]
[www.clic-formation.net/images/02-word/word-competence-11/ex-001/ex-001.docx]
[www.clic-formation.net/images/02-word/word-competence-11/ex-001/ex-001-tuto-01.jpg]
[www.clic-formation.net/images/02-word/word-competence-11/ex-001/ex-001-tuto-02.jpg]
[www.clic-formation.net/images/02-word/word-competence-11/ex-001/ex-001-resultat.jpg]
[www.clic-formation.net/mise-en-forme/exercice-1-mise-en-forme-avancee.html]
[www.clic-formation.net/images/02-word/word-competence-11/ex-002/ex-002.docx]
[www.clic-formation.net/images/02-word/word-competence-11/ex-002/ex-002-resultat.jpg]
[www.clic-formation.net/mise-en-forme/exercice-2-mise-forme-avancee.html]
[www.clic-formation.net/component/search/indexe212.html]
[www.clic-formation.net/images/02-word/word-competence-11/ex-003/ex-003.docx]
[www.clic-formation.net/images/02-word/word-competence-11/ex-003/ex-003-resultat.jpg]
[www.clic-formation.net/mise-en-forme/exercice-3.html]
[www.clic-formation.net/component/search/index6084.html]
[www.clic-formation.net/images/02-word/word-competence-11/ex-004/ex-004.docx]
[www.clic-formation.net/images/02-word/word-competence-11/ex-004/ex-004-resultat.jpg]
[www.clic-formation.net/mise-en-forme/exercice-4.html]
[www.clic-formation.net/images/02-word/word-competence-12/support-images/support-image-01.jpg]
[www.clic-formation.net/component/search/index0bf5.html]
[www.clic-formation.net/images/02-word/word-competence-12/support-images/support-image-02.jpg]
[www.clic-formation.net/component/search/index0ca2.html]
[www.clic-formation.net/images/02-word/word-competence-12/support-images/support-image-03.jpg]
[www.clic-formation.net/images/02-word/word-competence-12/support-images/support-image-04.jpg]
[www.clic-formation.net/images/02-word/word-competence-12/support-images/support-image-05.jpg]
[www.clic-formation.net/images/02-word/word-competence-12/support-images/support-taille-orientation/taille-01.jpg]
[www.clic-formation.net/images/02-word/word-competence-12/support-images/support-taille-orientation/taille-02.jpg]
[www.clic-formation.net/images/02-word/word-competence-12/support-images/support-taille-orientation/taille-03.jpg]
[www.clic-formation.net/inserer-une-image/support.html]
[www.clic-formation.net/images/02-word/word-competence-12/ex-001/ex-001.docx]
[www.clic-formation.net/images/02-word/word-competence-12/ex-001/ex-01-img.zip]
[www.clic-formation.net/component/search/indexd848.html]
[www.clic-formation.net/images/02-word/word-competence-12/ex-001/ex-001-tuto.jpg]
[www.clic-formation.net/images/02-word/word-competence-12/ex-001/ex-01.jpg]
[www.clic-formation.net/inserer-une-image/exercice-1.html]
[www.clic-formation.net/images/02-word/word-competence-12/ex-002/ex-02-img.zip]
[www.clic-formation.net/images/02-word/word-competence-12/ex-002/ex-002-tuto.jpg]
[www.clic-formation.net/component/search/index636c.html]
[www.clic-formation.net/images/02-word/word-competence-12/ex-002/ex-02.jpg]
[www.clic-formation.net/inserer-une-image/exercice-2-insertion-images.html]
[www.clic-formation.net/images/02-word/word-competence-12/ex-003/ex-003.docx]
[www.clic-formation.net/images/02-word/word-competence-12/ex-003/ex-003-img.zip]
[www.clic-formation.net/component/search/indexd410.html]
[www.clic-formation.net/images/02-word/word-competence-12/ex-003/ex-003-tuto.gif]
[www.clic-formation.net/images/02-word/word-competence-12/ex-003/ex-003.jpg]
[www.clic-formation.net/inserer-une-image/exercice-3.html]
[www.clic-formation.net/images/02-word/word-competence-12/ex-004/ex-004.docx]
[www.clic-formation.net/images/02-word/word-competence-12/ex-004/ex-04-img.zip]
[www.clic-formation.net/component/search/index9d5c.html]
[www.clic-formation.net/images/02-word/word-competence-12/ex-04/ex-04.jpg]
[www.clic-formation.net/images/02-word/word-competence-12/ex-004/ex-04.jpg]
[www.clic-formation.net/inserer-une-image/exercice-4.html]
[www.clic-formation.net/images/02-word/word-competence-12/ex-005/ex-05-photo.jpg]
[www.clic-formation.net/images/02-word/word-competence-12/ex-005/ex-005-tuto.gif]
[www.clic-formation.net/inserer-une-image/exercice-5.html]
[www.clic-formation.net/component/search/index0195.html]
[www.clic-formation.net/images/02-word/word-competence-12/ex-006/ex-06-photos.zip]
[www.clic-formation.net/images/02-word/word-competence-07/ex-06/ex-06.jpg]
[www.clic-formation.net/component/search/index2478.html]
[www.clic-formation.net/inserer-une-image/exercice-6.html]
[www.clic-formation.net/images/02-word/word-competence-12/ex-006/ex-06.jpg]
[www.clic-formation.net/images/02-word/word-competence-12/ex-007/ex-007.zip]
[www.clic-formation.net/images/02-word/word-competence-07/ex-008/008-resultat.jpg]
[www.clic-formation.net/component/search/index75b1.html]
[www.clic-formation.net/images/02-word/word-competence-12/ex-007/007-resultat.jpg]
[www.clic-formation.net/images/02-word/word-competence-12/ex-007/resultat-02.jpg]
[www.clic-formation.net/inserer-une-image/exercice-7.html]
[www.clic-formation.net/images/02-word/word-competence-12/ex-008/ex-008.docx]
[www.clic-formation.net/component/search/index98d5.html]
[www.clic-formation.net/images/02-word/word-competence-12/ex-008/ex-008-images.zip]
[www.clic-formation.net/images/02-word/word-competence-12/ex-008/resultat-ex-008.jpg]
[www.clic-formation.net/inserer-une-image/exercice-8.html]
[www.clic-formation.net/images/02-word/word-competence-12/ex-009/ex-009.docx]
[www.clic-formation.net/component/search/index78a7.html]
[www.clic-formation.net/images/02-word/word-competence-12/ex-009/images.zip]
[www.clic-formation.net/images/02-word/word-competence-12/ex-009/ex-009.jpg]
[www.clic-formation.net/inserer-une-image/exercice-9.html]
[www.clic-formation.net/images/02-word/word-competence-13/support-en-tete/support-en-tete-01.jpg]
[www.clic-formation.net/component/search/index509d.html]
[www.clic-formation.net/images/02-word/word-competence-13/support-en-tete/support-en-tete-02.jpg]
[www.clic-formation.net/images/02-word/word-competence-13/support-en-tete/support-en-tete-03.jpg]
[www.clic-formation.net/images/02-word/word-competence-13/support-en-tete/support-en-tete-04.jpg]
[www.clic-formation.net/images/02-word/word-competence-13/support-en-tete/support-en-tete-05.jpg]
[www.clic-formation.net/images/02-word/word-competence-13/support-en-tete/support-en-tete-06.jpg]
[www.clic-formation.net/en-tete-et-pied-de-page/support.html]
[www.clic-formation.net/component/tags/tag/en-tete-et-pied-de-page.html]
[www.clic-formation.net/component/search/index7547.html]
[www.clic-formation.net/images/02-word/word-competence-13/ex-001/ex-001.docx]
[www.clic-formation.net/images/02-word/word-competence-13/ex-001/ex-001-solution.jpg]
[www.clic-formation.net/en-tete-et-pied-de-page/exercice-1.html]
[www.clic-formation.net/images/02-word/word-competence-13/ex-002/ex-002.docx]
[www.clic-formation.net/images/02-word/word-competence-13/ex-002/logo.png]
[www.clic-formation.net/component/search/index46df.html]
[www.clic-formation.net/images/02-word/word-competence-13/ex-002/ex-002-solution.jpg]
[www.clic-formation.net/en-tete-et-pied-de-page/exercice-2.html]
[www.clic-formation.net/images/02-word/word-competence-13/ex-003/ex-003.docx]
[www.clic-formation.net/component/search/index35b9.html]
[www.clic-formation.net/images/02-word/word-competence-13/ex-003/ex-003-logo.png]
[www.clic-formation.net/images/02-word/word-competence-13/ex-003/ex-003.jpg]
[www.clic-formation.net/en-tete-et-pied-de-page/exercice-3.html]
[www.clic-formation.net/images/02-word/word-competence-13/ex-004/ex-004.docx]
[www.clic-formation.net/en-tete-et-pied-de-page/exercice-4.html]
[www.clic-formation.net/images/02-word/word-competence-13/ex-004/ex-004-solution.jpg]
[www.clic-formation.net/component/search/indexfc5d.html]
[www.clic-formation.net/images/02-word/word-competence-14/support-tableau/support-tableau-01.jpg]
[www.clic-formation.net/component/search/indexefb3.html]
[www.clic-formation.net/images/02-word/word-competence-14/support-tableau/support-tableau-02.jpg]
[www.clic-formation.net/images/02-word/word-competence-14/support-tableau/support-tableau-03.jpg]
[www.clic-formation.net/images/02-word/word-competence-14/support-tableau/support-tableau-04.jpg]
[www.clic-formation.net/images/02-word/word-competence-14/support-tableau/support-tableau-05.jpg]
[www.clic-formation.net/images/02-word/word-competence-14/support-tableau/support-tableau-06.jpg]
[www.clic-formation.net/images/02-word/word-competence-14/support-tableau/support-tableau-07.jpg]
[www.clic-formation.net/18-inserer-tableau/support.html]
[www.clic-formation.net/component/search/indexe63e.html]
[www.clic-formation.net/component/tags/tag/tableau.html]
[www.clic-formation.net/images/02-word/word-competence-14/ex-001/ex-01.txt]
[www.clic-formation.net/images/02-word/word-competence-14/ex-001/ex-01.gif]
[www.clic-formation.net/18-inserer-tableau/exercice-1-creer-un-tableau.html]
[www.clic-formation.net/images/02-word/word-competence-14/ex-002/ex-02.gif]
[www.clic-formation.net/18-inserer-tableau/exercice-2-creer-un-tableau.html]
[www.clic-formation.net/component/search/index6d4f.html]
[www.clic-formation.net/images/02-word/word-competence-14/ex-003/ex-03.jpg]
[www.clic-formation.net/18-inserer-tableau/exercice-3-creer-un-tableau.html]
[www.clic-formation.net/images/02-word/word-competence-14/ex-004/ex-04.jpg]
[www.clic-formation.net/18-inserer-tableau/exercice-4.html]
[www.clic-formation.net/component/search/indexeee8.html]
[www.clic-formation.net/images/02-word/word-competence-14/ex-005/05.jpg]
[www.clic-formation.net/18-inserer-tableau/exercice-5.html]
[www.clic-formation.net/component/search/index43f6.html]
[www.clic-formation.net/component/search/index6766.html]
[www.clic-formation.net/images/02-word/word-competence-14/ex-006/ex-06.gif]
[www.clic-formation.net/18-inserer-tableau/exercice-6.html]
[www.clic-formation.net/component/search/index8a0c.html]
[www.clic-formation.net/images/02-word/word-competence-14/ex-007/ex-07-img.jpg]
[www.clic-formation.net/images/02-word/word-competence-14/ex-007/ex-07.jpg]
[www.clic-formation.net/18-inserer-tableau/exercice-7.html]
[www.clic-formation.net/component/search/index6aa8.html]
[www.clic-formation.net/images/02-word/word-competence-14/ex-008/ex-008.docx]
[www.clic-formation.net/component/search/index8cae.html]
[www.clic-formation.net/18-inserer-tableau/exercice-8.html]
[www.clic-formation.net/images/02-word/word-competence-14/ex-008/ex-008.jpg]
[www.clic-formation.net/images/02-word/word-competence-14/ex-009/ex-005.docx]
[www.clic-formation.net/component/search/indexe3ef.html]
[www.clic-formation.net/images/02-word/word-competence-14/ex-009/ex-005-bouton.jpg]
[www.clic-formation.net/images/02-word/word-competence-14/ex-009/dessiner.gif]
[www.clic-formation.net/images/02-word/word-competence-14/ex-009/ex-005-depart.gif]
[www.clic-formation.net/images/02-word/word-competence-14/ex-009/ex-005-resultat.gif]
[www.clic-formation.net/18-inserer-tableau/exercice-9.html]
[www.clic-formation.net/images/02-word/word-competence-16/support-mise-en-forme-tableau/mise_en_forme-tableau-04.jpg]
[www.clic-formation.net/component/search/indexffcd.html]
[www.clic-formation.net/images/02-word/word-competence-16/support-mise-en-forme-tableau/mise_en_forme-tableau-05.jpg]
[www.clic-formation.net/images/02-word/word-competence-16/support-mise-en-forme-tableau/mise_en_forme-tableau-06.jpg]
[www.clic-formation.net/images/02-word/word-competence-16/support-mise-en-forme-tableau/mise_en_forme-tableau-07.jpg]
[www.clic-formation.net/images/02-word/word-competence-16/support-mise-en-forme-tableau/mise_en_forme-tableau-08.jpg]
[www.clic-formation.net/images/02-word/word-competence-16/support-mise-en-forme-tableau/mise_en_forme-tableau-09.jpg]
[www.clic-formation.net/images/02-word/word-competence-16/support-mise-en-forme-tableau/mise_en_forme-tableau-10.jpg]
[www.clic-formation.net/images/02-word/word-competence-16/support-mise-en-forme-tableau/mise_en_forme-tableau-11.jpg]
[www.clic-formation.net/images/02-word/word-competence-16/support-mise-en-forme-tableau/mise_en_forme-tableau-12.jpg]
[www.clic-formation.net/images/02-word/word-competence-16/support-mise-en-forme-tableau/mise_en_forme-tableau-13.jpg]
[www.clic-formation.net/images/02-word/word-competence-16/support-mise-en-forme-tableau/mise_en_forme-tableau-14.jpg]
[www.clic-formation.net/images/02-word/word-competence-16/support-mise-en-forme-tableau/mise_en_forme-tableau-15.jpg]
[www.clic-formation.net/mise-en-forme-d-un-tableau/support.html]
[www.clic-formation.net/images/02-word/word-competence-15/ex-001/ex-001.docx]
[www.clic-formation.net/images/02-word/word-competence-15/ex-001/ex-132-01-solution.jpg]
[www.clic-formation.net/mise-en-forme-d-un-tableau/exercice-1-surligner-du-texte.html]
[www.clic-formation.net/component/search/indexef11.html]
[www.clic-formation.net/images/02-word/word-competence-15/ex-002/ex-132-02-enonce.docx]
[www.clic-formation.net/images/02-word/word-competence-15/ex-002/ex-132-02-solution.jpg]
[www.clic-formation.net/mise-en-forme-d-un-tableau/exercice-tableau-word-2.html]
[www.clic-formation.net/component/search/index0d7e.html]
[www.clic-formation.net/images/02-word/word-competence-15/ex-003/ex-132-03-solution.jpg]
[www.clic-formation.net/mise-en-forme-d-un-tableau/exercice-tableau-word-3.html]
[www.clic-formation.net/component/search/index63b9.html]
[www.clic-formation.net/images/02-word/word-competence-15/ex-004/ex-132-04.jpg]
[www.clic-formation.net/images/02-word/word-competence-15/ex-004/ex-132-05.jpg]
[www.clic-formation.net/mise-en-forme-d-un-tableau/exercice-tableau-word-4.html]
[www.clic-formation.net/component/search/index8dff.html]
[www.clic-formation.net/images/02-word/word-competence-15/ex-005/ex-005.docx]
[www.clic-formation.net/images/02-word/word-competence-15/ex-005/ex-005.jpg]
[www.clic-formation.net/mise-en-forme-d-un-tableau/exercice-tableau-word-5.html]
[www.clic-formation.net/component/search/index49f5.html]
[www.clic-formation.net/images/02-word/word-competence-15/ex-006/ex-006.docx]
[www.clic-formation.net/images/02-word/word-competence-15/ex-006/ex-006.jpg]
[www.clic-formation.net/mise-en-forme-d-un-tableau/exercice-tableau-word-6.html]
[www.clic-formation.net/component/search/indexb2c2.html]
[www.clic-formation.net/images/02-word/word-competence-15/ex-007/ex-007.docx]
[www.clic-formation.net/component/search/indexcfb8.html]
[www.clic-formation.net/images/02-word/word-competence-15/ex-007/tableau.gif]
[www.clic-formation.net/mise-en-forme-d-un-tableau/exercice-tableau-word-7.html]
[www.clic-formation.net/images/02-word/word-competence-16/support-mise-en-forme-tableau/mise_en_forme-tableau-01.jpg]
[www.clic-formation.net/images/02-word/word-competence-16/support-mise-en-forme-tableau/mise_en_forme-tableau-02.jpg]
[www.clic-formation.net/component/search/indexce00.html]
[www.clic-formation.net/images/02-word/word-competence-16/support-mise-en-forme-tableau/mise_en_forme-tableau-03.jpg]
[www.clic-formation.net/images/02-word/word-competence-17/support/17-001.jpg]
[www.clic-formation.net/images/02-word/word-competence-17/support/17-002.jpg]
[www.clic-formation.net/images/02-word/word-competence-17/support/17-003.jpg]
[www.clic-formation.net/images/02-word/word-competence-17/support/17-004.jpg]
[www.clic-formation.net/images/02-word/word-competence-17/support/17-005.jpg]
[www.clic-formation.net/images/02-word/word-competence-17/support/17-006.jpg]
[www.clic-formation.net/images/02-word/word-competence-17/support/17-007.jpg]
[www.clic-formation.net/images/02-word/word-competence-17/support/17-008.jpg]
[www.clic-formation.net/images/02-word/word-competence-17/support/17-009.jpg]
[www.clic-formation.net/tableau-avances-et-trucs/support.html]
[www.clic-formation.net/images/02-word/word-competence-16/ex-003/ex-003-outils.jpg]
[www.clic-formation.net/images/02-word/word-competence-16/ex-003/ex-003.jpg]
[www.clic-formation.net/tableau-avances-et-trucs/exercice-1.html]
[www.clic-formation.net/component/search/indexe008.html]
[www.clic-formation.net/component/tags/tag/styles.html]
[www.clic-formation.net/component/search/index6178.html]
[www.clic-formation.net/images/02-word/word-competence-16/ex-002/ex-133-02-capture02.jpg]
[www.clic-formation.net/images/02-word/word-competence-16/ex-002/ex-133-02-capture01.jpg]
[www.clic-formation.net/tableau-avances-et-trucs/exercice-2.html]
[www.clic-formation.net/images/02-word/word-competence-16/ex-003/ex-003.webp]
[www.clic-formation.net/tableau-avances-et-trucs/exercice-3.html]
[www.clic-formation.net/component/search/index8dc7.html]
[www.clic-formation.net/images/02-word/word-competence-16/ex-004/ex-004-support.docx]
[www.clic-formation.net/images/02-word/word-competence-16/ex-004/ex-004.jpg]
[www.clic-formation.net/tableau-avances-et-trucs/exercice-4.html]
[www.clic-formation.net/component/search/indexbe69.html]
[www.clic-formation.net/images/02-word/word-competence-16/ex-005/ex-134-01-enonce.docx]
[www.clic-formation.net/component/search/index7dc2.html]
[www.clic-formation.net/images/02-word/word-competence-16/ex-005/ex-134-01.jpg]
[www.clic-formation.net/tableau-avances-et-trucs/exercice-5.html]
[www.clic-formation.net/images/02-word/word-competence-16/ex-006/ex-002.docx]
[www.clic-formation.net/images/02-word/word-competence-16/ex-006/ex-002-solution.jpg]
[www.clic-formation.net/tableau-avances-et-trucs/exercice-6.html]
[www.clic-formation.net/component/search/indexba69.html]
[www.clic-formation.net/images/02-word/word-competence-16/ex-007/ex-003.docx]
[www.clic-formation.net/images/02-word/word-competence-16/ex-007/ex-003-solution.jpg]
[www.clic-formation.net/tableau-avances-et-trucs/exercice-7.html]
[www.clic-formation.net/component/search/index424c.html]
[www.clic-formation.net/component/search/index6df1.html]
[www.clic-formation.net/tableau-avances-et-trucs/exercice-8.html]
[www.clic-formation.net/images/02-word/word-competence-16/ex-008/ex-004.jpg]
[www.clic-formation.net/images/02-word/word-competence-17/support-regle-tab-et-marge/tab-01.jpg]
[www.clic-formation.net/component/search/index481d.html]
[www.clic-formation.net/images/02-word/word-competence-17/support-regle-tab-et-marge/tab-02.jpg]
[www.clic-formation.net/images/02-word/word-competence-17/support-regle-tab-et-marge/tab-03.jpg]
[www.clic-formation.net/images/02-word/word-competence-17/support-regle-tab-et-marge/tab-04.jpg]
[www.clic-formation.net/images/02-word/word-competence-17/support-regle-tab-et-marge/tab-12.jpg]
[www.clic-formation.net/images/02-word/word-competence-17/support-regle-tab-et-marge/tab-05.jpg]
[www.clic-formation.net/images/02-word/word-competence-17/support-regle-tab-et-marge/tab-06.jpg]
[www.clic-formation.net/images/02-word/word-competence-17/support-regle-tab-et-marge/tab-07.jpg]
[www.clic-formation.net/images/02-word/word-competence-17/support-regle-tab-et-marge/tab-08.jpg]
[www.clic-formation.net/images/02-word/word-competence-17/support-regle-tab-et-marge/tab-09.jpg]
[www.clic-formation.net/images/02-word/word-competence-17/support-regle-tab-et-marge/tab-10.jpg]
[www.clic-formation.net/images/02-word/word-competence-17/support-regle-tab-et-marge/tab-11.jpg]
[www.clic-formation.net/14-tabulation-simple/support.html]
[www.clic-formation.net/component/search/indexd136.html]
[www.clic-formation.net/component/tags/tag/tabulation.html]
[www.clic-formation.net/images/02-word/word-competence-17/ex-001/ex-001.docx]
[www.clic-formation.net/images/02-word/word-competence-09/ex-01/ex-01.gif]
[www.clic-formation.net/images/02-word/word-competence-17/ex-001/ex-01.gif]
[www.clic-formation.net/14-tabulation-simple/exercice-1-tabulation.html]
[www.clic-formation.net/images/02-word/word-competence-17/ex-002/ex-002.docx]
[www.clic-formation.net/images/02-word/word-competence-17/ex-002/ex-02.jpg]
[www.clic-formation.net/14-tabulation-simple/exercice-2-tabulation.html]
[www.clic-formation.net/component/search/indexac54.html]
[www.clic-formation.net/images/02-word/word-competence-17/ex-003/ex-003.docx]
[www.clic-formation.net/component/search/index1360.html]
[www.clic-formation.net/images/02-word/word-competence-17/ex-003/ex-03.jpg]
[www.clic-formation.net/14-tabulation-simple/exercice-3-tabulation.html]
[www.clic-formation.net/component/search/indexc4ac.html]
[www.clic-formation.net/images/02-word/word-competence-17/ex-004/ex-004.docx]
[www.clic-formation.net/images/02-word/word-competence-17/ex-004/ex-004.webp]
[www.clic-formation.net/14-tabulation-simple/exercice-4-tabulation.html]
[www.clic-formation.net/images/02-word/word-competence-17/ex-005/ex-005.docx]
[www.clic-formation.net/component/search/index8532.html]
[www.clic-formation.net/images/02-word/word-competence-17/ex-005/ex-05.jpg]
[www.clic-formation.net/14-tabulation-simple/exercice-5-tabulation.html]
[www.clic-formation.net/images/02-word/word-competence-17/ex-006/ex-006.docx]
[www.clic-formation.net/component/search/indexc9f0.html]
[www.clic-formation.net/images/02-word/word-competence-17/ex-006/ex-06.jpg]
[www.clic-formation.net/14-tabulation-simple/exercice-6-tabulation.html]
[www.clic-formation.net/images/02-word/word-competence-17/ex-007/ex-007.docx]
[www.clic-formation.net/14-tabulation-simple/exercice-7-tabulation.html]
[www.clic-formation.net/images/02-word/word-competence-17/ex-007/ex-007.gif]
[www.clic-formation.net/remplacer-un-mot/support.html]
[www.clic-formation.net/component/search/index44e3.html]
[www.clic-formation.net/component/search/index7d94.html]
[www.clic-formation.net/component/search/indexfa38.html]
[www.clic-formation.net/component/tags/tag/ctrl-h.html]
[www.clic-formation.net/images/02-word/word-competence-18/ex-001/ex-001.docx]
[www.clic-formation.net/images/02-word/word-competence-18/ex-001/ex-001.webp]
[www.clic-formation.net/images/02-word/word-competence-18/ex-001/ex-001-solution.webp]
[www.clic-formation.net/remplacer-un-mot/exercie-1.html]
[www.clic-formation.net/images/02-word/word-competence-18/ex-002/ex-002.docx]
[www.clic-formation.net/images/02-word/word-competence-18/ex-002/ex02.jpg]
[www.clic-formation.net/remplacer-un-mot/08-02-recherche.html]
[www.clic-formation.net/component/search/indexcd7a.html]
[www.clic-formation.net/component/search/index0e93.html]
[www.clic-formation.net/images/02-word/word-competence-18/ex-003/ex-003.docx]
[www.clic-formation.net/images/02-word/word-competence-18/ex-003/ex-003.webp]
[www.clic-formation.net/images/02-word/word-competence-18/ex-003/ex-003-solution.webp]
[www.clic-formation.net/remplacer-un-mot/08-03-remplacer.html]
[www.clic-formation.net/images/02-word/word-competence-18/ex-004/ex-004.docx]
[www.clic-formation.net/component/search/index9587.html]
[www.clic-formation.net/images/02-word/word-competence-18/ex-004/ex-004.webp]
[www.clic-formation.net/images/02-word/word-competence-18/ex-004/ex-004-solution.webp]
[www.clic-formation.net/remplacer-un-mot/08-03-remplacer-2.html]
[www.clic-formation.net/images/02-word/word-competence-18/ex-005/ex-005.docx]
[www.clic-formation.net/component/search/indexe765.html]
[www.clic-formation.net/images/02-word/word-competence-18/ex-005/ex-005.webp]
[www.clic-formation.net/images/02-word/word-competence-18/ex-005/ex-005-solution.webp]
[www.clic-formation.net/remplacer-un-mot/08-03-remplacer-3.html]
[www.clic-formation.net/images/02-word/word-competence-18/ex-006/ex-006.docx]
[www.clic-formation.net/images/02-word/word-competence-18/ex-006/ex-006-solution.jpg]
[www.clic-formation.net/remplacer-un-mot/exercice-6.html]
[www.clic-formation.net/component/search/index9f35.html]
[www.clic-formation.net/images/02-word/word-competence-18/ex-007/ex-007.docx]
[www.clic-formation.net/component/search/index50e8.html]
[www.clic-formation.net/remplacer-un-mot/exercice-7.html]
[www.clic-formation.net/images/02-word/word-competence-18/ex-007/ex-07.jpg]
[www.clic-formation.net/images/02-word/word-competence-18/ex-008/ex-008.docx]
[www.clic-formation.net/component/search/index02ec.html]
[www.clic-formation.net/images/02-word/word-competence-18/ex-008/ex-008.gif]
[www.clic-formation.net/images/02-word/word-competence-18/ex-008/ex-008-solution.gif]
[www.clic-formation.net/remplacer-un-mot/exercice-8.html]
[www.clic-formation.net/format-de-page/support.html]
[www.clic-formation.net/images/02-word/word-competence-19/ex-001/ex-01.txt]
[www.clic-formation.net/component/search/indexc0ab.html]
[www.clic-formation.net/images/02-word/word-competence-08/ex-01/ex-01.jpg]
[www.clic-formation.net/component/search/index2b48.html]
[www.clic-formation.net/images/02-word/word-competence-19/ex-001/ex-01.jpg]
[www.clic-formation.net/format-de-page/exercice-1.html]
[www.clic-formation.net/images/02-word/word-competence-19/ex-002/ex-02-fond.jpg]
[www.clic-formation.net/component/search/index51ca.html]
[www.clic-formation.net/images/02-word/word-competence-19/ex-002/ex-02.jpg]
[www.clic-formation.net/format-de-page/exercice-2.html]
[www.clic-formation.net/images/02-word/word-competence-19/ex-003/ex-003.docx]
[www.clic-formation.net/component/search/index05f2.html]
[www.clic-formation.net/images/02-word/word-competence-08/ex-03/ex-03.jpg]
[www.clic-formation.net/images/02-word/word-competence-19/ex-003/ex-03.jpg]
[www.clic-formation.net/format-de-page/exercice-3.html]
[www.clic-formation.net/images/02-word/word-competence-19/ex-004/ex-004.docx]
[www.clic-formation.net/component/search/indexdcd2.html]
[www.clic-formation.net/images/02-word/word-competence-19/ex-004/ex-004.jpg]
[www.clic-formation.net/format-de-page/exercice-4.html]
[www.clic-formation.net/images/02-word/word-competence-19/ex-005/ex-005.docx]
[www.clic-formation.net/images/02-word/word-competence-19/ex-005/ex-005.jpg]
[www.clic-formation.net/format-de-page/exercice-5.html]
[www.clic-formation.net/component/search/index3dce.html]
[www.clic-formation.net/images/02-word/word-competence-19/ex-006/ex-006.docx]
[www.clic-formation.net/images/02-word/word-competence-19/ex-006/ex-006-solution.jpg]
[www.clic-formation.net/format-de-page/exercice-6.html]
[www.clic-formation.net/component/search/indexe4c3.html]
[www.clic-formation.net/component/search/indexfbb6.html]
[www.clic-formation.net/images/02-word/word-competence-19/ex-007/ex-003-images.zip]
[www.clic-formation.net/format-de-page/exercice-7.html]
[www.clic-formation.net/images/02-word/word-competence-19/ex-007/13.gif]
[www.clic-formation.net/images/02-word/word-competence-19/ex-008/ex-008.docx]
[www.clic-formation.net/images/02-word/word-competence-19/ex-008/vigne.zip]
[www.clic-formation.net/component/search/indexb5aa.html]
[www.clic-formation.net/images/02-word/word-competence-19/ex-008/ex-008.gif]
[www.clic-formation.net/images/02-word/word-competence-19/ex-008/ex-008-solution.gif]
[www.clic-formation.net/format-de-page/exercice-8.html]
[www.clic-formation.net/images/02-word/word-competence-20/support/01.jpg]
[www.clic-formation.net/images/02-word/word-competence-20/support/02.jpg]
[www.clic-formation.net/component/search/index1b1c.html]
[www.clic-formation.net/images/02-word/word-competence-20/support/03.jpg]
[www.clic-formation.net/images/02-word/word-competence-20/support/04.jpg]
[www.clic-formation.net/images/02-word/word-competence-20/support/05.jpg]
[www.clic-formation.net/aligner-du-texte/support-affichage.html]
[www.clic-formation.net/component/tags/tag/affichage.html]
[www.clic-formation.net/component/search/indexaeec.html]
[www.clic-formation.net/images/02-word/word-competence-20/ex-001/ex-001.docx]
[www.clic-formation.net/images/02-word/word-competence-20/ex-001/ex-001.jpg]
[www.clic-formation.net/aligner-du-texte/exercice-1.html]
[www.clic-formation.net/images/02-word/word-competence-20/ex-002/ex-002.jpg]
[www.clic-formation.net/aligner-du-texte/exercice-2.html]
[www.clic-formation.net/component/search/indexf603.html]
[www.clic-formation.net/images/02-word/word-competence-20/ex-003/ex-003.docx]
[www.clic-formation.net/images/02-word/word-competence-20/ex-003/ex-003.jpg]
[www.clic-formation.net/aligner-du-texte/exercice-3.html]
[www.clic-formation.net/component/search/index1758.html]
[www.clic-formation.net/images/02-word/word-competence-20/ex-004/ex-004.docx]
[www.clic-formation.net/images/02-word/word-competence-20/ex-004/ex-004-solution.jpg]
[www.clic-formation.net/aligner-du-texte/exercice-4.html]
[www.clic-formation.net/component/search/indexd89c.html]
[www.clic-formation.net/images/02-word/word-competence-20/ex-005/ex-005.docx]
[www.clic-formation.net/aligner-du-texte/exercice-5.html]
[www.clic-formation.net/component/search/index2071.html]
[www.clic-formation.net/images/02-word/word-competence-20/ex-006/ex-006-enonce.jpg]
[www.clic-formation.net/aligner-du-texte/exercice-6.html]
[www.clic-formation.net/images/02-word/word-competence-21/support-smart-art/smart-art-01.jpg]
[www.clic-formation.net/component/search/indexba3c.html]
[www.clic-formation.net/images/02-word/word-competence-21/support-smart-art/smart-art-02.jpg]
[www.clic-formation.net/component/search/index18d5.html]
[www.clic-formation.net/images/02-word/word-competence-21/support-smart-art/smart-art-03.jpg]
[www.clic-formation.net/images/02-word/word-competence-21/support-smart-art/smart-art-04.jpg]
[www.clic-formation.net/images/02-word/word-competence-21/support-smart-art/smart-art-05.jpg]
[www.clic-formation.net/images/02-word/word-competence-21/support-smart-art/smart-art-06.jpg]
[www.clic-formation.net/images/02-word/word-competence-21/support-smart-art/smart-art-07.jpg]
[www.clic-formation.net/images/02-word/word-competence-21/support-smart-art/smart-art-08.jpg]
[www.clic-formation.net/27-outil-dessin/support-smart-art.html]
[www.clic-formation.net/images/02-word/word-competence-21/ex-001/ex-001.jpg]
[www.clic-formation.net/27-outil-dessin/exercice-1.html]
[www.clic-formation.net/component/search/indexd330.html]
[www.clic-formation.net/images/02-word/word-competence-21/ex-002/ex-002.jpg]
[www.clic-formation.net/27-outil-dessin/exercice-2.html]
[www.clic-formation.net/component/search/index5f25.html]
[www.clic-formation.net/images/02-word/word-competence-21/ex-003/ex-003-img.zip]
[www.clic-formation.net/component/search/index5569.html]
[www.clic-formation.net/images/02-word/word-competence-21/ex-003/ex-003.jpg]
[www.clic-formation.net/27-outil-dessin/exercice-3.html]
[www.clic-formation.net/images/02-word/word-competence-21/ex-004/ex-004.jpg]
[www.clic-formation.net/27-outil-dessin/exercice-4.html]
[www.clic-formation.net/component/search/index4936.html]
[www.clic-formation.net/images/02-word/word-competence-21/ex-005/ex-005.docx]
[www.clic-formation.net/component/search/index9b83.html]
[www.clic-formation.net/27-outil-dessin/exercice-5.html]
[www.clic-formation.net/images/02-word/word-competence-21/ex-005/ex-005-solution.jpg]
[www.clic-formation.net/images/02-word/word-competence-21/ex-006/ex-006.docx]
[www.clic-formation.net/images/02-word/word-competence-21/ex-006/ex-006.jpg]
[www.clic-formation.net/27-outil-dessin/exercice-6.html]
[www.clic-formation.net/component/search/index5a88.html]
[www.clic-formation.net/images/02-word/word-competence-22/support-modele/modele-01.jpg]
[www.clic-formation.net/component/search/indexc685.html]
[www.clic-formation.net/images/02-word/word-competence-22/support-modele/modele-02.jpg]
[www.clic-formation.net/images/02-word/word-competence-22/support-modele/modele.jpg]
[www.clic-formation.net/images/02-word/word-competence-22/ex-001/2010.jpg]
[www.clic-formation.net/images/02-word/word-competence-22/ex-001/2016.jpg]
[www.clic-formation.net/26-modeles/support-modele.html]
[www.clic-formation.net/component/tags/tag/modeles.html]
[www.clic-formation.net/component/search/index9dcf.html]
[www.clic-formation.net/images/02-word/word-competence-22/ex-001/ex-001-resultat.jpg]
[www.clic-formation.net/26-modeles/exercice-1.html]
[www.clic-formation.net/images/02-word/word-competence-22/ex-002/ex-002-support.jpg]
[www.clic-formation.net/images/02-word/word-competence-22/ex-002/ex-002-solution.jpg]
[www.clic-formation.net/26-modeles/exercice-2.html]
[www.clic-formation.net/component/search/index331c.html]
[www.clic-formation.net/images/02-word/word-competence-22/ex-003/ex-003.jpg]
[www.clic-formation.net/26-modeles/exercice-3.html]
[www.clic-formation.net/component/search/index36fe.html]
[www.clic-formation.net/images/02-word/word-competence-22/ex-004/ex-004.jpg]
[www.clic-formation.net/26-modeles/exercice-4.html]
[www.clic-formation.net/component/search/indexbf4b.html]
[www.clic-formation.net/images/02-word/word-competence-24/support-style/style-02.jpg]
[www.clic-formation.net/images/02-word/word-competence-24/support-style/style-03.jpg]
[www.clic-formation.net/component/search/indexead8.html]
[www.clic-formation.net/images/02-word/word-competence-24/support-style/style-04.jpg]
[www.clic-formation.net/images/02-word/word-competence-24/support-style/style-05.jpg]
[www.clic-formation.net/images/02-word/word-competence-24/support-style/style-06.jpg]
[www.clic-formation.net/images/02-word/word-competence-24/support-style/style-07.jpg]
[www.clic-formation.net/images/02-word/word-competence-24/support-style/style-01.jpg]
[www.clic-formation.net/categories-telechargement/18-support/competence-24-styles066c.pdf]
[www.clic-formation.net/27-styles/support-style-de-texte-dans-word.html]
[www.clic-formation.net/images/02-word/word-competence-24/ex-001/ex-01.jpg]
[www.clic-formation.net/27-styles/exercice-1.html]
[www.clic-formation.net/images/02-word/word-competence-24/ex-002/ex-002-solution.jpg]
[www.clic-formation.net/27-styles/exercice-2.html]
[www.clic-formation.net/component/search/index4faa.html]
[www.clic-formation.net/component/search/index45f2.html]
[www.clic-formation.net/images/02-word/word-competence-24/ex-003/nouveau-style-word.webp]
[www.clic-formation.net/images/02-word/word-competence-24/ex-003/ex-03.jpg]
[www.clic-formation.net/27-styles/exercice-3.html]
[www.clic-formation.net/component/search/indexf1b0.html]
[www.clic-formation.net/images/02-word/word-competence-24/ex-004/ex-004-resultat.jpg]
[www.clic-formation.net/27-styles/exercice-4.html]
[www.clic-formation.net/images/02-word/word-competence-24/ex-005/13-01.jpg]
[www.clic-formation.net/27-styles/exercice-5.html]
[www.clic-formation.net/component/search/index18f2.html]
[www.clic-formation.net/component/search/indexbc17.html]
[www.clic-formation.net/images/02-word/word-competence-26/publipostage-01.jpg]
[www.clic-formation.net/images/02-word/word-competence-26/publipostage-02.jpg]
[www.clic-formation.net/component/search/indexe93e.html]
[www.clic-formation.net/images/02-word/word-competence-26/publipostage-03.jpg]
[www.clic-formation.net/images/02-word/word-competence-26/publipostage-04.jpg]
[www.clic-formation.net/images/02-word/word-competence-26/publipostage-05.jpg]
[www.clic-formation.net/images/02-word/word-competence-26/publipostage-06.jpg]
[www.clic-formation.net/images/02-word/word-competence-26/publipostage-07.jpg]
[www.clic-formation.net/images/02-word/word-competence-26/publipostage-08.jpg]
[www.clic-formation.net/images/02-word/word-competence-26/publipostage-09.jpg]
[www.clic-formation.net/images/02-word/word-competence-26/publipostage-10.jpg]
[www.clic-formation.net/24-publipostage/support-publipostage.html]
[www.clic-formation.net/images/02-word/word-competence-26/publipostage-11.jpg]
[www.clic-formation.net/component/tags/tag/publipostage.html]
[www.clic-formation.net/component/search/indexb981.html]
[www.clic-formation.net/images/02-word/word-competence-26/ex-001/ex-01.docx]
[www.clic-formation.net/images/02-word/word-competence-26/ex-001/ex-01-carnet.xlsx]
[www.clic-formation.net/images/02-word/word-competence-26/ex-001/ex-01-avant.jpg]
[www.clic-formation.net/images/02-word/word-competence-26/ex-001/ex-01-apres.jpg]
[www.clic-formation.net/24-publipostage/exercice-1.html]
[www.clic-formation.net/images/02-word/word-competence-26/ex-002/ex-02.docx]
[www.clic-formation.net/component/search/indexb611.html]
[www.clic-formation.net/images/02-word/word-competence-26/ex-002/ex-02.xlsx]
[www.clic-formation.net/images/02-word/word-competence-26/ex-002/ex-01.jpg]
[www.clic-formation.net/24-publipostage/exercice-2.html]
[www.clic-formation.net/images/02-word/word-competence-26/ex-003/ex-03.docx]
[www.clic-formation.net/component/search/index7f1c.html]
[www.clic-formation.net/images/02-word/word-competence-26/ex-003/ex-03.xls]
[www.clic-formation.net/images/02-word/word-competence-26/ex-003/ex-03.jpg]
[www.clic-formation.net/24-publipostage/exercice-3.html]
[www.clic-formation.net/images/02-word/word-competence-26/ex-004/ex-004.docx]
[www.clic-formation.net/images/02-word/word-competence-26/ex-004/ex-004-carnet.xlsx]
[www.clic-formation.net/component/search/indexfffb.html]
[www.clic-formation.net/images/02-word/word-competence-26/ex-004/ex-004-resultat.jpg]
[www.clic-formation.net/24-publipostage/exercice-4.html]
[www.clic-formation.net/images/02-word/word-competence-26/ex-005/ex-005-enonce.docx]
[www.clic-formation.net/images/02-word/word-competence-26/ex-005/ex-005-carnet.xlsx]
[www.clic-formation.net/component/search/indexb377.html]
[www.clic-formation.net/images/02-word/word-competence-26/ex-005/ex-005.webp]
[www.clic-formation.net/24-publipostage/exercice-5.html]
[www.clic-formation.net/images/02-word/word-competence-26/ex-006/ex-006.docx]
[www.clic-formation.net/images/02-word/word-competence-26/ex-006/ex-006-solution.webp]
[www.clic-formation.net/24-publipostage/exercice-6.html]
[www.clic-formation.net/component/search/indexa63f.html]
[www.clic-formation.net/images/02-word/word-competence-26/ex-007/ex-007.docx]
[www.clic-formation.net/24-publipostage/exercice-7.html]
[www.clic-formation.net/component/search/indexdc2d.html]
[www.clic-formation.net/images/02-word/word-competence-26/ex-008/ex-008.docx]
[www.clic-formation.net/images/02-word/word-competence-26/ex-008/adresse-excel.xlsx]
[www.clic-formation.net/component/search/indexee3a.html]
[www.clic-formation.net/images/02-word/word-competence-26/ex-008/enonce-2.gif]
[www.clic-formation.net/images/02-word/word-competence-26/ex-008/enonce-1.gif]
[www.clic-formation.net/images/02-word/word-competence-26/ex-008/ex-008-solution.gif]
[www.clic-formation.net/24-publipostage/exercice-8.html]
[www.clic-formation.net/images/02-word/word-competence-27/support/01.jpg]
[www.clic-formation.net/images/02-word/word-competence-27/support/02.jpg]
[www.clic-formation.net/component/search/index93fc.html]
[www.clic-formation.net/images/02-word/word-competence-27/support/03.jpg]
[www.clic-formation.net/images/02-word/word-competence-27/support/04.jpg]
[www.clic-formation.net/images/02-word/word-competence-27/support/05.jpg]
[www.clic-formation.net/images/02-word/word-competence-27/support/06.jpg]
[www.clic-formation.net/images/02-word/word-competence-27/support/07.jpg]
[www.clic-formation.net/images/02-word/word-competence-27/support/08.jpg]
[www.clic-formation.net/images/02-word/word-competence-27/support/09.jpg]
[www.clic-formation.net/images/02-word/word-competence-27/support/10.jpg]
[www.clic-formation.net/images/02-word/word-competence-27/support/14.jpg]
[www.clic-formation.net/document-long/support-document-long.html]
[www.clic-formation.net/images/02-word/word-competence-27/ex-001/ex-001-a.jpg]
[www.clic-formation.net/images/02-word/word-competence-27/ex-001/ex-001-b.jpg]
[www.clic-formation.net/component/search/indexc437.html]
[www.clic-formation.net/images/02-word/word-competence-27/ex-001/ex-001-c.jpg]
[www.clic-formation.net/document-long/exercice-1.html]
[www.clic-formation.net/images/02-word/word-competence-27/ex-002/ex-002.docx]
[www.clic-formation.net/images/02-word/word-competence-27/ex-002/ex-002.jpg]
[www.clic-formation.net/document-long/exercice-2.html]
[www.clic-formation.net/component/search/index2cba.html]
[www.clic-formation.net/images/02-word/word-competence-27/ex-003/ex-003.docx]
[www.clic-formation.net/images/02-word/word-competence-27/ex-003/ex-003.jpg]
[www.clic-formation.net/document-long/exercice-3.html]
[www.clic-formation.net/component/search/indexb1d0.html]
[www.clic-formation.net/images/02-word/word-competence-27/ex-004/ex-004.docx]
[www.clic-formation.net/images/02-word/word-competence-27/ex-004/ex-004.jpg]
[www.clic-formation.net/document-long/exercice-4.html]
[www.clic-formation.net/component/search/indexbf62.html]
[www.clic-formation.net/images/02-word/word-competence-27/ex-005/ex-005.docx]
[www.clic-formation.net/images/02-word/word-competence-27/ex-005/ex-005.jpg]
[www.clic-formation.net/document-long/exercice-5.html]
[www.clic-formation.net/component/search/index3664.html]
[www.clic-formation.net/images/02-word/word-competence-27/ex-006/ex-006.docx]
[www.clic-formation.net/images/02-word/word-competence-27/ex-006/ex-006.jpg]
[www.clic-formation.net/document-long/exercice-6.html]
[www.clic-formation.net/component/search/index56ef.html]
[www.clic-formation.net/component/search/indexc258.html]
[www.clic-formation.net/images/02-word/word-competence-27/ex-007/ex-007.docx]
[www.clic-formation.net/document-long/exercice-7.html]
[www.clic-formation.net/images/02-word/word-competence-27/ex-007/ex-007.jpg]
[www.clic-formation.net/images/02-word/word-competence-27/ex-008/ex-008.docx]
[www.clic-formation.net/document-long/exercice-8.html]
[www.clic-formation.net/images/02-word/word-competence-27/ex-008/ex-008-resultat.jpg]
[www.clic-formation.net/component/search/index6cf9.html]
[www.clic-formation.net/images/02-word/word-competence-27/ex-009/ex-009.docx]
[www.clic-formation.net/images/02-word/word-competence-27/ex-009/titre-n1.gif]
[www.clic-formation.net/component/search/index6efd.html]
[www.clic-formation.net/images/02-word/word-competence-27/ex-009/titre-n2.gif]
[www.clic-formation.net/images/02-word/word-competence-27/ex-009/ex-009-resultat.jpg]
[www.clic-formation.net/document-long/exercice-9.html]
[www.clic-formation.net/lier-votre-document/support-lier.html]
[www.clic-formation.net/images/02-word/word-competence-28/ex-001/ex-01.xlsx]
[www.clic-formation.net/component/search/indexc640.html]
[www.clic-formation.net/component/search/indexe566.html]
[www.clic-formation.net/images/02-word/word-competence-28/ex-001/ex-01-simple-clic.jpg]
[www.clic-formation.net/images/02-word/word-competence-28/ex-001/ex-01-double-clic.jpg]
[www.clic-formation.net/lier-votre-document/exercice-1.html]
[www.clic-formation.net/component/search/index602c.html]
[www.clic-formation.net/images/02-word/word-competence-28/ex-002/exo-02.jpg]
[www.clic-formation.net/lier-votre-document/exercice-2.html]
[www.clic-formation.net/component/search/index0faa.html]
[www.clic-formation.net/images/02-word/word-competence-28/ex-003/ex-003.webp]
[www.clic-formation.net/lier-votre-document/exercice-3.html]
[www.clic-formation.net/images/02-word/word-competence-28/ex-004/ex-004.docx]
[www.clic-formation.net/images/02-word/word-competence-28/ex-004/ex-004-solution-1.webp]
[www.clic-formation.net/component/search/index87db.html]
[www.clic-formation.net/images/02-word/word-competence-28/ex-004/ex-004-solution-2.webp]
[www.clic-formation.net/images/02-word/word-competence-28/ex-004/ex-004-excel.webp]
[www.clic-formation.net/lier-votre-document/exercice-4.html]
[www.clic-formation.net/component/search/indexfbb2.html]
[www.clic-formation.net/lier-votre-document/exercice-5.html]
[www.clic-formation.net/component/search/indexbb6b.html]
[www.clic-formation.net/images/02-word/word-competence-28/ex-006/ex-005-solution.jpg]
[www.clic-formation.net/lier-votre-document/exercice-6.html]
[www.clic-formation.net/images/02-word/word-competence-29/support/ex-29-support-01.jpg]
[www.clic-formation.net/component/search/indexfa8c.html]
[www.clic-formation.net/images/02-word/word-competence-29/support/ex-29-support-02.jpg]
[www.clic-formation.net/images/02-word/word-competence-29/support/ex-29-support-03.jpg]
[www.clic-formation.net/champs-et-formulaire/support.html]
[www.clic-formation.net/images/02-word/word-competence-29/ex-001/ex-001.docx]
[www.clic-formation.net/images/02-word/word-competence-29/ex-001/ex-001.webp]
[www.clic-formation.net/component/search/index089a.html]
[www.clic-formation.net/categories-telechargement/41-word/ex-001-solutionf861.docx]
[www.clic-formation.net/champs-et-formulaire/exercice-1.html]
[www.clic-formation.net/images/02-word/word-competence-29/ex-002/ex-002.docx]
[www.clic-formation.net/images/02-word/word-competence-29/ex-002/ex-002.webp]
[www.clic-formation.net/component/search/index6332.html]
[www.clic-formation.net/categories-telechargement/41-word/ex-002-solutione55b.docx]
[www.clic-formation.net/champs-et-formulaire/exercice-2.html]
[www.clic-formation.net/images/02-word/word-competence-29/ex-003/ex-003.docx]
[www.clic-formation.net/images/02-word/word-competence-29/ex-003/sommet.webp]
[www.clic-formation.net/component/search/index0354.html]
[www.clic-formation.net/images/02-word/word-competence-29/ex-003/ex-003-solution.webp]
[www.clic-formation.net/categories-telechargement/41-word/ex-003-solution61e8.docx]
[www.clic-formation.net/champs-et-formulaire/exercice-3.html]
[www.clic-formation.net/component/search/indexa245.html]
[www.clic-formation.net/images/02-word/word-competence-31/ex-001/ex-001.jpg]
[www.clic-formation.net/31-trucs/exercice-1-convertir-des-majuscules-en-minuscules.html]
[www.clic-formation.net/31-trucs/exercice-1-convertir-du-texte-en-tableau.html]
[www.clic-formation.net/exercices-niveau-1dcab.feed]
[www.clic-formation.net/exercices-niveau-1b550.feed]
[www.clic-formation.net/images/02-word/bibliotheque/niveau-1/animaux/animaux.gif]
[www.clic-formation.net/images/02-word/bibliotheque/niveau-1/cb-nettoyage/resultat-cb-nettoyage.gif]
[www.clic-formation.net/images/02-word/bibliotheque/niveau-1/credit-carte/credit-carte-ex.jpg]
[www.clic-formation.net/component/search/index3621.html]
[www.clic-formation.net/images/02-word/bibliotheque/niveau-1/documentation/resultat-documentation.jpg]
[www.clic-formation.net/images/02-word/bibliotheque/niveau-1/internet/resultat-internet.gif]
[www.clic-formation.net/images/02-word/bibliotheque/niveau-1/jacques-fox/reusltat-jacques-fox.jpg]
[www.clic-formation.net/images/02-word/bibliotheque/niveau-1/lycee/lycee-resultat.jpg]
[www.clic-formation.net/images/02-word/bibliotheque/niveau-1/micro-sud/micro-sud-ex.jpg]
[www.clic-formation.net/images/02-word/bibliotheque/niveau-1/mont-blanc/mont-blanc-solution.gif]
[www.clic-formation.net/images/02-word/bibliotheque/niveau-1/multipro/multipro-solution.webp]
[www.clic-formation.net/images/02-word/bibliotheque/niveau-1/pepiniere-bussiere/resultat_bessieres.gif]
[www.clic-formation.net/images/02-word/bibliotheque/niveau-1/tortilla/resultat-tortilla.gif]
[www.clic-formation.net/exercices-niveau-1.html]
[www.clic-formation.net/images/02-word/bibliotheque/niveau-1/animaux/animaux.docx]
[www.clic-formation.net/images/02-word/bibliotheque/niveau-1/animaux/images-animaux.zip]
[www.clic-formation.net/component/search/indexa8fa.html]
[www.clic-formation.net/categories-telechargement/41-word/animaux-resultatb10f.docx]
[www.clic-formation.net/exercices-niveau-1/animaux.html]
[www.clic-formation.net/images/02-word/bibliotheque/niveau-1/cb-nettoyage/cb-nettoyage.docx]
[www.clic-formation.net/component/search/indexc77d.html]
[www.clic-formation.net/categories-telechargement/41-word/cb-nettoyage12e2.docx]
[www.clic-formation.net/exercices-niveau-1/cb-nettoyage.html]
[www.clic-formation.net/images/02-word/bibliotheque/niveau-1/credit-carte/credit-carte-ex.docx]
[www.clic-formation.net/component/search/index3f3c.html]
[www.clic-formation.net/categories-telechargement/41-word/credit-carte-solutionb634.docx]
[www.clic-formation.net/exercices-niveau-1/credit-carte.html]
[www.clic-formation.net/images/02-word/bibliotheque/niveau-1/documentation/documentation.docx]
[www.clic-formation.net/component/search/indexc46e.html]
[www.clic-formation.net/categories-telechargement/41-word/documentation-solution01fe.docx]
[www.clic-formation.net/exercices-niveau-1/documentation.html]
[www.clic-formation.net/images/02-word/bibliotheque/niveau-1/internet/internet.docx]
[www.clic-formation.net/component/search/index2763.html]
[www.clic-formation.net/categories-telechargement/41-word/internet-solution677b.docx]
[www.clic-formation.net/exercices-niveau-1/internet.html]
[www.clic-formation.net/images/02-word/bibliotheque/niveau-1/jacques-fox/jacques-fox.docx]
[www.clic-formation.net/component/search/indexac39.html]
[www.clic-formation.net/categories-telechargement/41-word/jacques-fox-solution3044.docx]
[www.clic-formation.net/exercices-niveau-1/jacques-fox.html]
[www.clic-formation.net/images/02-word/bibliotheque/niveau-1/lycee/lycee-ex.docx]
[www.clic-formation.net/images/02-word/bibliotheque/niveau-1/lycee/lycee-logo.zip]
[www.clic-formation.net/component/search/indexbce1.html]
[www.clic-formation.net/categories-telechargement/41-word/lycee-solutionea5c.docx]
[www.clic-formation.net/exercices-niveau-1/lycee.html]
[www.clic-formation.net/images/02-word/bibliotheque/niveau-1/micro-sud/micro-sud-ex.docx]
[www.clic-formation.net/component/search/index9a95.html]
[www.clic-formation.net/images/02-word/bibliotheque/niveau-1/micro-sud/micro-sud-logo.zip]
[www.clic-formation.net/categories-telechargement/41-word/micro-sud-solutiond0e0.docx]
[www.clic-formation.net/exercices-niveau-1/micro-sud.html]
[www.clic-formation.net/images/02-word/bibliotheque/niveau-1/mont-blanc/mont-blanc.docx]
[www.clic-formation.net/exercices-niveau-1/mont-blanc.html]
[www.clic-formation.net/images/02-word/bibliotheque/niveau-1/multipro/multipro.docx]
[www.clic-formation.net/component/search/indexf959.html]
[www.clic-formation.net/component/search/indexf2dd.html]
[www.clic-formation.net/categories-telechargement/41-word/multipro-solution6ac4.docx]
[www.clic-formation.net/exercices-niveau-1/multipro.html]
[www.clic-formation.net/categories-telechargement/41-word/pepinieres-bussiere-resultat8a16.docx]
[www.clic-formation.net/exercices-niveau-1/pepiniere-bessiere.html]
[www.clic-formation.net/images/02-word/bibliotheque/niveau-1/tortilla/tortilla.docx]
[www.clic-formation.net/component/search/index1f3a.html]
[www.clic-formation.net/component/search/indexcf3e.html]
[www.clic-formation.net/categories-telechargement/41-word/tortilla-resultat395e.docx]
[www.clic-formation.net/exercices-niveau-1/tortilla.html]
[www.clic-formation.net/exercices-niveau-2dcab.feed]
[www.clic-formation.net/exercices-niveau-2b550.feed]
[www.clic-formation.net/images/02-word/bibliotheque/niveau-2/armenie/resultat-armenie.jpg]
[www.clic-formation.net/images/02-word/bibliotheque/niveau-2/inscription/resultat-inscription.gif]
[www.clic-formation.net/images/02-word/bibliotheque/niveau-2/carre/resultat-carre.gif]
[www.clic-formation.net/images/02-word/bibliotheque/niveau-2/eco-services/page-01.webp]
[www.clic-formation.net/component/search/index4880.html]
[www.clic-formation.net/images/02-word/bibliotheque/niveau-2/fenetres-hill/courrier-fenetres-hill.jpg]
[www.clic-formation.net/images/02-word/bibliotheque/niveau-2/joe-dalton/resultat-joe-dalton.gif]
[www.clic-formation.net/images/02-word/bibliotheque/niveau-2/menu/menu.webp]
[www.clic-formation.net/images/02-word/bibliotheque/niveau-2/nexxus/nexxus-ex.jpg]
[www.clic-formation.net/images/02-word/bibliotheque/niveau-2/stress/stress-resultat.webp]
[www.clic-formation.net/images/02-word/bibliotheque/niveau-2/cambre-ase/resultat-rando-cambre-page-01.jpg]
[www.clic-formation.net/images/02-word/bibliotheque/niveau-2/vacances-montagne/resultat-vacances-montagne-01.webp]
[www.clic-formation.net/images/02-word/bibliotheque/niveau-2/voyage/voyage-resultat.webp]
[www.clic-formation.net/images/02-word/bibliotheque/niveau-2/tableaux/resultat-tableau-references.jpg]
[www.clic-formation.net/exercices-niveau-2.html]
[www.clic-formation.net/images/02-word/bibliotheque/niveau-2/armenie/armenie.docx]
[www.clic-formation.net/images/02-word/bibliotheque/niveau-2/armenie/image-voyage-en-armenie.jpg]
[www.clic-formation.net/component/search/indexf2e3.html]
[www.clic-formation.net/categories-telechargement/41-word/armenie-resultat0b3f.docx]
[www.clic-formation.net/exercices-niveau-2/armenie.html]
[www.clic-formation.net/images/02-word/bibliotheque/niveau-2/eco-services/Eco-services.docx]
[www.clic-formation.net/component/search/index1d2c.html]
[www.clic-formation.net/categories-telechargement/41-word/inscription-resultat7b6a.docx]
[www.clic-formation.net/exercices-niveau-2/bulletin-d-inscription.html]
[www.clic-formation.net/categories-telechargement/41-word/resultat-carre0260.docx]
[www.clic-formation.net/exercices-niveau-2/carre-de-couleur.html]
[www.clic-formation.net/component/search/index1257.html]
[www.clic-formation.net/component/search/index9b1c.html]
[www.clic-formation.net/images/02-word/bibliotheque/niveau-2/eco-services/images.zip]
[www.clic-formation.net/images/02-word/bibliotheque/niveau-2/eco-services/page-02.webp]
[www.clic-formation.net/categories-telechargement/41-word/Eco-services-solutionda9f.docx]
[www.clic-formation.net/exercices-niveau-2/eco-services.html]
[www.clic-formation.net/images/02-word/bibliotheque/niveau-2/fenetres-hill/fenetre-hill.docx]
[www.clic-formation.net/component/search/index77d0.html]
[www.clic-formation.net/images/02-word/bibliotheque/niveau-2/fenetres-hill/images-fenetres-hill.jpg]
[www.clic-formation.net/categories-telechargement/41-word/fenetre-hill4317.docx]
[www.clic-formation.net/exercices-niveau-2/fenetres-hill.html]
[www.clic-formation.net/images/02-word/bibliotheque/niveau-2/joe-dalton/joe-dalton.docx]
[www.clic-formation.net/images/02-word/bibliotheque/niveau-2/joe-dalton/image-jo-dalton.jpg]
[www.clic-formation.net/component/search/index4582.html]
[www.clic-formation.net/images/02-word/bibliotheque/niveau-liste.jpg]
[www.clic-formation.net/categories-telechargement/41-word/joe_dalton-resultatbca7.docx]
[www.clic-formation.net/exercices-niveau-2/joe-dalton.html]
[www.clic-formation.net/images/02-word/bibliotheque/niveau-2/menu/menu.docx]
[www.clic-formation.net/component/search/index889e.html]
[www.clic-formation.net/categories-telechargement/41-word/menu-resultat04f5.docx]
[www.clic-formation.net/exercices-niveau-2/menu-restaurant.html]
[www.clic-formation.net/images/02-word/bibliotheque/niveau-2/nexxus/nexxus-ex.docx]
[www.clic-formation.net/images/02-word/bibliotheque/niveau-2/nexxus/nexxus-logo.jpg]
[www.clic-formation.net/component/search/index4972.html]
[www.clic-formation.net/categories-telechargement/41-word/nexxus-solutionce60.docx]
[www.clic-formation.net/exercices-niveau-2/nexxus.html]
[www.clic-formation.net/images/02-word/bibliotheque/niveau-2/stress/stress.docx]
[www.clic-formation.net/component/search/index1bc3.html]
[www.clic-formation.net/categories-telechargement/41-word/stress-resultate627.docx]
[www.clic-formation.net/exercices-niveau-2/stress.html]
[www.clic-formation.net/images/02-word/bibliotheque/niveau-2/cambre-ase/cambre-ase.docx]
[www.clic-formation.net/images/02-word/bibliotheque/niveau-2/cambre-ase/images.zip]
[www.clic-formation.net/component/search/indexd283.html]
[www.clic-formation.net/images/02-word/bibliotheque/niveau-2/cambre-ase/resultat-rando-cambre-page-02.jpg]
[www.clic-formation.net/categories-telechargement/41-word/randonnees-sur-le-cambre-ase8771.docx]
[www.clic-formation.net/exercices-niveau-2/topo-randonnees.html]
[www.clic-formation.net/images/02-word/bibliotheque/niveau-2/vacances-montagne/vacances-montagne.docx]
[www.clic-formation.net/component/search/index05cc.html]
[www.clic-formation.net/images/02-word/bibliotheque/niveau-2/vacances-montagne/images-vacances-montagne.zip]
[www.clic-formation.net/images/02-word/bibliotheque/niveau-2/vacances-montagne/resultat-vacances-montagne-02.webp]
[www.clic-formation.net/images/02-word/bibliotheque/niveau-2/vacances-montagne/resultat-vacances-montagne-03.webp]
[www.clic-formation.net/categories-telechargement/41-word/resultat-vacances-montagne24f3.docx]
[www.clic-formation.net/exercices-niveau-2/vacances-a-la-montagne.html]
[www.clic-formation.net/images/02-word/bibliotheque/niveau-2/voyage/voyages.docx]
[www.clic-formation.net/images/02-word/bibliotheque/niveau-2/voyage/visuels.zip]
[www.clic-formation.net/component/search/indexe7a5.html]
[www.clic-formation.net/images/02-word/bibliotheque/niveau-2/voyage/voyages-resultat.pdf]
[www.clic-formation.net/categories-telechargement/41-word/voyages-resultate275.docx]
[www.clic-formation.net/exercices-niveau-2/voyages.html]
[www.clic-formation.net/images/02-word/bibliotheque/niveau-2/tableaux/tableau-reference.docx]
[www.clic-formation.net/exercices-niveau-2/tableaux.html]
[www.clic-formation.net/images/02-word/bibliotheque/niveau-2/tableaux/ex-012.webp]
[www.clic-formation.net/component/search/index1504.html]
[www.clic-formation.net/exercices-niveau-3dcab.feed]
[www.clic-formation.net/exercices-niveau-3b550.feed]
[www.clic-formation.net/images/02-word/bibliotheque/niveau-3/lacs-italiens/grandslacs.webp]
[www.clic-formation.net/images/02-word/bibliotheque/niveau-3/affichette-post-it/resultat-affichette-post-it.jpg]
[www.clic-formation.net/images/02-word/bibliotheque/niveau-3/affichette-vtt/affichette-vtt.webp]
[www.clic-formation.net/images/02-word/bibliotheque/niveau-3/artesi/resultat-artesi-2.jpg]
[www.clic-formation.net/component/search/indexf6b3.html]
[www.clic-formation.net/images/02-word/bibliotheque/niveau-3/agro/agro-resultat.webp]
[www.clic-formation.net/images/02-word/bibliotheque/niveau-3/association/resultat-association.gif]
[www.clic-formation.net/images/02-word/bibliotheque/niveau-3/caisse-a-roulette/caisse-a-roulette-01.jpg]
[www.clic-formation.net/images/02-word/bibliotheque/niveau-3/facebook/facebook-resultat.webp]
[www.clic-formation.net/images/02-word/bibliotheque/niveau-3/flyer-a5-mc-isolation/resultat.jpg]
[www.clic-formation.net/images/02-word/bibliotheque/niveau-3/flyer-ongles/exo-flyer-ongle.jpg]
[www.clic-formation.net/images/02-word/bibliotheque/niveau-3/joomla/resultat-joomla.jpg]
[www.clic-formation.net/images/02-word/bibliotheque/niveau-3/journal/resultat-journal-4-pages-01.jpg]
[www.clic-formation.net/images/02-word/bibliotheque/niveau-3/salon-international/page-2.gif]
[www.clic-formation.net/images/02-word/bibliotheque/niveau-3/tableau-planning/tableau-resultat.gif]
[www.clic-formation.net/exercices-niveau-3.html]
[www.clic-formation.net/images/02-word/bibliotheque/niveau-3/lacs-italiens/la-region-des-grands-lacs.docx]
[www.clic-formation.net/images/02-word/bibliotheque/niveau-3/lacs-italiens/image-lacs.zip]
[www.clic-formation.net/component/search/index7560.html]
[www.clic-formation.net/images/02-word/bibliotheque/niveau-3/lacs-italiens/la-region-des-grands-lacs-solution.pdf]
[www.clic-formation.net/categories-telechargement/41-word/la-region-des-grands-lacs-solution2fc2.docx]
[www.clic-formation.net/exercices-niveau-3/affichette-post-it-2.html]
[www.clic-formation.net/images/02-word/bibliotheque/niveau-3/affichette-post-it/affichette-post-it.docx]
[www.clic-formation.net/component/search/indexa3bc.html]
[www.clic-formation.net/categories-telechargement/41-word/affichette-post-it-resultat9f03.docx]
[www.clic-formation.net/exercices-niveau-3/affichette-post-it.html]
[www.clic-formation.net/images/02-word/bibliotheque/niveau-3/affichette-vtt/affiche-vtt.docx]
[www.clic-formation.net/images/02-word/bibliotheque/niveau-3/affichette-vtt/visuels-affichette-vtt.zip]
[www.clic-formation.net/component/search/index751d.html]
[www.clic-formation.net/categories-telechargement/41-word/affiche-vtt-resultata599.docx]
[www.clic-formation.net/exercices-niveau-3/affichette-vtt.html]
[www.clic-formation.net/images/02-word/bibliotheque/niveau-3/artesi/artesi.docx]
[www.clic-formation.net/images/02-word/bibliotheque/niveau-3/artesi/logo.gif]
[www.clic-formation.net/component/search/indexf4eb.html]
[www.clic-formation.net/categories-telechargement/41-word/resultat-artesie797.docx]
[www.clic-formation.net/exercices-niveau-3/artesi.html]
[www.clic-formation.net/images/02-word/bibliotheque/niveau-3/agro/agro.docx]
[www.clic-formation.net/images/02-word/bibliotheque/niveau-3/agro/agro-graphique.xlsx]
[www.clic-formation.net/component/search/index49ac.html]
[www.clic-formation.net/categories-telechargement/41-word/agro-resultat3774.docx]
[www.clic-formation.net/exercices-niveau-3/agro-alimentaire.html]
[www.clic-formation.net/images/02-word/bibliotheque/niveau-3/association/association.docx]
[www.clic-formation.net/exercices-niveau-3/association.html]
[www.clic-formation.net/component/search/index2783.html]
[www.clic-formation.net/images/02-word/bibliotheque/niveau-3/facebook/facebook.docx]
[www.clic-formation.net/images/02-word/bibliotheque/niveau-3/facebook/visuels.zip]
[www.clic-formation.net/component/search/index6682.html]
[www.clic-formation.net/categories-telechargement/41-word/facebook-solution10e9.docx]
[www.clic-formation.net/exercices-niveau-3/campagne-facebook.html]
[www.clic-formation.net/images/02-word/bibliotheque/niveau-3/caisse-a-roulette/caisse-a-roulette.docx]
[www.clic-formation.net/images/02-word/bibliotheque/niveau-3/caisse-a-roulette/images-caisse-a-roulette.zip]
[www.clic-formation.net/component/search/index80ba.html]
[www.clic-formation.net/images/02-word/bibliotheque/niveau-3/caisse-a-roulette/caisse-a-roulette-02.jpg]
[www.clic-formation.net/images/02-word/bibliotheque/niveau-3/caisse-a-roulette/caisse-a-roulette-03.jpg]
[www.clic-formation.net/exercices-niveau-3/caisse-a-roulette.html]
[www.clic-formation.net/images/02-word/bibliotheque/niveau-3/flyer-a5-mc-isolation/flyera5-mc-isolation.docx]
[www.clic-formation.net/images/02-word/bibliotheque/niveau-3/flyer-a5-mc-isolation/visuels.zip]
[www.clic-formation.net/component/search/indexc9e5.html]
[www.clic-formation.net/categories-telechargement/41-word/flyer-a5-mc-isolation-resultat0897.docx]
[www.clic-formation.net/exercices-niveau-3/flyer-a5-a4.html]
[www.clic-formation.net/images/02-word/bibliotheque/niveau-3/flyer-ongles/flyer-ongle.docx]
[www.clic-formation.net/component/search/indexff50.html]
[www.clic-formation.net/images/02-word/bibliotheque/niveau-3/flyer-ongles/flyer-ongles-visuels.zip]
[www.clic-formation.net/categories-telechargement/41-word/flyer-ongles-resultataaa8.docx]
[www.clic-formation.net/exercices-niveau-3/flyer-ongles.html]
[www.clic-formation.net/images/02-word/bibliotheque/niveau-3/joomla/joomla.docx]
[www.clic-formation.net/images/02-word/bibliotheque/niveau-3/joomla/images-joomla.zip]
[www.clic-formation.net/component/search/indexe6d1.html]
[www.clic-formation.net/categories-telechargement/41-word/joomla-resultat932c.docx]
[www.clic-formation.net/exercices-niveau-3/joomla.html]
[www.clic-formation.net/images/02-word/bibliotheque/niveau-3/journal/journal-4-pages.docx]
[www.clic-formation.net/component/search/index9b1d.html]
[www.clic-formation.net/images/02-word/bibliotheque/niveau-3/journal/images-journal.zip]
[www.clic-formation.net/images/02-word/bibliotheque/niveau-3/journal/resultat-journal-4-pages-02.jpg]
[www.clic-formation.net/images/02-word/bibliotheque/niveau-3/journal/resultat-journal-4-pages-03.jpg]
[www.clic-formation.net/images/02-word/bibliotheque/niveau-3/journal/resultat-journal-4-pages-04.jpg]
[www.clic-formation.net/exercices-niveau-3/journal-4-pages.html]
[www.clic-formation.net/images/02-word/bibliotheque/niveau-3/salon-international/salon-international.docx]
[www.clic-formation.net/component/search/indexbd31.html]
[www.clic-formation.net/images/02-word/bibliotheque/niveau-3/salon-international/visuels.zip]
[www.clic-formation.net/images/02-word/bibliotheque/niveau-3/salon-international/salon-international.pdf]
[www.clic-formation.net/images/02-word/bibliotheque/niveau-3/salon-international/page-1.gif]
[www.clic-formation.net/categories-telechargement/41-word/salon-international-resultate13f.docx]
[www.clic-formation.net/exercices-niveau-3/salon-international.html]
[www.clic-formation.net/images/02-word/bibliotheque/niveau-3/tableau-planning/tableau.docx]
[www.clic-formation.net/exercices-niveau-3/tableau-planning.html]
[www.clic-formation.net/component/search/index4ec0.html]
[www.clic-formation.net/exercices-niveau-4dcab.feed]
[www.clic-formation.net/exercices-niveau-4b550.feed]
[www.clic-formation.net/images/02-word/bibliotheque/niveau-4/etude-de-cas/resultet-etude-de-cas.jpg]
[www.clic-formation.net/images/02-word/bibliotheque/niveau-4/fiche-commune/resultat-01.gif]
[www.clic-formation.net/images/02-word/bibliotheque/niveau-4/gazette/gazette-tuto.jpg]
[www.clic-formation.net/exercices-niveau-4.html]
[www.clic-formation.net/component/search/indexe4e4.html]
[www.clic-formation.net/images/02-word/bibliotheque/niveau-4/etude-de-cas/etude-de-cas.docx]
[www.clic-formation.net/images/02-word/bibliotheque/niveau-4/etude-de-cas/images-etude-de-cas.zip]
[www.clic-formation.net/exercices-niveau-4/etude-de-cas.html]
[www.clic-formation.net/component/search/index7c45.html]
[www.clic-formation.net/images/02-word/bibliotheque/niveau-4/fiche-commune/images.zip]
[www.clic-formation.net/images/02-word/bibliotheque/niveau-4/fiche-commune/fiche-commune.pdf]
[www.clic-formation.net/component/search/indexce1c.html]
[www.clic-formation.net/images/02-word/bibliotheque/niveau-4/fiche-commune/resultat-02.gif]
[www.clic-formation.net/categories-telechargement/41-word/fiche-commune-resultatd601.docx]
[www.clic-formation.net/exercices-niveau-4/fiche-commune.html]
[www.clic-formation.net/images/02-word/bibliotheque/niveau-4/gazette/gazette-texte.docx]
[www.clic-formation.net/images/02-word/bibliotheque/niveau-4/gazette/gazette-visuels.zip]
[www.clic-formation.net/component/search/index67c4.html]
[www.clic-formation.net/categories-telechargement/41-word/gazette-resultate7e6.docx]
[www.clic-formation.net/exercices-niveau-4/gazette-du-caroux.html]
[www.clic-formation.net/component/search/indexcc30.html]
[www.clic-formation.net/quizz-generalites16f0.html]
[www.clic-formation.net/quizz-generalites5483.html]
[www.clic-formation.net/quizz-generalites51bd.html]
[www.clic-formation.net/quizz-generalites.html]
[www.clic-formation.net/images/07-power-point/ex-001/visuels.zip]
[www.clic-formation.net/component/search/indexdb28.html]
[www.clic-formation.net/images/07-power-point/ex-001/ex-001-solution.pdf]
[www.clic-formation.net/images/07-power-point/ex-001/solution/Diapositive1.jpg]
[www.clic-formation.net/images/07-power-point/ex-001/solution/Diapositive2.jpg]
[www.clic-formation.net/images/07-power-point/ex-001/solution/Diapositive3.jpg]
[www.clic-formation.net/images/07-power-point/ex-001/solution/Diapositive4.jpg]
[www.clic-formation.net/images/07-power-point/ex-001/solution/Diapositive5.jpg]
[www.clic-formation.net/categories-telechargement/ex-001-solutionad3f.pptx]
[www.clic-formation.net/exercice-ppt-1.html]
[www.clic-formation.net/images/07-power-point/ex-002/visuels.zip]
[www.clic-formation.net/images/07-power-point/ex-002/ex-002.pptx]
[www.clic-formation.net/component/search/indexbc66.html]
[www.clic-formation.net/images/stories/icone-pptx.png]
[www.clic-formation.net/images/07-power-point/ex-002/black01.png]
[www.clic-formation.net/images/07-power-point/ex-002/black02.png]
[www.clic-formation.net/images/07-power-point/ex-002/black03.png]
[www.clic-formation.net/images/07-power-point/ex-002/black04.png]
[www.clic-formation.net/images/07-power-point/ex-002/black05.png]
[www.clic-formation.net/images/07-power-point/ex-002/black06.png]
[www.clic-formation.net/images/07-power-point/ex-002/consigne.webp]
[www.clic-formation.net/images/07-power-point/ex-002/solution/01.jpg]
[www.clic-formation.net/images/07-power-point/ex-002/solution/02.jpg]
[www.clic-formation.net/images/07-power-point/ex-002/solution/03.jpg]
[www.clic-formation.net/images/07-power-point/ex-002/solution/04.jpg]
[www.clic-formation.net/images/07-power-point/ex-002/solution/05.jpg]
[www.clic-formation.net/images/07-power-point/ex-002/solution/06.jpg]
[www.clic-formation.net/images/07-power-point/ex-002/solution/07.jpg]
[www.clic-formation.net/images/07-power-point/ex-002/solution/08.jpg]
[www.clic-formation.net/images/07-power-point/ex-002/solution/09.jpg]
[www.clic-formation.net/images/07-power-point/ex-002/solution/10.jpg]
[www.clic-formation.net/categories-telechargement/ex-002-solution1cc6.pptx]
[www.clic-formation.net/exercice-ppt-2.html]
[www.clic-formation.net/images/07-power-point/ex-003/ex-003.pptx]
[www.clic-formation.net/component/search/indexe75b.html]
[www.clic-formation.net/images/07-power-point/ex-003/ex-003-diapo/Diapositive1.jpg]
[www.clic-formation.net/images/07-power-point/ex-003/ex-003-diapo/Diapositive2.jpg]
[www.clic-formation.net/images/07-power-point/ex-003/ex-003-diapo/Diapositive3.jpg]
[www.clic-formation.net/images/07-power-point/ex-003/ex-003-diapo/Diapositive4.jpg]
[www.clic-formation.net/images/07-power-point/ex-003/ex-003-diapo/Diapositive5.jpg]
[www.clic-formation.net/images/07-power-point/ex-003/ex-003-diapo/Diapositive6.jpg]
[www.clic-formation.net/images/07-power-point/ex-003/ex-003-diapo/Diapositive7.jpg]
[www.clic-formation.net/images/07-power-point/ex-003/ex-003-diapo/Diapositive8.jpg]
[www.clic-formation.net/images/07-power-point/ex-003/ex-003-diapo/Diapositive9.jpg]
[www.clic-formation.net/images/07-power-point/ex-003/ex-003-diapo/Diapositive10.jpg]
[www.clic-formation.net/categories-telechargement/ex-003-solutionbff5.pptx]
[www.clic-formation.net/exercice-ppt-3712a.html]
[www.clic-formation.net/exercice-ppt-3.html]
[www.clic-formation.net/images/07-power-point/ex-005/vue.webp]
[www.clic-formation.net/images/07-power-point/ex-005/medias.zip]
[www.clic-formation.net/component/search/indexbd1b.html]
[www.clic-formation.net/categories-telechargement/ex-005-solutionbe35.pptx]
[www.clic-formation.net/exercice-ppt-5712a.html]
[www.clic-formation.net/exercice-ppt-5.html]
[www.clic-formation.net/images/07-power-point/ex-006/avant.gif]
[www.clic-formation.net/images/07-power-point/ex-006/apres.gif]
[www.clic-formation.net/component/search/index4688.html]
[www.clic-formation.net/categories-telechargement/ex-006-solution45bd.pptx]
[www.clic-formation.net/exercice-ppt-6.html]
[www.clic-formation.net/images/07-power-point/ex-007/ex-007.pptx]
[www.clic-formation.net/images/07-power-point/ex-007/medias.zip]
[www.clic-formation.net/component/search/indexc269.html]
[www.clic-formation.net/images/07-power-point/ex-007/visuels/diapo-01.webp]
[www.clic-formation.net/images/07-power-point/ex-007/visuels/diapo-02.webp]
[www.clic-formation.net/images/07-power-point/ex-007/visuels/diapo-03.webp]
[www.clic-formation.net/images/07-power-point/ex-007/visuels/diapo-04.webp]
[www.clic-formation.net/images/07-power-point/ex-007/visuels/diapo-05.webp]
[www.clic-formation.net/images/07-power-point/ex-007/visuels/diapo-06.webp]
[www.clic-formation.net/categories-telechargement/ex-007-solutioncd8d.pptx]
[www.clic-formation.net/exercice-ppt-7.html]
[www.clic-formation.net/parcours-photo/02-parametrer-photofiltre.html]
[www.clic-formation.net/taille-de-l-image/support.html]
[www.clic-formation.net/images/05-images/competence-09/ex-001/ex-001-01.jpg]
[www.clic-formation.net/taille-de-l-image/exercice-1.html]
[www.clic-formation.net/taille-de-l-image/exercice-2.html]
[www.clic-formation.net/component/search/index5512.html]
[www.clic-formation.net/component/search/indexbfbc.html]
[www.clic-formation.net/component/search/indexb685.html]
[www.clic-formation.net/component/search/index7267.html]
[www.clic-formation.net/images/05-images/competence-09/ex-003/ex-003-resultat-01.jpg]
[www.clic-formation.net/component/search/index7828.html]
[www.clic-formation.net/images/05-images/competence-09/ex-003/ex-003-resultat-02.jpg]
[www.clic-formation.net/images/05-images/competence-09/ex-003/ex-003-resultat-03.jpg]
[www.clic-formation.net/images/05-images/competence-09/ex-003/ex-003-resultat-04.jpg]
[www.clic-formation.net/taille-de-l-image/exercice-3.html]
[www.clic-formation.net/images/05-images/competence-09/ex-004/ex-009-04.jpg]
[www.clic-formation.net/images/05-images/competence-09/ex-004/1000-200.jpg]
[www.clic-formation.net/component/search/index05a1.html]
[www.clic-formation.net/images/05-images/competence-09/ex-004/200-150.jpg]
[www.clic-formation.net/images/05-images/competence-09/ex-004/700-394.jpg]
[www.clic-formation.net/images/05-images/competence-09/ex-004/170-500.jpg]
[www.clic-formation.net/taille-de-l-image/exercice-4.html]
[www.clic-formation.net/images/c-11/11-format-web/P7180062.jpg]
[www.clic-formation.net/images/c-11/11-format-web/format_publicite_web.jpg]
[www.clic-formation.net/taille-de-l-image/11-format-web.html]
[www.clic-formation.net/images/05-images/competence-03/support/calques-01.jpg]
[www.clic-formation.net/component/search/index1c80.html]
[www.clic-formation.net/component/search/index93e7.html]
[www.clic-formation.net/images/05-images/competence-03/support/palette-01.jpg]
[www.clic-formation.net/images/05-images/competence-03/support/palette-02.jpg]
[www.clic-formation.net/03-les-outils-outils-photofiltre/support.html]
[www.clic-formation.net/images/05-images/competence-03/ex/ex-001.jpg]
[www.clic-formation.net/03-les-outils-outils-photofiltre/exercice-1-outils-photofiltre.html]
[www.clic-formation.net/images/05-images/competence-03/ex/ex-003.jpg]
[www.clic-formation.net/component/search/index4f11.html]
[www.clic-formation.net/component/search/index31b3.html]
[www.clic-formation.net/03-les-outils-outils-photofiltre/exercice-2-outils-photofiltrea62c.html]
[www.clic-formation.net/03-les-outils-outils-photofiltre/exercice-2-outils-photofiltre.html]
[www.clic-formation.net/images/c-11/logo.jpg]
[www.clic-formation.net/component/search/indexc128.html]
[www.clic-formation.net/images/c-11/04-barre-outil-symetrie.jpg]
[www.clic-formation.net/04-rotation-symetrie/support.html]
[www.clic-formation.net/images/c-11/04-a.jpg]
[www.clic-formation.net/component/search/index7350.html]
[www.clic-formation.net/images/c-11/04-a-resultat.jpg]
[www.clic-formation.net/04-rotation-symetrie/exercice-1-rotation-photofiltre.html]
[www.clic-formation.net/images/c-11/04-b.jpg]
[www.clic-formation.net/images/c-11/04-b-resultat.jpg]
[www.clic-formation.net/04-rotation-symetrie/exercice-2-rotation-photofiltre.html]
[www.clic-formation.net/component/search/index4fa3.html]
[www.clic-formation.net/images/c-11/04-c.jpg]
[www.clic-formation.net/component/search/index0c1d.html]
[www.clic-formation.net/images/c-11/04-c-resultat.jpg]
[www.clic-formation.net/04-rotation-symetrie/exercice-3-rotation-symetrie-photofiltre.html]
[www.clic-formation.net/images/05-images/competence-07/support/recadrage.jpg]
[www.clic-formation.net/images/05-images/competence-07/support/recadrage-01.jpg]
[www.clic-formation.net/recadrer-une-photo/suppoet.html]
[www.clic-formation.net/component/search/index5eba.html]
[www.clic-formation.net/images/c-11/05-a.jpg]
[www.clic-formation.net/images/c-11/05-a-resultat.jpg]
[www.clic-formation.net/recadrer-une-photo/exercice-1-recadrage-photofiltre.html]
[www.clic-formation.net/component/search/index23c1.html]
[www.clic-formation.net/images/c-11/05-b.jpg]
[www.clic-formation.net/images/c-11/05-b-resultat.jpg]
[www.clic-formation.net/recadrer-une-photo/exercice-2-recadrage-photofiltre.html]
[www.clic-formation.net/component/search/index4daf.html]
[www.clic-formation.net/images/c-11/05-c.jpg]
[www.clic-formation.net/component/search/indexf777.html]
[www.clic-formation.net/images/c-11/05-c-resultat.jpg]
[www.clic-formation.net/recadrer-une-photo/exercice-3-recadrage-photofiltre.html]
[www.clic-formation.net/images/c-11/05-d.jpg]
[www.clic-formation.net/images/c-11/05-d-resultat.jpg]
[www.clic-formation.net/recadrer-une-photo/exercice-4-recadrage-photofiltre.html]
[www.clic-formation.net/component/search/indexa302.html]
[www.clic-formation.net/images/c-11/05-recadrage/vache-du-caroux.jpg]
[www.clic-formation.net/images/c-11/05-recadrage/1000-200.jpg]
[www.clic-formation.net/component/search/index94c6.html]
[www.clic-formation.net/images/c-11/05-recadrage/200-150.jpg]
[www.clic-formation.net/images/c-11/05-recadrage/700-394.jpg]
[www.clic-formation.net/images/c-11/05-recadrage/170-500.jpg]
[www.clic-formation.net/images/c-11/05-recadrage/ovale.png]
[www.clic-formation.net/recadrer-une-photo/exercice-5.html]
[www.clic-formation.net/images/05-images/competence-07/exercices/ex-001/ex-07-support.jpg]
[www.clic-formation.net/component/search/index7af2.html]
[www.clic-formation.net/images/05-images/competence-07/exercices/ex-001/ex-07-support-r.jpg]
[www.clic-formation.net/recadrer-une-photo/exercice-6.html]
[www.clic-formation.net/images/05-images/competence-07/exercices/ex-002/ex-07-support-02.jpg]
[www.clic-formation.net/images/05-images/competence-07/exercices/ex-002/ex-07-support-02-r.jpg]
[www.clic-formation.net/recadrer-une-photo/exercice-7.html]
[www.clic-formation.net/component/search/index6440.html]
[www.clic-formation.net/images/05-images/competence-07/exercices/ex-003/ex-07-support-03.jpg]
[www.clic-formation.net/images/05-images/competence-07/exercices/ex-003/ex-07-support-03-r.jpg]
[www.clic-formation.net/recadrer-une-photo/exercice-8.html]
[www.clic-formation.net/component/search/index6155.html]
[www.clic-formation.net/images/05-images/competence-04/support/support-competence-04.jpg]
[www.clic-formation.net/outils-trait/support.html]
[www.clic-formation.net/component/search/index8e5a.html]
[www.clic-formation.net/images/05-images/competence-04/ex-001/ex-001.jpg]
[www.clic-formation.net/component/search/index6105.html]
[www.clic-formation.net/images/05-images/competence-04/ex-001/resultat.jpg]
[www.clic-formation.net/outils-trait/exercice-1.html]
[www.clic-formation.net/images/05-images/competence-04/ex-002/ex-002.jpg]
[www.clic-formation.net/outils-trait/exercice-2.html]
[www.clic-formation.net/component/search/indexba0f.html]
[www.clic-formation.net/images/05-images/competence-04/ex-003/ex-003.jpg]
[www.clic-formation.net/outils-trait/exercice-3.html]
[www.clic-formation.net/component/search/indexa2fe.html]
[www.clic-formation.net/images/05-images/competence-04/ex-005/ex-001-res.jpg]
[www.clic-formation.net/outils-trait/exercice-4.html]
[www.clic-formation.net/images/05-images/competence-05/support/support-competence-05.jpg]
[www.clic-formation.net/outil-remplissage/support-outil-remplissage-photofiltre.html]
[www.clic-formation.net/component/search/indexe5c0.html]
[www.clic-formation.net/images/05-images/competence-05/ex-001/ex-001.jpg]
[www.clic-formation.net/component/search/index8b2d.html]
[www.clic-formation.net/images/05-images/competence-05/ex-001/ex-001-palette.jpg]
[www.clic-formation.net/component/search/index422f.html]
[www.clic-formation.net/images/05-images/competence-05/ex-001/ex-001-resultat.jpg]
[www.clic-formation.net/outil-remplissage/exercice-1.html]
[www.clic-formation.net/images/05-images/competence-05/ex-002/ex-002.jpg]
[www.clic-formation.net/component/search/indexd507.html]
[www.clic-formation.net/images/05-images/competence-05/ex-002/ex-002-resultat.jpg]
[www.clic-formation.net/outil-remplissage/exercice-2.html]
[www.clic-formation.net/images/05-images/competence-05/ex-003/ex-003.jpg]
[www.clic-formation.net/images/05-images/competence-05/ex-003/ex-003-resultat.jpg]
[www.clic-formation.net/outil-remplissage/exercice-3.html]
[www.clic-formation.net/component/search/index7655.html]
[www.clic-formation.net/component/search/index170e.html]
[www.clic-formation.net/images/05-images/competence-04/ex-004/ex-004.jpg]
[www.clic-formation.net/images/05-images/competence-04/ex-004/resultat.jpg]
[www.clic-formation.net/outil-remplissage/exercice-4.html]
[www.clic-formation.net/images/05-images/competence-11/support/number_1.png]
[www.clic-formation.net/images/05-images/competence-11/support/number_2.png]
[www.clic-formation.net/component/search/indexdb3f.html]
[www.clic-formation.net/images/05-images/competence-11/support/number_3.png]
[www.clic-formation.net/images/05-images/competence-11/support/number_4.png]
[www.clic-formation.net/images/05-images/competence-11/support/10-texte-support-01.jpg]
[www.clic-formation.net/ajouter-un-texte-avec-photofiltre/support.html]
[www.clic-formation.net/images/05-images/competence-11/ex-001/09-a-original.jpg]
[www.clic-formation.net/images/05-images/competence-11/ex-001/09-a-resultat.jpg]
[www.clic-formation.net/component/search/indexaa36.html]
[www.clic-formation.net/images/05-images/competence-11/ex-001/09-b-resultat.jpg]
[www.clic-formation.net/ajouter-un-texte-avec-photofiltre/01-ajouter-un-texte.html]
[www.clic-formation.net/images/05-images/competence-11/ex-002/resultat-lettrage.jpg]
[www.clic-formation.net/ajouter-un-texte-avec-photofiltre/09-a-ajouter-un-texte.html]
[www.clic-formation.net/component/search/indexb316.html]
[www.clic-formation.net/images/05-images/competence-11/ex-003/plateau-caroux.jpg]
[www.clic-formation.net/component/search/index4805.html]
[www.clic-formation.net/images/05-images/competence-11/ex-003/lettrage-caroux.jpg]
[www.clic-formation.net/ajouter-un-texte-avec-photofiltre/exercice-3.html]
[www.clic-formation.net/component/search/indexfa16.html]
[www.clic-formation.net/images/05-images/competence-11/ex-004/ex-004-pierre-caroux.jpg]
[www.clic-formation.net/images/05-images/competence-11/ex-004/ex-004-resultat.jpg]
[www.clic-formation.net/ajouter-un-texte-avec-photofiltre/exercice-4.html]
[www.clic-formation.net/images/05-images/competence-06/support/support-selection-01.jpg]
[www.clic-formation.net/06-selection-geometrique/support.html]
[www.clic-formation.net/component/search/index8ee7.html]
[www.clic-formation.net/images/05-images/competence-06/ex-001/ex-001.jpg]
[www.clic-formation.net/images/05-images/competence-06/ex-001/ex-001-resultat-1.jpg]
[www.clic-formation.net/component/search/indexcd11.html]
[www.clic-formation.net/images/05-images/competence-06/ex-001/ex-001-resultat-2.jpg]
[www.clic-formation.net/images/05-images/competence-06/ex-001/ex-001-resultat-3.jpg]
[www.clic-formation.net/06-selection-geometrique/exercice-1-selection-geometrtique.html]
[www.clic-formation.net/images/05-images/competence-06/ex-002/ex-001.jpg]
[www.clic-formation.net/images/05-images/competence-06/ex-002/ex-002.jpg]
[www.clic-formation.net/component/search/index5db8.html]
[www.clic-formation.net/images/05-images/competence-06/ex-002/06-c.jpg]
[www.clic-formation.net/images/05-images/competence-06/ex-002/ex-001-resultat.png]
[www.clic-formation.net/images/05-images/competence-06/ex-002/ex-002-resultat.png]
[www.clic-formation.net/images/05-images/competence-06/ex-002/06-c-resultat.jpg]
[www.clic-formation.net/06-selection-geometrique/exercice-2-selection-geometrtique.html]
[www.clic-formation.net/images/05-images/competence-06/ex-002/ex-003-resultat.jpg]
[www.clic-formation.net/images/05-images/competence-06/ex-002/ex-004.jpg]
[www.clic-formation.net/component/search/index4227.html]
[www.clic-formation.net/images/05-images/competence-06/ex-002/ex-003.png]
[www.clic-formation.net/images/05-images/competence-06/ex-002/ex-004.png]
[www.clic-formation.net/06-selection-geometrique/exercice-3-selection-geometrique.html]
[www.clic-formation.net/07-baguette-magique/support-baguette-magique.html]
[www.clic-formation.net/component/search/index1fcb.html]
[www.clic-formation.net/images/05-images/competence-08/exercices/ex-007-01.jpg]
[www.clic-formation.net/component/search/indexdfe5.html]
[www.clic-formation.net/images/05-images/competence-08/exercices/ex-007-01-r.png]
[www.clic-formation.net/07-baguette-magique/exercice-1-baguette-magique.html]
[www.clic-formation.net/images/05-images/competence-08/exercices/ex-007-02.jpg]
[www.clic-formation.net/images/05-images/competence-08/exercices/ex-007-02-r.jpg]
[www.clic-formation.net/07-baguette-magique/exercice-2-baguette-magique.html]
[www.clic-formation.net/component/search/indexed3f.html]
[www.clic-formation.net/images/05-images/competence-08/exercices/ex-007-03.jpg]
[www.clic-formation.net/images/05-images/competence-08/exercices/ex-007-03-r.jpg]
[www.clic-formation.net/07-baguette-magique/exercice-3-baguette-magique.html]
[www.clic-formation.net/component/search/index4639.html]
[www.clic-formation.net/component/search/indexb648.html]
[www.clic-formation.net/images/05-images/competence-08/exercices/ex-007-04.jpg]
[www.clic-formation.net/07-baguette-magique/exercice-4-baguette-magique.html]
[www.clic-formation.net/images/05-images/competence-08/exercices/ex-007-04-r.jpg]
[www.clic-formation.net/images/05-images/competence-08/exercices/ex-007-05.jpg]
[www.clic-formation.net/images/05-images/competence-08/exercices/ex-007-05-r.jpg]
[www.clic-formation.net/07-baguette-magique/exercice-5-baguette-magique.html]
[www.clic-formation.net/tampon-de-clonage-photofiltre/support.html]
[www.clic-formation.net/component/search/index8a53.html]
[www.clic-formation.net/images/05-images/competence-10/ex-001/ex-01.jpg]
[www.clic-formation.net/component/search/indexda74.html]
[www.clic-formation.net/images/05-images/competence-10/ex-001/ex-01-resultat.jpg]
[www.clic-formation.net/tampon-de-clonage-photofiltre/01-exercice-tampon-de-clonage.html]
[www.clic-formation.net/component/search/index7ed8.html]
[www.clic-formation.net/images/05-images/competence-10/ex-002/ex-02.jpg]
[www.clic-formation.net/component/search/index5559.html]
[www.clic-formation.net/tampon-de-clonage-photofiltre/02-exercice-tampon-de-clonage.html]
[www.clic-formation.net/images/05-images/competence-10/ex-002/ex-02-resultat.jpg]
[www.clic-formation.net/images/05-images/competence-10/ex-003/ex-03.jpg]
[www.clic-formation.net/images/05-images/competence-10/ex-003/ex-03-resultat.jpg]
[www.clic-formation.net/tampon-de-clonage-photofiltre/03-exercice-tampon-de-clonage.html]
[www.clic-formation.net/component/search/index995e.html]
[www.clic-formation.net/images/05-images/competence-10/ex-004/ex-04.jpg]
[www.clic-formation.net/images/05-images/competence-10/ex-004/ex-04-resultat.jpg]
[www.clic-formation.net/tampon-de-clonage-photofiltre/04-exercice-tampon-de-clonage.html]
[www.clic-formation.net/component/search/index56e4.html]
[www.clic-formation.net/images/05-images/competence-10/ex-005/ex-05.jpg]
[www.clic-formation.net/images/05-images/competence-10/ex-005/ex-05-resultat.jpg]
[www.clic-formation.net/tampon-de-clonage-photofiltre/05-exercice-tampon-de-clonag.html]
[www.clic-formation.net/component/search/indexe9a4.html]
[www.clic-formation.net/images/05-images/competence-10/ex-006/ex-06.jpg]
[www.clic-formation.net/images/05-images/competence-10/ex-006/ex-06-resultat.jpg]
[www.clic-formation.net/tampon-de-clonage-photofiltre/06-exercice-tampon-de-clonage.html]
[www.clic-formation.net/images/05-images/competence-10/ex-007/ex-007.jpg]
[www.clic-formation.net/component/search/indexdf69.html]
[www.clic-formation.net/component/search/indexb45e.html]
[www.clic-formation.net/images/05-images/competence-10/ex-007/ex-007-resultat.jpg]
[www.clic-formation.net/tampon-de-clonage-photofiltre/07-exercice-tampon-de-clonage.html]
[www.clic-formation.net/images/05-images/competence-10/ex-008/ex-008.jpg]
[www.clic-formation.net/component/search/index57dc.html]
[www.clic-formation.net/images/05-images/competence-10/ex-008/ex-008-resultat.jpg]
[www.clic-formation.net/tampon-de-clonage-photofiltre/08-exercice-tampon-de-clonage.html]
[www.clic-formation.net/images/c-11/08-d-original.jpg]
[www.clic-formation.net/tampon-de-clonage-photofiltre/09-exercice-tampon-de-clonage.html]
[www.clic-formation.net/images/c-11/08-d-resultat.jpg]
[www.clic-formation.net/component/search/indexfc0e.html]
[www.clic-formation.net/images/05-images/competence-12/support/12-calque-simple.jpg]
[www.clic-formation.net/component/search/indexed90.html]
[www.clic-formation.net/images/site/picto/number_1.png]
[www.clic-formation.net/images/site/picto/number_2.png]
[www.clic-formation.net/images/site/picto/number_3.png]
[www.clic-formation.net/images/site/picto/number_4.png]
[www.clic-formation.net/images/site/picto/number_5.png]
[www.clic-formation.net/images/site/picto/number_6.png]
[www.clic-formation.net/images/site/picto/number_7.png]
[www.clic-formation.net/images/site/picto/number_8.png]
[www.clic-formation.net/images/site/picto/number_9.png]
[www.clic-formation.net/images/site/picto/number_10.png]
[www.clic-formation.net/images/site/picto/number_11.png]
[www.clic-formation.net/images/site/picto/number_12.png]
[www.clic-formation.net/calques-les-bases/support-manipulations-basiques-des-calques.html]
[www.clic-formation.net/images/05-images/competence-12/ex-001/ex-001-panneau.jpg]
[www.clic-formation.net/component/search/index1759.html]
[www.clic-formation.net/images/05-images/competence-12/ex-001/ex-001-neige.jpg]
[www.clic-formation.net/images/05-images/competence-12/ex-001/resultat.jpg]
[www.clic-formation.net/calques-les-bases/exercice-1.html]
[www.clic-formation.net/images/05-images/competence-12/ex-002/ex-002-cadre.jpg]
[www.clic-formation.net/images/05-images/competence-12/ex-002/ex-002-agde.jpg]
[www.clic-formation.net/component/search/indexf090.html]
[www.clic-formation.net/images/05-images/competence-12/ex-002/ex-002-conque.jpg]
[www.clic-formation.net/images/05-images/competence-12/ex-002/ex-002-resultat.jpg]
[www.clic-formation.net/calques-les-bases/exercice-2.html]
[www.clic-formation.net/images/05-images/competence-12/ex-003/ex-003-cadre.png]
[www.clic-formation.net/component/search/index14db.html]
[www.clic-formation.net/images/05-images/competence-12/ex-003/ex-003-guepard.jpg]
[www.clic-formation.net/images/05-images/competence-12/ex-003/ex-003-resultat-guepard.jpg]
[www.clic-formation.net/calques-les-bases/exercice-3.html]
[www.clic-formation.net/images/05-images/competence-12/ex-007/ardoise.jpg]
[www.clic-formation.net/calques-les-bases/exercice-4.html]
[www.clic-formation.net/images/05-images/competence-12/ex-007/resultat-ardoise.png]
[www.clic-formation.net/component/search/index2526.html]
[www.clic-formation.net/images/05-images/competence-03/ex/ex-004/ex-004.pfi]
[www.clic-formation.net/images/05-images/competence-03/ex/ex-004/ex-004-resultat.jpg]
[www.clic-formation.net/calques-les-bases/exercice-5.html]
[www.clic-formation.net/component/search/indexa35b.html]
[www.clic-formation.net/images/05-images/competence-03/ex/ex-002.jpg]
[www.clic-formation.net/calques-les-bases/exercice-6.html]
[www.clic-formation.net/component/search/indexdfa5.html]
[www.clic-formation.net/images/05-images/competence-12/ex-004/ex-004-illustations.zip]
[www.clic-formation.net/images/05-images/competence-12/ex-004/ex-004.jpg]
[www.clic-formation.net/images/05-images/competence-12/ex-004/ex-004-cadre-multi-photoss.jpg]
[www.clic-formation.net/calques-les-bases/exercice-7.html]
[www.clic-formation.net/component/search/index6bd5.html]
[www.clic-formation.net/images/05-images/competence-13/support/menu-calque-2.jpg]
[www.clic-formation.net/les-calques-avances/les-calques-avances.html]
[www.clic-formation.net/component/search/index032c.html]
[www.clic-formation.net/images/05-images/competence-13/ex-001/ex-001-transformation-base.pfi]
[www.clic-formation.net/images/05-images/competence-13/ex-001/ex-001-transformation-base.png]
[www.clic-formation.net/component/search/indexd9cf.html]
[www.clic-formation.net/images/05-images/competence-13/ex-001/001-distorsion.png]
[www.clic-formation.net/images/05-images/competence-13/ex-001/courbe.png]
[www.clic-formation.net/images/05-images/competence-13/ex-001/spirale.png]
[www.clic-formation.net/images/05-images/competence-13/ex-001/transformation-parametre.png]
[www.clic-formation.net/images/05-images/competence-13/ex-001/trapeze.png]
[www.clic-formation.net/les-calques-avances/exercice-1.html]
[www.clic-formation.net/component/search/indexf311.html]
[www.clic-formation.net/images/05-images/competence-13/ex-002/ex-002-chimpanze.jpg]
[www.clic-formation.net/images/05-images/competence-13/ex-002/ex-002-foret.jpg]
[www.clic-formation.net/images/05-images/competence-13/ex-002/ex-002-resultat-free-foret.jpg]
[www.clic-formation.net/images/05-images/competence-13/ex-002/ex-002-resultat.jpg]
[www.clic-formation.net/les-calques-avances/exercice-2.html]
[www.clic-formation.net/images/05-images/competence-13/ex-003/ex-003-foret.jpg]
[www.clic-formation.net/images/05-images/competence-13/ex-003/ex-003-gratte-ciel.jpg]
[www.clic-formation.net/component/search/indexfa5b.html]
[www.clic-formation.net/images/05-images/competence-13/ex-003/ex-003-resultat.png]
[www.clic-formation.net/les-calques-avances/exercice-3.html]
[www.clic-formation.net/images/05-images/competence-13/ex-004/guepard.jpg]
[www.clic-formation.net/component/search/indexe451.html]
[www.clic-formation.net/images/05-images/competence-13/ex-004/contour-dechire.png]
[www.clic-formation.net/images/05-images/competence-13/ex-004/contour-disperssion.png]
[www.clic-formation.net/images/05-images/competence-13/ex-004/contour-progressif.png]
[www.clic-formation.net/les-calques-avances/exercice-4.html]
[www.clic-formation.net/images/05-images/competence-13/ex-005/caroux.jpg]
[www.clic-formation.net/images/05-images/competence-13/ex-005/cascade.jpg]
[www.clic-formation.net/component/search/index3f38.html]
[www.clic-formation.net/images/05-images/competence-13/ex-005/minerve.jpg]
[www.clic-formation.net/images/05-images/competence-13/ex-005/modele.png]
[www.clic-formation.net/images/05-images/competence-13/ex-005/resultat.jpg]
[www.clic-formation.net/les-calques-avances/exercice-5.html]
[www.clic-formation.net/images/c-11/exercice-02/ciel-etoile.jpg]
[www.clic-formation.net/images/c-11/exercice-02/eglise.jpg]
[www.clic-formation.net/component/search/indexbf16.html]
[www.clic-formation.net/images/c-11/exercice-02/loup-garou.png]
[www.clic-formation.net/images/c-11/exercice-02/lune.png]
[www.clic-formation.net/images/c-11/exercice-02/nuage.png]
[www.clic-formation.net/les-calques-avances/exercice-6-montage-photo.html]
[www.clic-formation.net/images/c-11/exercice-02/resultat.jpg]
[www.clic-formation.net/images/c-11/05-recadrage/vache-drone.jpg]
[www.clic-formation.net/les-calques-avances/exercice-7-montage.html]
[www.clic-formation.net/component/search/indexb1ee.html]
[www.clic-formation.net/images/c-11/polaroid/polaroid-01.zip]
[www.clic-formation.net/component/search/index8016.html]
[www.clic-formation.net/images/c-11/polaroid/petit-polaroid-01.png]
[www.clic-formation.net/images/c-11/polaroid/polaroid-02.zip]
[www.clic-formation.net/images/c-11/polaroid/petit-polaroid-02.png]
[www.clic-formation.net/images/c-11/polaroid/polaroid-03.zip]
[www.clic-formation.net/images/c-11/polaroid/petit-polaroid-03.png]
[www.clic-formation.net/images/c-11/polaroid/polaroid-04.zip]
[www.clic-formation.net/images/c-11/polaroid/petit-polaroid-04.png]
[www.clic-formation.net/images/c-11/polaroid/calque-film-01.zip]
[www.clic-formation.net/images/c-11/polaroid/petit-calque-film-01.png]
[www.clic-formation.net/images/c-11/polaroid/calque-film-02.zip]
[www.clic-formation.net/images/c-11/polaroid/petit-calque-film-02.png]
[www.clic-formation.net/images/c-11/polaroid/calque-film-03.zip]
[www.clic-formation.net/images/c-11/polaroid/petit-calque-film-03.png]
[www.clic-formation.net/les-calques-avances/exercice-8-montage.html]
[www.clic-formation.net/indexcbe4.html]
[www.clic-formation.net/images/c-22-inskape/logo-inkscape.png]
[www.clic-formation.net/component/search/index058f.html]
[www.clic-formation.net/images/c-22-inskape/exo_inskape_01/cube.png]
[www.clic-formation.net/images/c-22-inskape/exo_inskape_01/inskape-01.png]
[www.clic-formation.net/exercice-1-inskape.html]
[www.clic-formation.net/images/c-22-inskape/exo_inskape_02/inskape-02.png]
[www.clic-formation.net/exercice-2-inskape.html]
[www.clic-formation.net/images/c-22-inskape/exo_inskape_03/ninja.png]
[www.clic-formation.net/component/search/indexb62b.html]
[www.clic-formation.net/images/c-22-inskape/exo_inskape_03/03-des-infos.jpg]
[www.clic-formation.net/component/search/index74fd.html]
[www.clic-formation.net/images/c-22-inskape/exo_inskape_03/03-editeur-degrade-182x300.jpg]
[www.clic-formation.net/exercice-3-inskape.html]
[www.clic-formation.net/images/c-22-inskape/exo_inskape_04/original-clone.zip]
[www.clic-formation.net/images/c-22-inskape/exo_inskape_04/original-clone.png]
[www.clic-formation.net/component/search/index36d4.html]
[www.clic-formation.net/images/c-22-inskape/exo_inskape_04/resultat-clone.png]
[www.clic-formation.net/images/c-22-inskape/exo_inskape_04/inskape-04.png]
[www.clic-formation.net/exercice-4-inskape.html]
[www.clic-formation.net/images/c-22-inskape/exo_inskape_05/inskape_05.png]
[www.clic-formation.net/images/c-22-inskape/exo_inskape_05/mont-blanc.png]
[www.clic-formation.net/component/search/indexecdf.html]
[www.clic-formation.net/images/c-22-inskape/exo_inskape_05/MontBlanc-4800x1300.jpg]
[www.clic-formation.net/exercice-5-inskape.html]
[www.clic-formation.net/images/c-22-inskape/exo_inskape_06/Calque_1.png]
[www.clic-formation.net/exercice-6-inskape.html]
[www.clic-formation.net/media/com_wrapper/js/iframe-height.minea31.js]
[www.clic-formation.net/logo-fuji.html]
[www.clic-formation.net/a-quoi-ca-sert/support-installer-powerbi.html]
[www.clic-formation.net/component/search/index959a.html]
[www.clic-formation.net/component/search/indexac89.html]
[www.clic-formation.net/component/search/indexcb8d.html]
[www.clic-formation.net/images/08-powerbi/importer/support-import/importer-donnees-powerbi-01.webp]
[www.clic-formation.net/images/08-powerbi/importer/support-import/importer-donnees-powerbi-02.webp]
[www.clic-formation.net/importer-des-donnees/support.html]
[www.clic-formation.net/component/search/index1a4e.html]
[www.clic-formation.net/images/08-powerbi/importer/ex-001/ex-001.webp]
[www.clic-formation.net/component/search/indexdd65.html]
[www.clic-formation.net/images/08-powerbi/importer/ex-001/01-affichage-du-rapport.gif]
[www.clic-formation.net/images/08-powerbi/importer/ex-001/02-affichage-table.gif]
[www.clic-formation.net/images/08-powerbi/importer/ex-001/03-affichage-vue-liaison.gif]
[www.clic-formation.net/images/08-powerbi/importer/ex-001/04-format-date.gif]
[www.clic-formation.net/images/08-powerbi/importer/ex-001/05-valeur.gif]
[www.clic-formation.net/images/08-powerbi/importer/ex-001/ex-001-support.webp]
[www.clic-formation.net/importer-des-donnees/exercice-tutore-01.html]
[www.clic-formation.net/images/08-powerbi/importer/ex-002/connexion-web-powerbi.webp]
[www.clic-formation.net/component/search/index3e33.html]
[www.clic-formation.net/images/08-powerbi/importer/ex-002/choix-table-importation-web-powerbi.webp]
[www.clic-formation.net/images/08-powerbi/importer/ex-002/resultat.gif]
[www.clic-formation.net/images/08-powerbi/importer/ex-002/resultat-attendu.gif]
[www.clic-formation.net/importer-des-donnees/exercice-tutore-2.html]
[www.clic-formation.net/images/08-powerbi/importer/ex-003/resultat-import-powerbi-01.gif]
[www.clic-formation.net/component/search/indexa4b2.html]
[www.clic-formation.net/images/08-powerbi/importer/ex-003/transformer-les-donneees.gif]
[www.clic-formation.net/images/08-powerbi/importer/ex-003/transformer-les-donneees-02.gif]
[www.clic-formation.net/images/08-powerbi/importer/ex-003/resultat-power-query.gif]
[www.clic-formation.net/images/08-powerbi/importer/ex-003/resultat-power-bi.gif]
[www.clic-formation.net/importer-des-donnees/exercice-tutore-3.html]
[www.clic-formation.net/images/08-powerbi/importer/ex-004/importer-des-donnees-ex-004.gif]
[www.clic-formation.net/component/search/indexbee0.html]
[www.clic-formation.net/images/08-powerbi/importer/ex-004/ex-004-solution.gif]
[www.clic-formation.net/importer-des-donnees/exercice-tutore-4.html]
[www.clic-formation.net/preparation-power-query/support.html]
[www.clic-formation.net/component/search/indexb95c.html]
[www.clic-formation.net/images/08-powerbi/importer/ex-005-pq/producteurs-de-terroir.xlsx]
[www.clic-formation.net/images/08-powerbi/importer/ex-005-pq/ex-005-resultat.webp]
[www.clic-formation.net/preparation-power-query/exercice-1.html]
[www.clic-formation.net/images/08-powerbi/icone/24-kpi.gif]
[www.clic-formation.net/component/search/index6623.html]
[www.clic-formation.net/component/search/index722f.html]
[www.clic-formation.net/images/08-powerbi/icone/17-nuage.gif]
[www.clic-formation.net/images/08-powerbi/icone/visualisation.gif]
[www.clic-formation.net/types-de-visualisations.html]
[www.clic-formation.net/images/08-powerbi/visualisation/01-histogramme-barre/001-barre-empilee/graphique-barre-empilee.gif]
[www.clic-formation.net/graphique-barres-empilees/support.html]
[www.clic-formation.net/component/search/index30dc.html]
[www.clic-formation.net/images/08-powerbi/visualisation/01-histogramme-barre/001-barre-empilee/ex-001-entreprise/entreprises.xlsx]
[www.clic-formation.net/images/08-powerbi/visualisation/01-histogramme-barre/001-barre-empilee/ex-001-entreprise/ex-001.webp]
[www.clic-formation.net/component/search/index4262.html]
[www.clic-formation.net/images/08-powerbi/visualisation/01-histogramme-barre/001-barre-empilee/ex-001-entreprise/exo-01-tuto.webp]
[www.clic-formation.net/graphique-barres-empilees/ex-001.html]
[www.clic-formation.net/images/08-powerbi/visualisation/01-histogramme-barre/001-barre-empilee/ex-002-course/course.xlsx]
[www.clic-formation.net/component/search/index2887.html]
[www.clic-formation.net/images/08-powerbi/visualisation/01-histogramme-barre/001-barre-empilee/ex-002-course/ex-002-brut.webp]
[www.clic-formation.net/images/08-powerbi/visualisation/01-histogramme-barre/001-barre-empilee/ex-002-course/ex-002-resultat.webp]
[www.clic-formation.net/graphique-barres-empilees/ex-002.html]
[www.clic-formation.net/images/08-powerbi/visualisation/01-histogramme-barre/002-histogramme-empile/histogramme-empilee.gif]
[www.clic-formation.net/histogramme-empile/support.html]
[www.clic-formation.net/component/search/index7de1.html]
[www.clic-formation.net/images/08-powerbi/visualisation/01-histogramme-barre/002-histogramme-empile/ex-001-entreprise/entreprises.xlsx]
[www.clic-formation.net/images/08-powerbi/visualisation/01-histogramme-barre/002-histogramme-empile/ex-001-entreprise/ex-001-brut.webp]
[www.clic-formation.net/component/search/index3b1a.html]
[www.clic-formation.net/images/08-powerbi/visualisation/01-histogramme-barre/002-histogramme-empile/ex-001-entreprise/ex-001-solution.webp]
[www.clic-formation.net/histogramme-empile/ex-001.html]
[www.clic-formation.net/images/08-powerbi/visualisation/01-histogramme-barre/002-histogramme-empile/ex-002-course/course.xlsx]
[www.clic-formation.net/images/08-powerbi/visualisation/01-histogramme-barre/002-histogramme-empile/ex-002-course/ex-002-brut.webp]
[www.clic-formation.net/component/search/index3910.html]
[www.clic-formation.net/images/08-powerbi/visualisation/01-histogramme-barre/002-histogramme-empile/ex-002-course/ex-002-solution.webp]
[www.clic-formation.net/histogramme-empile/ex-002.html]
[www.clic-formation.net/images/08-powerbi/visualisation/01-histogramme-barre/003-graphique-barre-groupee/graphique-barre-groupee.gif]
[www.clic-formation.net/graphique-a-barre-groupee/support.html]
[www.clic-formation.net/component/search/index76fe.html]
[www.clic-formation.net/images/08-powerbi/visualisation/01-histogramme-barre/003-graphique-barre-groupee/ex-001/prod-region-annuelle-enr.xlsx]
[www.clic-formation.net/images/08-powerbi/visualisation/01-histogramme-barre/003-graphique-barre-groupee/ex-001/ex-001-solution.webp]
[www.clic-formation.net/component/search/indexb24d.html]
[www.clic-formation.net/graphique-a-barre-groupee/ex-001.html]
[www.clic-formation.net/images/08-powerbi/visualisation/01-histogramme-barre/003-graphique-barre-groupee/ex-002/departement-region.xlsx]
[www.clic-formation.net/component/search/indexeea8.html]
[www.clic-formation.net/images/08-powerbi/visualisation/01-histogramme-barre/003-graphique-barre-groupee/ex-002/ex-002-solution-01.webp]
[www.clic-formation.net/images/08-powerbi/visualisation/01-histogramme-barre/003-graphique-barre-groupee/ex-002/ex-002-solution-02.webp]
[www.clic-formation.net/graphique-a-barre-groupee/ex-002.html]
[www.clic-formation.net/images/08-powerbi/visualisation/01-histogramme-barre/004-histogramme-groupe/histogramme-groupe.gif]
[www.clic-formation.net/histogramme-groupe/support.html]
[www.clic-formation.net/component/search/index953d.html]
[www.clic-formation.net/images/08-powerbi/visualisation/01-histogramme-barre/004-histogramme-groupe/ex-001/course.xlsx]
[www.clic-formation.net/images/08-powerbi/visualisation/01-histogramme-barre/004-histogramme-groupe/ex-001/ex-001-solution.webp]
[www.clic-formation.net/component/search/index1481.html]
[www.clic-formation.net/histogramme-groupe/ex-001.html]
[www.clic-formation.net/images/08-powerbi/visualisation/01-histogramme-barre/004-histogramme-groupe/ex-002/departement-region.xlsx]
[www.clic-formation.net/component/search/index4c5a.html]
[www.clic-formation.net/images/08-powerbi/visualisation/01-histogramme-barre/004-histogramme-groupe/ex-002/france.webp]
[www.clic-formation.net/images/08-powerbi/visualisation/01-histogramme-barre/004-histogramme-groupe/ex-002/ex-001-can-arr-brut.webp]
[www.clic-formation.net/images/08-powerbi/visualisation/01-histogramme-barre/004-histogramme-groupe/ex-002/ex-002-can-com-brut.webp]
[www.clic-formation.net/images/08-powerbi/visualisation/01-histogramme-barre/004-histogramme-groupe/ex-002/ex-001-can-arr-resultat.webp]
[www.clic-formation.net/images/08-powerbi/visualisation/01-histogramme-barre/004-histogramme-groupe/ex-002/ex-002-can-com-resultat.webp]
[www.clic-formation.net/histogramme-groupe/ex-002.html]
[www.clic-formation.net/images/08-powerbi/visualisation/01-histogramme-barre/005-graphique-barre-empile-100/graphique-barre-empilee-100.gif]
[www.clic-formation.net/graphique-a-barres-100/support.html]
[www.clic-formation.net/component/search/index9baa.html]
[www.clic-formation.net/images/08-powerbi/visualisation/01-histogramme-barre/005-graphique-barre-empile-100/ex-001/powerbi-course.xlsx]
[www.clic-formation.net/component/search/indexc5a3.html]
[www.clic-formation.net/images/08-powerbi/visualisation/01-histogramme-barre/005-graphique-barre-empile-100/ex-001/ex-001-graphique-empile-100.webp]
[www.clic-formation.net/graphique-a-barres-100/exercice-1.html]
[www.clic-formation.net/images/08-powerbi/visualisation/01-histogramme-barre/005-graphique-barre-empile-100/ex-002/entreprises.xlsx]
[www.clic-formation.net/component/search/indexd55e.html]
[www.clic-formation.net/images/08-powerbi/visualisation/01-histogramme-barre/005-graphique-barre-empile-100/ex-002/ex-003-solution.webp]
[www.clic-formation.net/graphique-a-barres-100/exercice-2.html]
[www.clic-formation.net/images/08-powerbi/visualisation/01-histogramme-barre/006-histogramme-empile-100/histogramme-empile-100.gif]
[www.clic-formation.net/histogramme-100/support.html]
[www.clic-formation.net/component/search/index749f.html]
[www.clic-formation.net/images/08-powerbi/visualisation/01-histogramme-barre/006-histogramme-empile-100/ex-001/ex-001-histo-100.webp]
[www.clic-formation.net/component/search/indexd96c.html]
[www.clic-formation.net/histogramme-100/exercice-1.html]
[www.clic-formation.net/images/08-powerbi/visualisation/02-courbes/007-graphique-courbe/graphique-en-courbe.gif]
[www.clic-formation.net/graphique-en-courbe/support-graphique-en-courbe.html]
[www.clic-formation.net/component/search/indexebb4.html]
[www.clic-formation.net/images/08-powerbi/visualisation/02-courbes/007-graphique-courbe/ex-001/les-arbres-plantes.xlsx]
[www.clic-formation.net/component/search/indexb519.html]
[www.clic-formation.net/images/08-powerbi/visualisation/02-courbes/007-graphique-courbe/ex-001/ex-001-brut.webp]
[www.clic-formation.net/images/08-powerbi/visualisation/02-courbes/007-graphique-courbe/ex-001/ex-001-resultat1.webp]
[www.clic-formation.net/images/08-powerbi/visualisation/02-courbes/007-graphique-courbe/ex-001/truc-en-plus-marqueur.gif]
[www.clic-formation.net/images/08-powerbi/visualisation/02-courbes/007-graphique-courbe/ex-001/ex-001-resultat2.webp]
[www.clic-formation.net/graphique-en-courbe/ex-001-graphique-en-courbe.html]
[www.clic-formation.net/images/08-powerbi/visualisation/03-autres-vues/016-graphique-secteur/graphique-en-secteurs.gif]
[www.clic-formation.net/graphique-en-secteur/support-graphique-en-secteur.html]
[www.clic-formation.net/component/search/index3b7f.html]
[www.clic-formation.net/images/08-powerbi/visualisation/03-autres-vues/016-graphique-secteur/ex-001/course.xlsx]
[www.clic-formation.net/images/08-powerbi/visualisation/03-autres-vues/016-graphique-secteur/ex-001/brut.webp]
[www.clic-formation.net/component/search/index4b40.html]
[www.clic-formation.net/images/08-powerbi/visualisation/03-autres-vues/016-graphique-secteur/ex-001/ex-001.webp]
[www.clic-formation.net/graphique-en-secteur/exercice-1.html]
[www.clic-formation.net/images/08-powerbi/visualisation/03-autres-vues/018-tree-map/tree-map.gif]
[www.clic-formation.net/tree-map/support-tree-map.html]
[www.clic-formation.net/images/08-powerbi/visualisation/03-autres-vues/018-tree-map/ex-001/brut.webp]
[www.clic-formation.net/component/search/index9da9.html]
[www.clic-formation.net/images/08-powerbi/visualisation/03-autres-vues/018-tree-map/ex-001/ex-001-resultat.webp]
[www.clic-formation.net/component/search/index24f4.html]
[www.clic-formation.net/tree-map/exercice-1.html]
[www.clic-formation.net/images/08-powerbi/visualisation/04-carte/019-carte/carte-geo.gif]
[www.clic-formation.net/cartes/support.html]
[www.clic-formation.net/component/search/indexbc79.html]
[www.clic-formation.net/images/08-powerbi/visualisation/04-carte/019-carte/ex-001/chiffre-population-europe.xlsx]
[www.clic-formation.net/component/search/index6217.html]
[www.clic-formation.net/images/08-powerbi/visualisation/04-carte/019-carte/ex-001/ex-001-brut.webp]
[www.clic-formation.net/images/08-powerbi/visualisation/04-carte/019-carte/ex-001/ex-001-resultat.webp]
[www.clic-formation.net/cartes/ex-001.html]
[www.clic-formation.net/images/08-powerbi/visualisation/04-carte/019-carte/ex-002/patrimoine-culturel.zip]
[www.clic-formation.net/images/08-powerbi/visualisation/04-carte/019-carte/ex-002/ex-002.webp]
[www.clic-formation.net/component/search/indexce5f.html]
[www.clic-formation.net/cartes/ex-002.html]
[www.clic-formation.net/images/08-powerbi/visualisation/04-carte/019-carte/ex-003/chiffres-entreprises.xlsx]
[www.clic-formation.net/images/08-powerbi/visualisation/04-carte/019-carte/ex-003/ex-003-solution.webp]
[www.clic-formation.net/component/search/index62a1-2.html]
[www.clic-formation.net/cartes/ex-003-carte.html]
[www.clic-formation.net/images/08-powerbi/visualisation/05-cartes-vues-chiffrees/022-carte/carte.gif]
[www.clic-formation.net/carte-chiffree/support.html]
[www.clic-formation.net/component/search/index7aaf.html]
[www.clic-formation.net/images/08-powerbi/visualisation/05-cartes-vues-chiffrees/022-carte/ex-001/departement-region.xlsx]
[www.clic-formation.net/component/search/index2b22.html]
[www.clic-formation.net/images/08-powerbi/visualisation/05-cartes-vues-chiffrees/022-carte/ex-001/brut.gif]
[www.clic-formation.net/images/08-powerbi/visualisation/05-cartes-vues-chiffrees/022-carte/ex-001/resultat.gif]
[www.clic-formation.net/images/08-powerbi/visualisation/05-cartes-vues-chiffrees/022-carte/ex-001/petit-plus.gif]
[www.clic-formation.net/carte-chiffree/exercice-1.html]
[www.clic-formation.net/images/08-powerbi/visualisation/05-cartes-vues-chiffrees/022-carte/ex-002/vente-usa.xlsx]
[www.clic-formation.net/component/search/index0ffd.html]
[www.clic-formation.net/images/08-powerbi/visualisation/05-cartes-vues-chiffrees/022-carte/ex-002/ex-002-brut.webp]
[www.clic-formation.net/images/08-powerbi/visualisation/05-cartes-vues-chiffrees/022-carte/ex-002/ex-002-resultat.webp]
[www.clic-formation.net/images/08-powerbi/visualisation/05-cartes-vues-chiffrees/022-carte/ex-002/petit-plus.gif]
[www.clic-formation.net/carte-chiffree/exercice-2.html]
[www.clic-formation.net/segment/support.html]
[www.clic-formation.net/component/search/indexdd09.html]
[www.clic-formation.net/images/08-powerbi/visualisation/06-segment-matrice/025-segment/ex-001/departement-region.xlsx]
[www.clic-formation.net/images/08-powerbi/visualisation/06-segment-matrice/025-segment/ex-001/ex-001-brut.webp]
[www.clic-formation.net/component/search/index8a36.html]
[www.clic-formation.net/images/08-powerbi/visualisation/06-segment-matrice/025-segment/ex-001/ex-001-resulttat.webp]
[www.clic-formation.net/categories-telechargement/54-power-bi/67-025-segment.html]
[www.clic-formation.net/segment/exercice-1.html]
[www.clic-formation.net/images/08-powerbi/visualisation/06-segment-matrice/026-matrice/matrice.gif]
[www.clic-formation.net/matrice/support.html]
[www.clic-formation.net/component/search/index8747.html]
[www.clic-formation.net/images/08-powerbi/visualisation/06-segment-matrice/026-matrice/ex-001/monde.xlsx]
[www.clic-formation.net/images/08-powerbi/visualisation/06-segment-matrice/026-matrice/ex-001/monde.webp]
[www.clic-formation.net/images/08-powerbi/visualisation/06-segment-matrice/026-matrice/ex-001/brut.webp]
[www.clic-formation.net/component/search/index3e75.html]
[www.clic-formation.net/images/08-powerbi/visualisation/06-segment-matrice/026-matrice/ex-001/ex-001-resultat.webp]
[www.clic-formation.net/matrice/exercice-1.html]
[www.clic-formation.net/images/08-powerbi/visualisation/06-segment-matrice/026-matrice/ex-002/region-departement-matrice.xlsx]
[www.clic-formation.net/component/search/index1321.html]
[www.clic-formation.net/images/08-powerbi/visualisation/06-segment-matrice/026-matrice/ex-002/ex-002-brut.webp]
[www.clic-formation.net/images/08-powerbi/visualisation/06-segment-matrice/026-matrice/ex-002/ex-002-resultat-1.webp]
[www.clic-formation.net/images/08-powerbi/visualisation/06-segment-matrice/026-matrice/ex-002/ex-002-resultat-2.webp]
[www.clic-formation.net/matrice/exercice-2.html]
[www.clic-formation.net/modeliser.html]
[www.clic-formation.net/component/search/indexc3f2.html]
[www.clic-formation.net/images/08-powerbi/liaison/exercice-001/liaison.zip]
[www.clic-formation.net/images/08-powerbi/liaison/exercice-001/liaison-power-bi-tuto-02.webp]
[www.clic-formation.net/component/search/index4c20.html]
[www.clic-formation.net/images/08-powerbi/liaison/exercice-001/liaison-power-bi-tuto-01.webp]
[www.clic-formation.net/images/08-powerbi/liaison/exercice-001/resultat-liaison-powerbi.webp]
[www.clic-formation.net/liaisons-power-bi-2/exercice-1.html]
[www.clic-formation.net/images/08-powerbi/modeliser/exercice-007-sum/Sample_Europe_Windfarms.xlsx]
[www.clic-formation.net/component/search/index22ff.html]
[www.clic-formation.net/images/08-powerbi/modeliser/exercice-007-sum/ex-007.webp]
[www.clic-formation.net/calcul-power-bi/exercice-7-sum.html]
[www.clic-formation.net/images/08-powerbi/modeliser/exercice-001/liste-des-gares-count.xlsx]
[www.clic-formation.net/images/08-powerbi/modeliser/exercice-001/gare-count-tuto.webp]
[www.clic-formation.net/component/search/index0695.html]
[www.clic-formation.net/images/08-powerbi/modeliser/exercice-001/gare-count-resultat-01.webp]
[www.clic-formation.net/images/08-powerbi/modeliser/exercice-001/gare-count-resultat-02.webp]
[www.clic-formation.net/calcul-power-bi/exercice-1-count.html]
[www.clic-formation.net/images/08-powerbi/modeliser/exercice-006-divide/ex-006-divide.webp]
[www.clic-formation.net/calcul-power-bi/exercice-1-divde.html]
[www.clic-formation.net/component/search/index54b0.html]
[www.clic-formation.net/images/08-powerbi/modeliser/exercice-002/liste-des-gares.xlsx]
[www.clic-formation.net/images/08-powerbi/modeliser/exercice-002/ex-002-vue-table.webp]
[www.clic-formation.net/component/search/index1148.html]
[www.clic-formation.net/images/08-powerbi/modeliser/exercice-002/ex-002-resultat.webp]
[www.clic-formation.net/calcul-power-bi/exercice-1-if.html]
[www.clic-formation.net/images/08-powerbi/modeliser/exercice-003/ex-003-commerces-sumx.xlsx]
[www.clic-formation.net/images/08-powerbi/modeliser/exercice-003/ex-003.webp]
[www.clic-formation.net/component/search/index9ca8.html]
[www.clic-formation.net/images/08-powerbi/modeliser/exercice-003/ex-003-sumx-tuto.webp]
[www.clic-formation.net/images/08-powerbi/modeliser/exercice-003/ex-003-solution-01.webp]
[www.clic-formation.net/images/08-powerbi/modeliser/exercice-003/ex-003-solution-02.webp]
[www.clic-formation.net/calcul-power-bi/exercice-3-sumx.html]
[www.clic-formation.net/images/08-powerbi/modeliser/exercice-004/population.xlsx]
[www.clic-formation.net/images/08-powerbi/modeliser/exercice-004/ex-004-solution-00.webp]
[www.clic-formation.net/component/search/index8d22.html]
[www.clic-formation.net/images/08-powerbi/modeliser/exercice-004/ex-004-solution-01.webp]
[www.clic-formation.net/images/08-powerbi/modeliser/exercice-004/ex-004-solution-02.webp]
[www.clic-formation.net/images/08-powerbi/modeliser/exercice-004/ex-004-solution-03.webp]
[www.clic-formation.net/calcul-power-bi/exercice-4-average.html]
[www.clic-formation.net/images/08-powerbi/modeliser/exercice-005/liste-des-gares.xlsx]
[www.clic-formation.net/images/08-powerbi/modeliser/exercice-005/ex-005-resultat.webp]
[www.clic-formation.net/component/search/index9533.html]
[www.clic-formation.net/calcul-power-bi/exercice-5-calculate.html]
[www.clic-formation.net/images/08-powerbi/complet/power-bi-produit/powerbi-produits.xlsx]
[www.clic-formation.net/images/08-powerbi/complet/power-bi-produit/produit.pdf]
[www.clic-formation.net/component/search/indexc688.html]
[www.clic-formation.net/images/08-powerbi/complet/power-bi-produit/page-1.webp]
[www.clic-formation.net/images/08-powerbi/complet/power-bi-produit/page-2.webp]
[www.clic-formation.net/images/08-powerbi/complet/power-bi-produit/page-3.webp]
[www.clic-formation.net/cas-complet/produits.html]
[www.clic-formation.net/images/08-powerbi/complet/power-bi-livres/livres.xlsx]
[www.clic-formation.net/images/08-powerbi/complet/power-bi-livres/livres.pdf]
[www.clic-formation.net/component/search/index4db5.html]
[www.clic-formation.net/images/08-powerbi/complet/power-bi-livres/images.zip]
[www.clic-formation.net/images/08-powerbi/complet/power-bi-livres/livre-01.webp]
[www.clic-formation.net/images/08-powerbi/complet/power-bi-livres/livre-02.webp]
[www.clic-formation.net/cas-complet/livres.html]
[www.clic-formation.net/component/search/index8375.html]
[www.clic-formation.net/images/08-powerbi/complet/power-bi-course-visuels/powerbi-course-visuel.xlsx]
[www.clic-formation.net/images/08-powerbi/complet/power-bi-course-visuels/power-bi-course-visuel.pdf]
[www.clic-formation.net/images/08-powerbi/complet/power-bi-course-visuels/ex-001-histo.webp]
[www.clic-formation.net/images/08-powerbi/complet/power-bi-course-visuels/ex-002-histo.webp]
[www.clic-formation.net/images/08-powerbi/complet/power-bi-course-visuels/ex-003-graphique-a-barre.webp]
[www.clic-formation.net/images/08-powerbi/complet/power-bi-course-visuels/ex-004-matrice.webp]
[www.clic-formation.net/images/08-powerbi/complet/power-bi-course-visuels/ex-005-secteur.webp]
[www.clic-formation.net/images/08-powerbi/complet/power-bi-course-visuels/ex-006-carte-chifree.webp]
[www.clic-formation.net/images/08-powerbi/complet/power-bi-course-visuels/ex-007-segment-date-carte-chiffree.webp]
[www.clic-formation.net/cas-complet/course-visuels.html]
[www.clic-formation.net/images/08-powerbi/complet/power-bi-course -calcul/ex-004-1.webp]
[www.clic-formation.net/images/08-powerbi/complet/power-bi-course -calcul/ex-004-2.webp]
[www.clic-formation.net/component/search/index131b.html]
[www.clic-formation.net/images/08-powerbi/complet/power-bi-course -calcul/ex-004-3.webp]
[www.clic-formation.net/images/08-powerbi/complet/power-bi-course -calcul/ex-004-4.webp]
[www.clic-formation.net/cas-complet/course-calculs.html]
[www.clic-formation.net/component/search/index489a.html]
[www.clic-formation.net/debutant1dda.html]
[www.clic-formation.net/debutantfe28.html]
[www.clic-formation.net/utiliser-sa-souris.html]
[www.clic-formation.net/exercice-1-souris.html]
[www.clic-formation.net/component/search/indexdece.html]
[www.clic-formation.net/exercice-2-souris.html]
[www.clic-formation.net/component/search/index171e.html]
[www.clic-formation.net/component/search/indexbadc.html]
[www.clic-formation.net/modules/mod_geekgame_puzzles/assets/style5438.css]
[www.clic-formation.net/component/search/index7e6b.html]
[flbulgarelli.github.io/headbreaker/js/headbreaker.js]
[www.clic-formation.net/modules/mod_geekgame_puzzles/assets/script5438.js]
[www.clic-formation.net/images/06-windows/bases/exercices/glissedepose/glisse-depose.jpg]
[www.clic-formation.net/exercice-3-souris.html]
[www.clic-formation.net/exercice-4-souris.html]
[www.clic-formation.net/component/search/index5669.html]
[www.clic-formation.net/exercice-5-souris.html]
[www.clic-formation.net/component/search/index8775.html]
[www.clic-formation.net/exercice-6-souris.html]
[www.clic-formation.net/component/search/index5e80.html]
[www.clic-formation.net/exercice-7-souris.html]
[www.clic-formation.net/exercice-8-souris.html]
[www.clic-formation.net/component/search/index7e7e.html]
[www.clic-formation.net/exercice-9-souris.html]
[www.clic-formation.net/component/search/indexd919.html]
[www.clic-formation.net/exercice-10-souris.html]
[www.clic-formation.net/component/search/index313d.html]
[www.clic-formation.net/exercice-11-souris.html]
[www.clic-formation.net/component/search/index87e2.html]
[www.clic-formation.net/exercice-12-souris.html]
[www.clic-formation.net/connaitre-et-utiliser-son-clavier.html]
[www.clic-formation.net/component/search/indexf773.html]
[www.clic-formation.net/component/search/index37c0.html]
[www.clic-formation.net/component/search/index019d.html]
[www.clic-formation.net/exercice-1-clavier.html]
[www.clic-formation.net/exercice-2-clavier.html]
[www.clic-formation.net/component/search/index53b5.html]
[www.clic-formation.net/exercice-3-clavier.html]
[www.clic-formation.net/component/search/indexa8b1.html]
[www.clic-formation.net/exercice-4-clavier.html]
[www.clic-formation.net/component/search/index88dd.html]
[www.clic-formation.net/exercice-5-clavier.html]
[www.clic-formation.net/exercice-6-clavier.html]
[www.clic-formation.net/component/search/indexdce0.html]
[www.clic-formation.net/component/search/index9b78.html]
[www.clic-formation.net/component/search/index10dc.html]
[www.clic-formation.net/images/06-windows/bases/exercices/editor/tab.html]
[www.clic-formation.net/exercice-7-clavier.html]
[www.clic-formation.net/component/search/index91fc.html]
[www.clic-formation.net/exercice-8-clavier.html]
[www.clic-formation.net/component/search/indexe98c.html]
[www.clic-formation.net/exercice-9-clavier.html]
[www.clic-formation.net/exercice-10-clavier.html]
[www.clic-formation.net/exercice-11-clavier.html]
[www.clic-formation.net/component/search/indexaef2.html]
[www.clic-formation.net/component/search/index48e5.html]
[www.clic-formation.net/component/search/index574c.html]
[www.clic-formation.net/images/06-windows/exercice-12/ex-012.doc]
[www.clic-formation.net/component/search/indexe96c.html]
[www.clic-formation.net/images/06-windows/exercice-12/ex-012.gif]
[www.clic-formation.net/images/06-windows/exercice-12/ex-012-solution.gif]
[www.clic-formation.net/exercice-12.html]
[www.clic-formation.net/component/search/index6439.html]
[www.clic-formation.net/tables-des-caracteres16f0.html]
[www.clic-formation.net/tables-des-caracteres5483.html]
[www.clic-formation.net/tables-des-caracteres51bd.html]
[www.clic-formation.net/tables-des-caracteres.html]
[www.clic-formation.net/support-dossier.html]
[www.clic-formation.net/images/04-web/competence-07/affichage-dossier.jpg]
[www.clic-formation.net/affichage.html]
[www.clic-formation.net/component/search/index838f.html]
[www.clic-formation.net/component/search/indexb76e.html]
[www.clic-formation.net/images/06-windows/exercice-01/exercice-01.jpg]
[www.clic-formation.net/exercice-1-dossiers.html]
[www.clic-formation.net/images/06-windows/exercice-02/c-03-e-02a.jpg]
[www.clic-formation.net/exercice-2-dossiers.html]
[www.clic-formation.net/component/search/indexd5c6.html]
[www.clic-formation.net/images/06-windows/exercice-03/c-03-06b.jpg]
[www.clic-formation.net/exercice-3-dossiers.html]
[www.clic-formation.net/component/search/indexe215.html]
[www.clic-formation.net/images/06-windows/exercice-04/c-03-e-02b.jpg]
[www.clic-formation.net/exercice-4-dossiers.html]
[www.clic-formation.net/component/search/indexe1a6.html]
[www.clic-formation.net/images/06-windows/exercice-05/c03-06-drapeau.zip]
[www.clic-formation.net/component/search/index6300.html]
[www.clic-formation.net/images/06-windows/exercice-05/c-03-06c.jpg]
[www.clic-formation.net/exercice-5-dossiers.html]
[www.clic-formation.net/component/search/indexb158.html]
[www.clic-formation.net/images/06-windows/exercice-06/e_c3_01a.zip]
[www.clic-formation.net/exercice-6-dossiers.html]
[www.clic-formation.net/images/06-windows/exercice-07/extensions.zip]
[www.clic-formation.net/component/search/index3366.html]
[www.clic-formation.net/component/search/index3844.html]
[www.clic-formation.net/images/06-windows/exercice-07/afficher.jpg]
[www.clic-formation.net/images/06-windows/exercice-07/espagne.jpg]
[www.clic-formation.net/exercice-7-dossiers.html]
[www.clic-formation.net/images/06-windows/exercice-08/dossier-fichier.gif]
[www.clic-formation.net/exercice-8-dossiers.html]
[www.clic-formation.net/images/06-windows/exercice-09/01.gif]
[www.clic-formation.net/component/search/index83a5.html]
[www.clic-formation.net/images/06-windows/exercice-09/02.gif]
[www.clic-formation.net/component/search/index8264.html]
[www.clic-formation.net/images/06-windows/exercice-09/03.gif]
[www.clic-formation.net/images/06-windows/exercice-09/04.gif]
[www.clic-formation.net/images/06-windows/exercice-09/05.gif]
[www.clic-formation.net/exercice-9cf06.html]
[www.clic-formation.net/exercice-9.html]
[www.clic-formation.net/images/04-web/competence-02/stockage-sur-disque-dur.jpg]
[www.clic-formation.net/images/04-web/competence-02/lecteurs-disques.jpg]
[www.clic-formation.net/component/search/index81c1.html]
[www.clic-formation.net/images/04-web/competence-02/disque-ssd-1200x1200.jpg]
[www.clic-formation.net/images/04-web/competence-04/ram-1.jpg]
[www.clic-formation.net/images/04-web/competence-02/01-capacites-disques.jpg]
[www.clic-formation.net/images/04-web/competence-02/02-capacites-disques.jpg]
[www.clic-formation.net/images/04-web/competence-02/03-capacites-octets-memoire.jpg]
[www.clic-formation.net/support-poidscf06.html]
[www.clic-formation.net/support-poids.html]
[www.clic-formation.net/images/04-web/competence-02/ex-001/poid-01.png]
[www.clic-formation.net/images/04-web/competence-02/ex-001/number_3.png]
[www.clic-formation.net/component/search/indexb25c.html]
[www.clic-formation.net/images/04-web/competence-02/ex-001/number_4.png]
[www.clic-formation.net/images/04-web/competence-02/ex-001/number_2.png]
[www.clic-formation.net/images/04-web/competence-02/ex-001/number_7.png]
[www.clic-formation.net/images/04-web/competence-02/ex-001/number_1.png]
[www.clic-formation.net/images/04-web/competence-02/ex-001/number_6.png]
[www.clic-formation.net/images/04-web/competence-02/ex-001/number_5.png]
[www.clic-formation.net/exercice-1-dossier.html]
[www.clic-formation.net/images/04-web/competence-02/ex-002/6.png]
[www.clic-formation.net/component/search/indexf606.html]
[www.clic-formation.net/images/04-web/competence-02/ex-002/1.png]
[www.clic-formation.net/images/04-web/competence-02/ex-002/10.png]
[www.clic-formation.net/images/04-web/competence-02/ex-002/2.png]
[www.clic-formation.net/images/04-web/competence-02/ex-002/7.png]
[www.clic-formation.net/images/04-web/competence-02/ex-002/12.png]
[www.clic-formation.net/images/04-web/competence-02/ex-002/3.png]
[www.clic-formation.net/images/04-web/competence-02/ex-002/11.png]
[www.clic-formation.net/images/04-web/competence-02/ex-002/8.png]
[www.clic-formation.net/images/04-web/competence-02/ex-002/4.png]
[www.clic-formation.net/images/04-web/competence-02/ex-002/5.png]
[www.clic-formation.net/images/04-web/competence-02/ex-002/9.png]
[www.clic-formation.net/exercice-2-dossier.html]
[www.clic-formation.net/exercice-3-extension.html]
[www.clic-formation.net/component/search/indexabb0.html]
[www.clic-formation.net/exercice-4-extension.html]
[www.clic-formation.net/component/search/index240e.html]
[www.clic-formation.net/component/search/index9d94.html]
[www.clic-formation.net/extension16f0.html]
[www.clic-formation.net/extension5483.html]
[www.clic-formation.net/extension51bd.html]
[www.clic-formation.net/extension.html]
[www.clic-formation.net/support-windows.html]
[www.clic-formation.net/raccourcis-clavier.html]
[www.clic-formation.net/component/search/index5723.html]
[www.clic-formation.net/component/search/indexaa39.html]
[www.clic-formation.net/images/04-web/competence-06/ex-001/ex-001.jpg]
[www.clic-formation.net/exercice-1-windows.html]
[www.clic-formation.net/images/04-web/competence-06/ex-002/ex-002.jpg]
[www.clic-formation.net/exercice-2-windows.html]
[www.clic-formation.net/component/search/indexbffb.html]
[www.clic-formation.net/images/04-web/competence-06/ex-003/ex-003.jpg]
[www.clic-formation.net/exercice-3-windows.html]
[www.clic-formation.net/exercice-4-police.html]
[www.clic-formation.net/component/search/indexbb70.html]
[www.clic-formation.net/component/search/index0c8e.html]
[www.clic-formation.net/component/search/index3c54.html]
[www.clic-formation.net/images/06-windows/exercice-9-peripheriques/peripheriques.jpg]
[www.clic-formation.net/exercice-5-peripheriques.html]
[www.clic-formation.net/component/search/indexd412.html]
[www.clic-formation.net/images/06-windows/exercice-06-config/logo_fond_bleu.jpg]
[www.clic-formation.net/images/06-windows/exercice-06-config/bouton.png]
[www.clic-formation.net/component/search/indexa960.html]
[www.clic-formation.net/images/06-windows/exercice-06-config/ex-006.gif]
[www.clic-formation.net/exercice-6-drivers.html]
[www.clic-formation.net/component/search/index8dd4.html]
[www.clic-formation.net/evaluation-windows/peripherique16f0.html]
[www.clic-formation.net/evaluation-windows/peripherique5483.html]
[www.clic-formation.net/evaluation-windows/peripherique51bd.html]
[www.clic-formation.net/evaluation-windows/peripherique.html]
[www.clic-formation.net/component/search/indexdb94.html]
[www.clic-formation.net/evaluation-windows/raccourcis-clavier16f0.html]
[www.clic-formation.net/evaluation-windows/raccourcis-clavier5483.html]
[www.clic-formation.net/evaluation-windows/raccourcis-clavier51bd.html]
[www.clic-formation.net/evaluation-windows/raccourcis-clavier.html]
[www.clic-formation.net/astuces.html]
[www.clic-formation.net/navigateur-web.html]
[www.clic-formation.net/faire-une-recherche-web.html]
[www.clic-formation.net/recherche-simple.html]
[www.clic-formation.net/component/search/index48b2.html]
[www.clic-formation.net/component/search/indexb015.html]
[www.clic-formation.net/component/search/index10f8.html]
[www.clic-formation.net/component/search/index0ea4.html]
[www.clic-formation.net/recherche-simple-2.html]
[www.clic-formation.net/recherche-simple-3.html]
[www.clic-formation.net/recherche-simple-4.html]
[www.clic-formation.net/recherche-simple-5.html]
[www.clic-formation.net/component/search/index49c0.html]
[www.clic-formation.net/component/search/indexe21d.html]
[www.clic-formation.net/component/search/index843a.html]
[www.clic-formation.net/component/search/index158e.html]
[www.clic-formation.net/recherche-avancee.html]
[www.clic-formation.net/recherche-avec-restriction.html]
[www.clic-formation.net/images/03-recherche-internet/recherche-images/recherche-image.gif]
[www.clic-formation.net/component/search/index9c05.html]
[www.clic-formation.net/component/search/indexe1a3.html]
[www.clic-formation.net/component/search/index2661.html]
[www.clic-formation.net/images/site/fonctionnement/number_6.png]
[www.clic-formation.net/images/site/fonctionnement/number_7.png]
[www.clic-formation.net/images/03-recherche-internet/recherche-images/recherche-images-2.jpg]
[www.clic-formation.net/recherche-images.html]
[www.clic-formation.net/images/03-recherche-internet/recherche-images/recherche-image-inversee.gif]
[www.clic-formation.net/images/03-recherche-internet/recherche-images/recherche-image-inversee-2.gif]
[www.clic-formation.net/component/search/indexc33c.html]
[www.clic-formation.net/images/03-recherche-internet/recherche-images/ours.jpg]
[www.clic-formation.net/recherche-images-inversee.html]
[www.clic-formation.net/images/03-recherche-internet/favori/favoris-1.png]
[www.clic-formation.net/images/03-recherche-internet/favori/favoris-2.gif]
[www.clic-formation.net/favoris.html]
[www.clic-formation.net/favoris-1.html]
[www.clic-formation.net/favoris-2.html]
[www.clic-formation.net/web-services-google.html]
[www.clic-formation.net/component/search/indexb7ef.html]
[www.clic-formation.net/component/search/index32e0.html]
[www.clic-formation.net/component/search/index6885.html]
[www.clic-formation.net/component/search/index2a37.html]
[www.clic-formation.net/vocabulaire-web.html]
[www.clic-formation.net/suppport-messagerie.html]
[www.clic-formation.net/component/search/indexb1e1.html]
[www.clic-formation.net/component/search/indexfd24.html]
[www.clic-formation.net/media/system/js/joomla-hidden-mail.min4f8c.js]
[www.clic-formation.net/exercice-1-mail.html]
[www.clic-formation.net/exercice-2-mail.html]
[www.clic-formation.net/images/03-recherche-internet/mail-signature/logo.png]
[www.clic-formation.net/component/search/index9a4e.html]
[www.clic-formation.net/component/search/index0ef1.html]
[www.clic-formation.net/images/03-recherche-internet/mail-signature/signature-gmail.webp]
[www.clic-formation.net/images/03-recherche-internet/mail-signature/signature-thunderbird.webp]
[www.clic-formation.net/exercice-3-mail.html]
[www.clic-formation.net/component/search/index3e98.html]
[www.clic-formation.net/component/search/indexf0b8.html]
[www.clic-formation.net/quizz-messagerie16f0.html]
[www.clic-formation.net/quizz-messagerie5483.html]
[www.clic-formation.net/quizz-messagerie51bd.html]
[www.clic-formation.net/quizz-messagerie.html]
[www.clic-formation.net/images/c-20/exo_publisher_01/photos.zip]
[www.clic-formation.net/images/c-20/telecharger-photo.png]
[www.clic-formation.net/component/search/index63d9.html]
[www.clic-formation.net/images/c-20/exo_publisher_01/texte.zip]
[www.clic-formation.net/images/c-20/telecharger-texte.png]
[www.clic-formation.net/images/c-20/exo_publisher_01/exo_publisher_01.pdf]
[www.clic-formation.net/images/c-20/telecharger-pdf.png]
[www.clic-formation.net/images/c-20/exo_publisher_01/travail.jpg]
[www.clic-formation.net/exercice-1-pao.html]
[www.clic-formation.net/images/c-20/exo_publisher_02/photo.zip]
[www.clic-formation.net/images/c-20/exo_publisher_02/texte.zip]
[www.clic-formation.net/component/search/index57e4.html]
[www.clic-formation.net/images/c-20/exo_publisher_02/exo_publisher_02.pdf]
[www.clic-formation.net/images/c-20/exo_publisher_02/travail.jpg]
[www.clic-formation.net/exercice-2-pao.html]
[www.clic-formation.net/images/c-20/exo_publisher_03/photos.zip]
[www.clic-formation.net/images/c-20/exo_publisher_03/texte.zip]
[www.clic-formation.net/component/search/index741b.html]
[www.clic-formation.net/images/c-20/exo_publisher_03/exo_publisher_03.pdf]
[www.clic-formation.net/images/c-20/exo_publisher_03/travail.jpg]
[www.clic-formation.net/publisher-exercice-3.html]
[www.clic-formation.net/images/c-20/exo_publisher_04/photos.zip]
[www.clic-formation.net/images/c-20/exo_publisher_04/textes.zip]
[www.clic-formation.net/component/search/index6730.html]
[www.clic-formation.net/images/c-20/exo_publisher_04/exo_publisher_04.pdf]
[www.clic-formation.net/images/c-20/exo_publisher_04/travail_04.jpg]
[www.clic-formation.net/exercice-4-publisher-scribus.html]
[www.clic-formation.net/images/c-20/exo_scribus_05/visuels.zip]
[www.clic-formation.net/images/c-20/exo_scribus_05/saint-caroux.txt]
[www.clic-formation.net/component/search/index8bab.html]
[www.clic-formation.net/images/c-20/exo_scribus_05/saint-caroux.jpg]
[www.clic-formation.net/exercice-4-publisher-scribus-2.html]
[www.clic-formation.net/images/c-20/exo_scribus_06/ex-006-support.jpg]
[www.clic-formation.net/component/search/index19e4.html]
[www.clic-formation.net/exercice-publisher-6.html]
[www.clic-formation.net/images/c-20/exo_scribus_06/ex-006-solution.jpg]
[www.clic-formation.net/images/c-20/exo_scribus_07/exo_scribus_07.zip]
[www.clic-formation.net/component/search/indexc13e.html]
[www.clic-formation.net/images/c-20/exo_scribus_07/exo_scribus_07.pdf]
[www.clic-formation.net/images/c-20/exo_scribus_07/exo_scribus_07.jpg]
[www.clic-formation.net/exercice-publisher-7.html]
[www.clic-formation.net/images/c-20/ex-008/visuels.zip]
[www.clic-formation.net/images/c-20/ex-008/ex-008.pdf]
[www.clic-formation.net/component/search/indexa73b.html]
[www.clic-formation.net/images/c-20/ex-008/ex-008-support-01.jpg]
[www.clic-formation.net/images/c-20/ex-008/ex-008-resultat.jpg]
[www.clic-formation.net/exercice-publisher-8.html]
[www.clic-formation.net/images/c-20/ex-010/consigne-02.gif]
[www.clic-formation.net/images/c-20/ex-010/consigne-03.gif]
[www.clic-formation.net/component/search/index605a.html]
[www.clic-formation.net/images/c-20/ex-010/consigne-01.gif]
[www.clic-formation.net/images/c-20/ex-010/consigne-04.gif]
[www.clic-formation.net/images/c-20/ex-009/visuels.zip]
[www.clic-formation.net/images/c-20/ex-012/actu-agenda-marches-terroir.pdf]
[www.clic-formation.net/images/c-20/ex-009/resultat.jpg]
[www.clic-formation.net/exercice-publisher-9.html]
[www.clic-formation.net/images/c-20/ex-009/consigne-01.gif]
[www.clic-formation.net/images/c-20/ex-009/consigne-02.gif]
[www.clic-formation.net/component/search/index0263.html]
[www.clic-formation.net/images/c-20/ex-009/consigne-03.gif]
[www.clic-formation.net/images/c-20/ex-009/consigne-04.gif]
[www.clic-formation.net/images/c-20/ex-010/visuels.zip]
[www.clic-formation.net/images/c-20/ex-010/resultat.jpg]
[www.clic-formation.net/exercice-publisher-10.html]
[www.clic-formation.net/images/c-20/ex-011/visuel.zip]
[www.clic-formation.net/images/c-20/ex-011/resultat.jpg]
[www.clic-formation.net/exercice-publisher-11.html]
[www.clic-formation.net/component/search/index0daf.html]
[www.clic-formation.net/images/c-20/ex-012/visuels.zip]
[www.clic-formation.net/exercice-publisher-12.html]
[www.clic-formation.net/images/c-20/ex-012/resultat.jpg]
[www.clic-formation.net/modules/mod_accordeonmenuck/themes/default/cssed94.css]
[www.clic-formation.net/component/search/index359a.html]
[www.clic-formation.net/images/access/requete-sql/exemple-sql.jpg]
[www.clic-formation.net/les-bases.html]
[www.clic-formation.net/images/access/requete-sql/requete-sql-01.jpg]
[www.clic-formation.net/component/search/index1c6f.html]
[www.clic-formation.net/exercices-serie-a/requete-sql-01.html]
[www.clic-formation.net/images/access/requete-sql/rappel.jpg]
[www.clic-formation.net/exercices-serie-a/requete-sql-02.html]
[www.clic-formation.net/exercices-serie-a/requete-sql-03.html]
[www.clic-formation.net/exercices-serie-a/requete-sql-04.html]
[www.clic-formation.net/component/search/index184e.html]
[www.clic-formation.net/component/search/index810f.html]
[www.clic-formation.net/component/search/index737f.html]
[www.clic-formation.net/component/search/indexf709.html]
[www.clic-formation.net/images/access/requete-sql/requete-sql-05.jpg]
[www.clic-formation.net/exercices-serie-a/requete-sql-05.html]
[www.clic-formation.net/component/search/index6311.html]
[www.clic-formation.net/component/search/index1eaa.html]
[www.clic-formation.net/images/access/requete-sql/sql06.jpg]
[www.clic-formation.net/exercices-serie-a/requete-sql-06.html]
[www.clic-formation.net/exercices-serie-a/requete-sql-07.html]
[www.clic-formation.net/exercices-serie-a/requete-sql-08.html]
[www.clic-formation.net/component/search/indexd3ee.html]
[www.clic-formation.net/component/search/index5c88.html]
[www.clic-formation.net/images/access/requete-sql/sql-c-01.jpg]
[www.clic-formation.net/exercices-serie-a/requete-sql-a-09.html]
[www.clic-formation.net/exercices-serie-a/requete-sql-a-10.html]
[www.clic-formation.net/exercices-serie-a/requete-sql-a-11.html]
[www.clic-formation.net/exercices-serie-a/requete-sql-a-12.html]
[www.clic-formation.net/component/search/index38d2.html]
[www.clic-formation.net/component/search/index1d4c.html]
[www.clic-formation.net/component/search/index0c86-2.html]
[www.clic-formation.net/component/search/indexe2a3.html]
[www.clic-formation.net/images/access/requete-sql/table_hotel-a.jpg]
[www.clic-formation.net/exercices-serie-a/requete-sql-a-13.html]
[www.clic-formation.net/exercices-serie-a/requete-sql-a-14.html]
[www.clic-formation.net/component/search/index4368.html]
[www.clic-formation.net/component/search/index1930.html]
[www.clic-formation.net/images/access/requete-sql/sql-b-01.jpg]
[www.clic-formation.net/exercice-serie-b/requete-sql-b-01.html]
[www.clic-formation.net/exercice-serie-b/requete-sql-b-02.html]
[www.clic-formation.net/exercice-serie-b/requete-sql-b-03.html]
[www.clic-formation.net/exercice-serie-b/requete-sql-b-04.html]
[www.clic-formation.net/component/search/indexcd11-2.html]
[www.clic-formation.net/component/search/index31a5.html]
[www.clic-formation.net/component/search/index8c0b.html]
[www.clic-formation.net/component/search/indexed09.html]
[www.clic-formation.net/exercice-serie-b/requete-sql-b-05.html]
[www.clic-formation.net/exercice-serie-b/requete-sql-b-06.html]
[www.clic-formation.net/exercice-serie-b/requete-sql-b-07.html]
[www.clic-formation.net/exercice-serie-b/requete-sql-b-08.html]
[www.clic-formation.net/component/search/index7930.html]
[www.clic-formation.net/component/search/index6b95.html]
[www.clic-formation.net/component/search/index8fc7.html]
[www.clic-formation.net/component/search/index9afd.html]
[www.clic-formation.net/exercice-serie-b/requete-sql-b-09.html]
[www.clic-formation.net/exercice-serie-b/requete-sql-b-10.html]
[www.clic-formation.net/exercice-serie-b/requete-sql-b-11.html]
[www.clic-formation.net/exercice-serie-b/requete-sql-b-12.html]
[www.clic-formation.net/component/search/index2fbc.html]
[www.clic-formation.net/component/search/indexa8aa.html]
[www.clic-formation.net/component/search/index62ab.html]
[www.clic-formation.net/component/search/indexda41.html]
[www.clic-formation.net/exercice-serie-b/requete-sql-b-13.html]
[www.clic-formation.net/exercice-serie-b/requete-sql-b-14.html]
[www.clic-formation.net/exercice-serie-b/requete-sql-b-15.html]
[www.clic-formation.net/exercice-serie-b/requete-sql-b-16.html]
[www.clic-formation.net/component/search/indexf673.html]
[www.clic-formation.net/component/search/index7092.html]
[www.clic-formation.net/component/search/indexf95a.html]
[www.clic-formation.net/component/search/index5b3f.html]
[www.clic-formation.net/exercice-serie-b/requete-sql-b-17.html]
[www.clic-formation.net/exercice-serie-b/requete-sql-b-18.html]
[www.clic-formation.net/exercice-serie-b/requete-sql-b-19.html]
[www.clic-formation.net/exercice-serie-b/requete-sql-b-20.html]
[www.clic-formation.net/component/search/index0430.html]
[www.clic-formation.net/component/search/index6652.html]
[www.clic-formation.net/component/search/index237e.html]
[www.clic-formation.net/component/search/index21e2.html]
[www.clic-formation.net/exercice-serie-b/requete-sql-b-21.html]
[www.clic-formation.net/exercice-serie-b/requete-sql-b-22.html]
[www.clic-formation.net/exercice-serie-b/requete-sql-b-23.html]
[www.clic-formation.net/exercice-serie-c/requete-sql-c-01.html]
[www.clic-formation.net/component/search/indexb172.html]
[www.clic-formation.net/component/search/index4c01.html]
[www.clic-formation.net/component/search/index1b66.html]
[www.clic-formation.net/component/search/index8577.html]
[www.clic-formation.net/exercice-serie-c/requete-sql-c-02.html]
[www.clic-formation.net/exercice-serie-c/requete-sql-c-03.html]
[www.clic-formation.net/exercice-serie-c/requete-sql-c-04.html]
[www.clic-formation.net/exercice-serie-c/requete-sql-c-05.html]
[www.clic-formation.net/component/search/indexa710.html]
[www.clic-formation.net/component/search/index3921.html]
[www.clic-formation.net/component/search/index3794.html]
[www.clic-formation.net/component/search/index9a85.html]
[www.clic-formation.net/exercice-serie-c/requete-sql-c-06.html]
[www.clic-formation.net/exercice-serie-d/requete-sql-d-01.html]
[www.clic-formation.net/exercice-serie-d/requete-sql-d-02.html]
[www.clic-formation.net/exercice-serie-d/requete-sql-d-03.html]
[www.clic-formation.net/component/search/index0425.html]
[www.clic-formation.net/component/search/indexc278.html]
[www.clic-formation.net/component/search/indexb87b.html]
[www.clic-formation.net/component/search/index8cba.html]
[www.clic-formation.net/exercice-serie-d/requete-sql-d-04.html]
[www.clic-formation.net/exercice-serie-d/requete-sql-d-05.html]
[www.clic-formation.net/exercice-serie-d/requete-sql-d-06.html]
[www.clic-formation.net/exercice-serie-d/requete-sql-d-07.html]
[www.clic-formation.net/component/search/index15ed.html]
[www.clic-formation.net/component/search/index4c5d.html]
[www.clic-formation.net/component/search/index0d22.html]
[www.clic-formation.net/component/search/index3d8b.html]
[www.clic-formation.net/images/access/requete-sql/exercice-sql-complet-01.jpg]
[www.clic-formation.net/component/search/index7722.html]
[www.clic-formation.net/images/access/requete-sql/exercice-sql-complet-01-resultat.jpg]
[www.clic-formation.net/exercices-complets/exercice-1.html]
[www.clic-formation.net/images/access/requete-sql/exercice-sql-complet-02-resultat.jpg]
[www.clic-formation.net/exercices-complets/exercice-02.html]
[www.clic-formation.net/exercices-complets/exercice-3.html]
[www.clic-formation.net/component/search/indexca1c.html]
[www.clic-formation.net/component/search/index1de6.html]
[www.clic-formation.net/images/access/requete-sql/livre.jpg]
[www.clic-formation.net/exercices-complets/execice-complet.html]
[www.clic-formation.net/component/search/indexaaa7.html]
[www.clic-formation.net/images/iut/representation-processus/evenement-resultat-02.jpg]
[www.clic-formation.net/images/iut/representation-processus/evenement-resultat-03.jpg]
[www.clic-formation.net/component/search/indexa2fd.html]
[www.clic-formation.net/images/iut/representation-processus/evenement-resultat-01.jpg]
[www.clic-formation.net/seance-8-diagramme-de-flux/support.html]
[www.clic-formation.net/images/iut/representation-processus/exo-diagrame-01.jpg]
[www.clic-formation.net/images/iut/representation-processus/02-exo-diagrame-02.jpg]
[www.clic-formation.net/seance-8-diagramme-de-flux/exercice-1.html]
[www.clic-formation.net/component/search/index0eec.html]
[www.clic-formation.net/images/iut/representation-processus/02-exo-diagrame-01.jpg]
[www.clic-formation.net/component/search/index18fe.html]
[www.clic-formation.net/images/iut/representation-processus/03-exo-diagrame-02.jpg]
[www.clic-formation.net/seance-8-diagramme-de-flux/exercice-2.html]
[www.clic-formation.net/images/iut/representation-processus/03-exo-diagrame-03.jpg]
[www.clic-formation.net/seance-8-diagramme-de-flux/exercice-3.html]
[www.clic-formation.net/component/search/indexdddf.html]
[www.clic-formation.net/images/iut/representation-processus/04-exo-diagrame-01.jpg]
[www.clic-formation.net/seance-8-diagramme-de-flux/exercice-4.html]
[www.clic-formation.net/images/iut/veille/34-index-of-contents-item.png]
[www.clic-formation.net/component/search/index1305.html]
[www.clic-formation.net/images/iut/reseau/typologie-reseau/reseau-simple.gif]
[www.clic-formation.net/component/search/indexf144.html]
[www.clic-formation.net/images/iut/reseau/materiel/connectique-01.jpg]
[www.clic-formation.net/images/iut/reseau/materiel/connectique-02.jpg]
[www.clic-formation.net/images/iut/reseau/typologie-reseau/reseau-etoile.jpg]
[www.clic-formation.net/images/iut/reseau/typologie-reseau/reseau-arbre.jpg]
[www.clic-formation.net/images/iut/reseau/typologie-reseau/reseau-anneau.jpg]
[www.clic-formation.net/images/iut/reseau/typologie-reseau/reseau-bus.jpg]
[www.clic-formation.net/images/iut/reseau/typologie-reseau/reseau-maille.jpg]
[www.clic-formation.net/seance-10-reseau/support.html]
[www.clic-formation.net/component/search/index2412.html]
[www.clic-formation.net/seance-10-reseau/support-2.html]
[www.clic-formation.net/images/iut/reseau/classes-adresses-ipv4.png]
[www.clic-formation.net/images/iut/reseau/classereseau.png]
[www.clic-formation.net/seance-10-reseau/seance-11-reseau.html]
[www.clic-formation.net/component/search/index944d.html]
[www.clic-formation.net/images/iut/reseau/report-incident/fiche-intervention.jpg]
[www.clic-formation.net/images/iut/reseau/report-incident/fiche-intervention2.jpg]
[www.clic-formation.net/seance-10-reseau/seance-15-protection-reseau-et-pc.html]
[www.clic-formation.net/seance-10-reseau/vocabulaire-reseau.html]
[www.clic-formation.net/component/search/index97db.html]
[www.clic-formation.net/component/search/index52c7.html]
[www.clic-formation.net/images/iut/muc1-fiche-pc.pdf]
[www.clic-formation.net/component/search/index256d.html]
[www.clic-formation.net/seance-10-reseau/exercice-carte-d-identite-pc.html]
[www.clic-formation.net/images/iut/reseau/materiel/pc-boitier.jpg]
[www.clic-formation.net/images/iut/reseau/materiel/pc-carte-mere.jpg]
[www.clic-formation.net/component/search/index67fa.html]
[www.clic-formation.net/images/iut/reseau/materiel/pc-memoire.jpg]
[www.clic-formation.net/images/iut/reseau/materiel/pc-processeur.jpg]
[www.clic-formation.net/images/iut/reseau/materiel/pc-alim.jpg]
[www.clic-formation.net/images/iut/reseau/materiel/pc-lecteur-dvd.jpg]
[www.clic-formation.net/images/iut/reseau/materiel/pc-dd.jpg]
[www.clic-formation.net/images/iut/reseau/materiel/pc-carte-video.jpg]
[www.clic-formation.net/images/iut/reseau/materiel/pc-carte-controller.jpg]
[www.clic-formation.net/seance-10-reseau/exercice-montage-pc7388.html]
[www.clic-formation.net/seance-10-reseau/exercice-montage-pc.html]
[www.clic-formation.net/images/iut/reseau/visuels-reseau.zip]
[www.clic-formation.net/component/search/indexf073.html]
[www.clic-formation.net/seance-10-reseau/exercice-schema-reseau-017388.html]
[www.clic-formation.net/seance-10-reseau/exercice-schema-reseau-01.html]
[www.clic-formation.net/seance-10-reseau/exercice-schema-reseau-02.html]
[www.clic-formation.net/component/search/index2a9b.html]
[www.clic-formation.net/images/iut/reseau/exercice-ip-01.jpg]
[www.clic-formation.net/images/iut/reseau/exercice-ip-01-solution.jpg]
[www.clic-formation.net/seance-10-reseau/exercice-reseau-03.html]
[www.clic-formation.net/component/search/indexd8f9.html]
[www.clic-formation.net/images/iut/reseau/schema-salle.jpg]
[www.clic-formation.net/images/excel/telecharger-excel.png]
[www.clic-formation.net/component/search/index720a.html]
[www.clic-formation.net/images/iut/reseau/schema-salle.zip]
[www.clic-formation.net/seance-10-reseau/exercice-schema-reseau-04.html]
[www.clic-formation.net/seance-10-reseau/exercice-schema-reseau-05.html]
[www.clic-formation.net/images/iut/reseau/schema-reseau-6.jpg]
[www.clic-formation.net/seance-10-reseau/exercice-schema-reseau-07.html]
[www.clic-formation.net/seance-9-veille.html]
[www.clic-formation.net/component/search/index8cb3.html]
[www.clic-formation.net/component/search/index018c.html]
[www.clic-formation.net/component/search/index2690.html]
[www.clic-formation.net/images/iut/travail-collaboratif/travail-collaboratif-01.jpg]
[www.clic-formation.net/images/iut/travail-collaboratif/travail-collaboratif-02.jpg]
[www.clic-formation.net/component/search/index95d8.html]
[www.clic-formation.net/images/iut/travail-collaboratif/travail-collaboratif-03.jpg]
[www.clic-formation.net/images/iut/travail-collaboratif/travail-collaboratif-04.jpg]
[www.clic-formation.net/images/iut/travail-collaboratif/travail-collaboratif-05.jpg]
[www.clic-formation.net/09-04.html]
[www.clic-formation.net/images/iut/license/Diapositive1.jpg]
[www.clic-formation.net/images/iut/license/Diapositive2.jpg]
[www.clic-formation.net/component/search/index2eaf.html]
[www.clic-formation.net/images/iut/license/Diapositive3.jpg]
[www.clic-formation.net/images/iut/license/Diapositive4.jpg]
[www.clic-formation.net/images/iut/license/Diapositive5.jpg]
[www.clic-formation.net/images/iut/license/cnil/Diapositive1.jpg]
[www.clic-formation.net/images/iut/license/cnil/Diapositive2.jpg]
[www.clic-formation.net/images/iut/license/cnil/Diapositive3.jpg]
[www.clic-formation.net/images/iut/license/cnil/Diapositive4.jpg]
[www.clic-formation.net/images/iut/license/cnil/Diapositive5.jpg]
[www.clic-formation.net/images/iut/license/droit-numerique-de-l-image/Slide1.jpg]
[www.clic-formation.net/images/iut/license/droit-numerique-de-l-image/Slide2.jpg]
[www.clic-formation.net/images/iut/license/droit-numerique-de-l-image/Slide3.jpg]
[www.clic-formation.net/images/iut/license/droit-numerique-de-l-image/Slide4.jpg]
[www.clic-formation.net/images/iut/license/droit-numerique-de-l-image/Slide5.jpg]
[www.clic-formation.net/images/iut/license/droit-numerique-de-l-image/Slide6.jpg]
[www.clic-formation.net/images/iut/license/droit-numerique-de-l-image/Slide7.jpg]
[www.clic-formation.net/images/iut/license/logiciel/Slide1.jpg]
[www.clic-formation.net/images/iut/license/logiciel/Slide2.jpg]
[www.clic-formation.net/images/iut/license/logiciel/Slide3.jpg]
[www.clic-formation.net/images/iut/license/logiciel/Slide4.jpg]
[www.clic-formation.net/seance-13.html]
[www.clic-formation.net/images/iut/license/carte.png]
[www.clic-formation.net/seance-14-ged.html]
[www.clic-formation.net/images/iut/ged/travail-archivage.zip]
[www.clic-formation.net/component/search/indexeba4.html]
[www.clic-formation.net/images/iut/ged/arborescence.jpg]
[www.clic-formation.net/component/search/index1cd1.html]
[www.clic-formation.net/exercice-1-ged.html]
[www.clic-formation.net/seance-16-xml.html]
[www.clic-formation.net/images/iut/xml/arbrexml.png]
[www.clic-formation.net/seance-16-xml/syntaxe.html]
[www.clic-formation.net/images/iut/xml/xml-exemple.jpg]
[www.clic-formation.net/seance-16-xml/demo-xml.html]
[www.clic-formation.net/component/search/index59d5.html]
[www.clic-formation.net/images/iut/xml/xml-01/exercice-xml-01.jpg]
[www.clic-formation.net/seance-16-xml/exercice-xml-01.html]
[www.clic-formation.net/component/search/indexbe9d.html]
[www.clic-formation.net/component/search/index2c77.html]
[www.clic-formation.net/images/iut/xml/xml-02/xml-02.jpg]
[www.clic-formation.net/seance-16-xml/exercice-xml-02.html]
[www.clic-formation.net/component/search/index9840.html]
[www.clic-formation.net/images/iut/xml/xml-03/export-bdd.zip]
[www.clic-formation.net/seance-16-xml/exercice-xml-03.html]
[www.clic-formation.net/component/search/indexc2db.html]
[www.clic-formation.net/images/iut/xml/xml-04/xml-export.zip]
[www.clic-formation.net/seance-16-xml/exercice-xml-04.html]
[www.clic-formation.net/component/search/index0cc7.html]
[www.clic-formation.net/images/iut/xml/xml-05/xml-05-exercice-01.jpg]
[www.clic-formation.net/seance-16-xml/exercice-xml-05.html]
[www.clic-formation.net/component/search/index0f83.html]
[www.clic-formation.net/images/iut/gantt/tuto/demo-gantt-01.jpg]
[www.clic-formation.net/component/search/index5c5a.html]
[www.clic-formation.net/images/iut/gantt/tuto/demo-gantt-02.jpg]
[www.clic-formation.net/images/iut/gantt/tuto/demo-gantt-03.jpg]
[www.clic-formation.net/images/iut/gantt/tuto/demo-gantt-04.jpg]
[www.clic-formation.net/images/iut/gantt/tuto/demo-gantt-05.jpg]
[www.clic-formation.net/images/iut/gantt/tuto/demo-gantt-06.jpg]
[www.clic-formation.net/images/iut/gantt/tuto/demo-gantt-07.jpg]
[www.clic-formation.net/images/iut/gantt/tuto/demo-gantt-08.jpg]
[www.clic-formation.net/images/iut/gantt/tuto/demo-gantt-09.jpg]
[www.clic-formation.net/images/iut/gantt/tuto/demo-gantt-10.jpg]
[www.clic-formation.net/images/iut/gantt/tuto/demo-gantt-11.jpg]
[www.clic-formation.net/seance-13-diagramme-de-gantt.html]
[www.clic-formation.net/images/iut/gantt/resultat-gantt-01.jpg]
[www.clic-formation.net/gantt-exercice-1.html]
[www.clic-formation.net/component/search/indexa7d6.html]
[www.clic-formation.net/images/iut/gantt/cas-hopital/cas-hopital.jpg]
[www.clic-formation.net/gantt-exercice-2.html]
[www.clic-formation.net/gantt-exercice-3.html]
[www.clic-formation.net/images/iut/gantt/cas-plate-forme/cas-plate-forme.jpg]
[www.clic-formation.net/gantt-exercice-4.html]
[www.clic-formation.net/component/search/index7f9f.html]
[www.clic-formation.net/component/search/index556c.html]
[www.clic-formation.net/component/search/indexac1f.html]
[www.clic-formation.net/images/iut/gantt/cas-supex/cas-supex.jpg]
[www.clic-formation.net/gantt-exercice-5.html]
[www.clic-formation.net/images/iut/enquete/question.jpg]
[www.clic-formation.net/seance-06-muc.html]
[www.clic-formation.net/component/search/index872e.html]
[www.clic-formation.net/component/search/index7899.html]
[www.clic-formation.net/component/search/indexd386.html]
[www.clic-formation.net/html-2/html-3f3ab.html]
[www.clic-formation.net/html-2/html-3c9ad.html]
[www.clic-formation.net/html-2/html-3.html]
[www.clic-formation.net/images/html/web.zip]
[www.clic-formation.net/images/html/schema-html.jpg]
[www.clic-formation.net/component/search/index5abf.html]
[www.clic-formation.net/images/html/accueil.jpg]
[www.clic-formation.net/images/html/tableau.jpg]
[www.clic-formation.net/images/html/media.jpg]
[www.clic-formation.net/images/html/formulaire.jpg]
[www.clic-formation.net/images/html/photo.jpg]
[www.clic-formation.net/html-2/exercice-03-html.html]
[www.clic-formation.net/images/html/resultat-css.jpg]
[www.clic-formation.net/component/search/indexc8a8.html]
[www.clic-formation.net/html-2/exercice-02-cssc9ad.html]
[www.clic-formation.net/html-2/exercice-02-css.html]
[www.clic-formation.net/index913b.html]
[www.clic-formation.net/index2369.html]
[www.clic-formation.net/images/stories/autre-module.html]
[www.clic-formation.net/progression-pedagogique-rpmc.html]
[www.clic-formation.net/component/search/index0841.html]
[www.clic-formation.net/images/iut/rpmc/filezilla-screenshot.jpg]
[www.clic-formation.net/01-installer-son-cms.html]
[www.clic-formation.net/component/search/index9202.html]
[www.clic-formation.net/images/iut/rpmc/google-analytics.pdf]
[www.clic-formation.net/images/iut/rpmc/google-analytics.jpg]
[www.clic-formation.net/07-google-analytics.html]
[www.clic-formation.net/component/search/index1ffb.html]
[www.clic-formation.net/images/iut/rpmc/webmaster-tools.pdf]
[www.clic-formation.net/component/search/index5b58.html]
[www.clic-formation.net/images/iut/rpmc/wmt.jpg]
[www.clic-formation.net/images/iut/rpmc/webmaster-tools-bing.pdf]
[www.clic-formation.net/images/iut/rpmc/wmtb.jpg]
[www.clic-formation.net/04-webmasters-tools.html]
[www.clic-formation.net/component/search/indexc268.html]
[www.clic-formation.net/images/iut/rpmc/guide_google_adresses.pdf]
[www.clic-formation.net/images/iut/rpmc/google-business.jpg]
[www.clic-formation.net/08-google-business.html]
[www.clic-formation.net/images/iut/rpmc/web-google.jpg]
[www.clic-formation.net/images/iut/rpmc/planoptimise.jpg]
[www.clic-formation.net/03-seo.html]
[www.clic-formation.net/component/search/index97bb.html]
[www.clic-formation.net/images/iut/rpmc/01-emailing.pdf]
[www.clic-formation.net/images/iut/rpmc/01-mail.jpg]
[www.clic-formation.net/component/search/index5039.html]
[www.clic-formation.net/images/iut/rpmc/02-emailing.pdf]
[www.clic-formation.net/images/iut/rpmc/02-mail.jpg]
[www.clic-formation.net/images/iut/rpmc/03-emailing.pdf]
[www.clic-formation.net/images/iut/rpmc/03-mail.jpg]
[www.clic-formation.net/05-emailing.html]
[www.clic-formation.net/veille.html]
[www.clic-formation.net/images/iut/rpmc/marketing.jpg]
[www.clic-formation.net/11-strategies-de-marketing-de-contenu.html]
[www.clic-formation.net/component/search/index1916.html]
[www.clic-formation.net/images/iut/rpmc/reseaux/info.jpg]
[www.clic-formation.net/component/search/index2779.html]
[www.clic-formation.net/component/search/indexf506.html]
[www.clic-formation.net/images/iut/rpmc/reseaux/res.jpg]
[www.clic-formation.net/images/iut/rpmc/reseaux/facebook-trimestre.jpg]
[www.clic-formation.net/10-intro-reseaux-sociaux.html]
[www.clic-formation.net/images/iut/rpmc/reseaux/professionnaliser-son-action-sur-facebook.pdf]
[www.clic-formation.net/images/iut/rpmc/reseaux/guide-complet-facebook.jpg]
[www.clic-formation.net/component/search/index4b7d.html]
[www.clic-formation.net/images/iut/rpmc/guide_facebook.pdf]
[www.clic-formation.net/images/iut/rpmc/facebook.jpg]
[www.clic-formation.net/09-facebookb1a8.html]
[www.clic-formation.net/09-facebook.html]
[www.clic-formation.net/images/iut/rpmc/reseau-facebook/Diapositive1.jpg]
[www.clic-formation.net/images/iut/rpmc/reseau-facebook/Diapositive2.jpg]
[www.clic-formation.net/component/search/indexe8e8.html]
[www.clic-formation.net/images/iut/rpmc/reseau-facebook/Diapositive3.jpg]
[www.clic-formation.net/images/iut/rpmc/reseau-facebook/Diapositive4.jpg]
[www.clic-formation.net/images/iut/rpmc/reseau-facebook/Diapositive5.jpg]
[www.clic-formation.net/images/iut/rpmc/reseau-facebook/Diapositive6.jpg]
[www.clic-formation.net/images/iut/rpmc/reseau-facebook/Diapositive7.jpg]
[www.clic-formation.net/images/iut/rpmc/reseau-facebook/Diapositive8.jpg]
[www.clic-formation.net/images/iut/rpmc/reseau-facebook/Diapositive9.jpg]
[www.clic-formation.net/images/iut/rpmc/reseau-facebook/Diapositive10.jpg]
[www.clic-formation.net/images/iut/rpmc/reseau-facebook/Diapositive11.jpg]
[www.clic-formation.net/images/iut/rpmc/reseau-facebook/Diapositive12.jpg]
[www.clic-formation.net/images/iut/rpmc/reseau-facebook/Diapositive13.jpg]
[www.clic-formation.net/images/iut/rpmc/reseau-facebook/Diapositive14.jpg]
[www.clic-formation.net/images/iut/rpmc/reseau-facebook/Diapositive15.jpg]
[www.clic-formation.net/images/iut/rpmc/reseau-facebook/Diapositive16.jpg]
[www.clic-formation.net/images/iut/rpmc/reseau-facebook/19.jpg]
[www.clic-formation.net/images/iut/rpmc/reseau-facebook/20.jpg]
[www.clic-formation.net/images/iut/rpmc/reseau-facebook/21.jpg]
[www.clic-formation.net/images/iut/rpmc/reseau-facebook/22.jpg]
[www.clic-formation.net/30-reseaux-sociaux-facebook.html]
[www.clic-formation.net/images/iut/rpmc/reseau-pinterest/Diapositive1.jpg]
[www.clic-formation.net/images/iut/rpmc/reseau-pinterest/Diapositive2.jpg]
[www.clic-formation.net/component/search/indexf007.html]
[www.clic-formation.net/images/iut/rpmc/reseau-pinterest/Diapositive3.jpg]
[www.clic-formation.net/images/iut/rpmc/reseau-pinterest/Diapositive4.jpg]
[www.clic-formation.net/images/iut/rpmc/reseau-pinterest/Diapositive5.jpg]
[www.clic-formation.net/images/iut/rpmc/reseau-pinterest/Diapositive6.jpg]
[www.clic-formation.net/images/iut/rpmc/reseau-pinterest/Diapositive7.jpg]
[www.clic-formation.net/images/iut/rpmc/reseau-pinterest/Diapositive9.jpg]
[www.clic-formation.net/31-pinterest.html]
[www.clic-formation.net/images/iut/rpmc/reseau-tumbler/Diapositive1.jpg]
[www.clic-formation.net/images/iut/rpmc/reseau-tumbler/Diapositive2.jpg]
[www.clic-formation.net/component/search/index2f20.html]
[www.clic-formation.net/images/iut/rpmc/reseau-tumbler/Diapositive3.jpg]
[www.clic-formation.net/images/iut/rpmc/reseau-tumbler/Diapositive4.jpg]
[www.clic-formation.net/images/iut/rpmc/reseau-tumbler/Diapositive5.jpg]
[www.clic-formation.net/images/iut/rpmc/reseau-tumbler/Diapositive6.jpg]
[www.clic-formation.net/images/iut/rpmc/reseau-tumbler/Diapositive7.jpg]
[www.clic-formation.net/images/iut/rpmc/reseau-tumbler/Diapositive8.jpg]
[www.clic-formation.net/images/iut/rpmc/reseau-tumbler/Diapositive9.jpg]
[www.clic-formation.net/images/iut/rpmc/reseau-tumbler/Diapositive10.jpg]
[www.clic-formation.net/images/iut/rpmc/reseau-tumbler/Diapositive11.jpg]
[www.clic-formation.net/images/iut/rpmc/reseau-tumbler/Diapositive12.jpg]
[www.clic-formation.net/images/iut/rpmc/reseau-tumbler/Diapositive13.jpg]
[www.clic-formation.net/images/iut/rpmc/reseau-tumbler/Diapositive14.jpg]
[www.clic-formation.net/images/iut/rpmc/reseau-tumbler/Diapositive15.jpg]
[www.clic-formation.net/images/iut/rpmc/reseau-tumbler/Diapositive16.jpg]
[www.clic-formation.net/images/iut/rpmc/reseau-tumbler/Diapositive17.jpg]
[www.clic-formation.net/images/iut/rpmc/reseau-tumbler/Diapositive18.jpg]
[www.clic-formation.net/images/iut/rpmc/reseau-tumbler/Diapositive19.jpg]
[www.clic-formation.net/32-tumblr.html]
[www.clic-formation.net/images/iut/rpmc/reseau-instagram/Diapositive1.jpg]
[www.clic-formation.net/images/iut/rpmc/reseau-instagram/Diapositive2.jpg]
[www.clic-formation.net/component/search/index129d.html]
[www.clic-formation.net/images/iut/rpmc/reseau-instagram/Diapositive3.jpg]
[www.clic-formation.net/images/iut/rpmc/reseau-instagram/Diapositive4.jpg]
[www.clic-formation.net/images/iut/rpmc/reseau-instagram/Diapositive5.jpg]
[www.clic-formation.net/images/iut/rpmc/reseau-instagram/Diapositive6.jpg]
[www.clic-formation.net/images/iut/rpmc/reseau-instagram/Diapositive7.jpg]
[www.clic-formation.net/images/iut/rpmc/reseau-instagram/Diapositive8.jpg]
[www.clic-formation.net/images/iut/rpmc/reseau-instagram/Diapositive9.jpg]
[www.clic-formation.net/images/iut/rpmc/reseau-instagram/Diapositive10.jpg]
[www.clic-formation.net/images/iut/rpmc/reseau-instagram/Diapositive11.jpg]
[www.clic-formation.net/images/iut/rpmc/reseau-instagram/Diapositive12.jpg]
[www.clic-formation.net/images/iut/rpmc/reseau-instagram/Diapositive13.jpg]
[www.clic-formation.net/images/iut/rpmc/reseau-instagram/Diapositive14.jpg]
[www.clic-formation.net/images/iut/rpmc/reseau-instagram/Diapositive16.jpg]
[www.clic-formation.net/images/iut/rpmc/reseau-instagram/Diapositive17.jpg]
[www.clic-formation.net/33-intagram.html]
[www.clic-formation.net/images/iut/rpmc/reseau-instagram/Diapositive18.jpg]
[www.clic-formation.net/images/iut/rpmc/reseau-twitter/Diapositive1.jpg]
[www.clic-formation.net/component/search/index24a6.html]
[www.clic-formation.net/images/iut/rpmc/reseau-twitter/Diapositive2.jpg]
[www.clic-formation.net/images/iut/rpmc/reseau-twitter/Diapositive3.jpg]
[www.clic-formation.net/images/iut/rpmc/reseau-twitter/Diapositive4.jpg]
[www.clic-formation.net/images/iut/rpmc/reseau-twitter/Diapositive6.jpg]
[www.clic-formation.net/images/iut/rpmc/reseau-twitter/Diapositive7.jpg]
[www.clic-formation.net/images/iut/rpmc/reseau-twitter/Diapositive10.jpg]
[www.clic-formation.net/34-twtitter.html]
[www.clic-formation.net/10-repondre-a-un-avis-negatifb1a8.html]
[www.clic-formation.net/10-repondre-a-un-avis-negatif.html]
[www.clic-formation.net/14-production-contenu.html]
[www.clic-formation.net/15-optimisation-images.html]
[www.clic-formation.net/component/search/index5dc2.html]
[www.clic-formation.net/component/search/index3031.html]
[www.clic-formation.net/component/search/index7244.html]
[www.clic-formation.net/images/iut/rpmc/longue-traine.jpg]
[www.clic-formation.net/16-long-tail.html]
[www.clic-formation.net/component/search/indexf17f.html]
[www.clic-formation.net/component/search/index6146.html]
[www.clic-formation.net/18-audacity.html]
[www.clic-formation.net/vocabulaire.html]
[www.clic-formation.net/images/iut/rpmc/Aide_memoire_informatique-Eng_fr.pdf]
[www.clic-formation.net/component/search/indexd218.html]
[www.clic-formation.net/images/iut/rpmc/archive-extrait-de-icone-5645-96.png]
[www.clic-formation.net/component/search/index595e.html]
[www.clic-formation.net/sites-utiles.html]
[www.clic-formation.net/images/access/access-etat-01/etat-01-enonce.zip]
[www.clic-formation.net/component/search/index4594.html]
[www.clic-formation.net/images/access/download-accesl.png]
[www.clic-formation.net/images/access/access-etat-01/etat-resultat-01.jpg]
[www.clic-formation.net/etat/exercice-1-etat296c.html]
[www.clic-formation.net/etat/exercice-1-etat.html]
[www.clic-formation.net/images/access/access-requete-01/requete-01-enonce.zip]
[www.clic-formation.net/images/access/access-requete-01/access-requete-resultat.jpg]
[www.clic-formation.net/requete/exercice-requete-1.html]
[www.clic-formation.net/component/search/indexe345.html]
[www.clic-formation.net/images/access/access-requete-02/enonce-access-requete-02.zip]
[www.clic-formation.net/images/access/access-requete-02/requete-02-a.jpg]
[www.clic-formation.net/component/search/indexd944.html]
[www.clic-formation.net/images/access/access-requete-02/requete-02-b.jpg]
[www.clic-formation.net/images/access/access-requete-02/requete-02-c.jpg]
[www.clic-formation.net/images/access/access-requete-02/requete-02-d.jpg]
[www.clic-formation.net/requete/exercice-2.html]
[www.clic-formation.net/images/access/bdd-01/pack.zip]
[www.clic-formation.net/component/search/index27e2.html]
[www.clic-formation.net/images/access/telecharger-excel.png]
[www.clic-formation.net/images/access/bdd-01/base.jpg]
[www.clic-formation.net/images/access/bdd-01/resultat.jpg]
[www.clic-formation.net/formulaire/exercice-1-formulaire.html]
[www.clic-formation.net/media/com_cjlib/plugins/raty/fonts/raty.eot]
[www.clic-formation.net/media/com_cjlib/plugins/raty/fonts/ratyd41d.eot]
[www.clic-formation.net/media/com_cjlib/plugins/raty/fonts/raty.ttf]
[www.clic-formation.net/media/com_cjlib/plugins/raty/fonts/raty.woff]
[www.clic-formation.net/media/com_cjlib/plugins/raty/jquery.raty.css]
[www.clic-formation.net/media/com_communityquiz/css/cj.quiz.min.css]
[www.clic-formation.net/component/search/index9bf0.html]
[www.clic-formation.net/liste-quizz/qcm-examen-civique5483.html]
[www.clic-formation.net/liste-quizz/qcm-examen-civique16f0.html]
[www.clic-formation.net/liste-quizz/qcm-examen-civique51bd.html]
[www.clic-formation.net/liste-quizz/qcm-examen-civique/examen-civique-principes-et-valeurs-de-la-republique-serie-1.html]
[www.clic-formation.net/liste-quizz/qcm-examen-civique/systeme-institutionnel-et-politique-serie-1.html]
[www.clic-formation.net/liste-quizz/qcm-examen-civique/systeme-institutionnel-et-politique-serie-2.html]
[www.clic-formation.net/liste-quizz/qcm-examen-civique/histoire.html]
[www.clic-formation.net/component/search/indexb581.html]
[www.clic-formation.net/component/search/index8ede.html]
[www.clic-formation.net/component/search/index6a33.html]
[www.clic-formation.net/component/search/index023b.html]
[www.clic-formation.net/liste-quizz/qcm-examen-civique/geographie.html]
[www.clic-formation.net/liste-quizz/qcm-examen-civique/examen-civique-principes-et-valeurs-de-la-republique-serie-2.html]
[www.clic-formation.net/component/search/indexdbb4.html]
[www.clic-formation.net/component/search/index0e6c.html]
[www.clic-formation.net/liste-quizz/excel16f0.html]
[www.clic-formation.net/liste-quizz/excel5483.html]
[www.clic-formation.net/liste-quizz/excel51bd.html]
[www.clic-formation.net/component/search/index2de2.html]
[www.clic-formation.net/liste-quizz/word16f0.html]
[www.clic-formation.net/liste-quizz/word5483.html]
[www.clic-formation.net/liste-quizz/word51bd.html]
[www.clic-formation.net/component/search/index4157.html]
[www.clic-formation.net/liste-quizz/generalites-informatiques16f0.html]
[www.clic-formation.net/liste-quizz/generalites-informatiques5483.html]
[www.clic-formation.net/liste-quizz/generalites-informatiques51bd.html]
[www.clic-formation.net/liste-quizz/generalites-informatiques/reseau-reseau-local.html]
[www.clic-formation.net/component/search/indexba41.html]
[www.clic-formation.net/component/search/indexf437.html]
[www.clic-formation.net/liste-quizz/web16f0.html]
[www.clic-formation.net/liste-quizz/web5483.html]
[www.clic-formation.net/liste-quizz/web51bd.html]
[www.clic-formation.net/component/search/indexfc46.html]
[www.clic-formation.net/liste-quizz/geographie16f0.html]
[www.clic-formation.net/liste-quizz/geographie5483.html]
[www.clic-formation.net/liste-quizz/geographie51bd.html]
[www.clic-formation.net/images/quiz-manager/pays-capitale-europe/carte.jpg]
[www.clic-formation.net/liste-quizz/geographie/region.html]
[www.clic-formation.net/component/search/index3f78.html]
[www.clic-formation.net/component/search/indexad1f.html]
[www.clic-formation.net/images/quiz-manager/fleuve-01/carte-rivieres.webp]
[www.clic-formation.net/liste-quizz/geographie/rivieres-de-france.html]
[www.clic-formation.net/liste-quizz/geographie/chef-lieu-departement-auvergne-rhone-alpes.html]
[www.clic-formation.net/liste-quizz/geographie/prefecture-occitanie.html]
[www.clic-formation.net/component/search/indexc74d.html]
[www.clic-formation.net/component/search/indexed7f.html]
[www.clic-formation.net/component/search/indexb652.html]
[www.clic-formation.net/images/quiz-manager/region-france/carte-france-regions-departements.webp]
[www.clic-formation.net/liste-quizz/geographie/ville-region.html]
[www.clic-formation.net/liste-quizz/geographie/nouvelles-regions-francaise.html]
[www.clic-formation.net/liste-quizz/geographie/les-regions-francaises-en-13-clics.html]
[www.clic-formation.net/liste-quizz/geographie/zones-et-cartes-de-france.html]
[www.clic-formation.net/component/search/indexdc02.html]
[www.clic-formation.net/component/search/index8a94.html]
[www.clic-formation.net/component/search/index17cd.html]
[www.clic-formation.net/component/search/index3ca7.html]
[www.clic-formation.net/liste-quizz/histoire16f0.html]
[www.clic-formation.net/liste-quizz/histoire5483.html]
[www.clic-formation.net/liste-quizz/histoire51bd.html]
[www.clic-formation.net/component/search/indexe839.html]
[www.clic-formation.net/liste-quizz/culture-generale16f0.html]
[www.clic-formation.net/liste-quizz/culture-generale5483.html]
[www.clic-formation.net/liste-quizz/culture-generale51bd.html]
[www.clic-formation.net/liste-quizz/culture-generale/les-gros-chiens.html]
[www.clic-formation.net/liste-quizz/culture-generale/lire-l-heure.html]
[www.clic-formation.net/component/search/indexab87.html]
[www.clic-formation.net/component/search/indexc1a9.html]
[www.clic-formation.net/component/search/indexb7f8.html]
[www.clic-formation.net/liste-quizz/primaire16f0.html]
[www.clic-formation.net/liste-quizz/primaire5483.html]
[www.clic-formation.net/liste-quizz/primaire51bd.html]
[www.clic-formation.net/liste-quizz/primaire/consommer-de-l-eau.html]
[www.clic-formation.net/liste-quizz/primaire/consommer-de-l-electricite-1.html]
[www.clic-formation.net/liste-quizz/primaire/l-heritage-d-henri-iv.html]
[www.clic-formation.net/component/search/indexfa46.html]
[www.clic-formation.net/component/search/index8cca.html]
[www.clic-formation.net/component/search/indexd408.html]
[www.clic-formation.net/component/search/indexcdec.html]
[www.clic-formation.net/liste-quizz/primaire/le-temps-des-reines.html]
[www.clic-formation.net/liste-quizz/primaire/vivre-a-versailles.html]
[www.clic-formation.net/liste-quizz/primaire/transformation-du-lait.html]
[www.clic-formation.net/liste-quizz/primaire/volcans.html]
[www.clic-formation.net/component/search/indexd555.html]
[www.clic-formation.net/component/search/indexbfc7.html]
[www.clic-formation.net/component/search/index01b2.html]
[www.clic-formation.net/component/search/indexcc47.html]
[www.clic-formation.net/liste-quizz/primaire/l-electricite-et-son-histoire.html]
[www.clic-formation.net/component/users/reset49bc.html]
[www.clic-formation.net/component/users/remind49bc.html]
[www.clic-formation.net/media/system/js/fields/passwordstrength.min64b6.js]
[www.clic-formation.net/component/search/indexa229.html]
[www.clic-formation.net/component/search/indexb765.html]
[www.clic-formation.net/accueil/rgpdbd57.html]
[www.clic-formation.net/component/users/registration49bc.html]
[www.clic-formation.net/component/search/index7ae9.html]
[www.clic-formation.net/index71b6.html]
[www.clic-formation.net/images/quizz/fabrication-yaourts/traite-des-vaches.jpg]
[www.clic-formation.net/images/quizz/fabrication-yaourts/lait.gif]
[www.clic-formation.net/images/quizz/fabrication-yaourts/01-ecremage.jpg]
[www.clic-formation.net/images/quizz/fabrication-yaourts/controle.jpg]
[www.clic-formation.net/images/quizz/fabrication-yaourts/conditionneuse.jpg]
[www.clic-formation.net/images/quizz/fabrication-yaourts/rayon.jpg]
[www.clic-formation.net/images/quizz/fabrication-yaourts/circuit.jpg]
[www.clic-formation.net/images/quizz/fabrication-yaourts/lait/resultat.gif]
[www.clic-formation.net/gareoult/la-fabrication-industrielle-du-yaourt.html]
[www.clic-formation.net/component/search/index098e.html]
[www.clic-formation.net/index55d1.html]
[www.clic-formation.net/images/quizz/consommer-de-eau/eau.jpg]
[www.clic-formation.net/images/quizz/consommer-de-eau/compteur-eau.jpg]
[www.clic-formation.net/images/quizz/consommer-de-eau/cycle-urbain-de-eau.jpg]
[www.clic-formation.net/images/quizz/consommer-de-eau/usine-eau.jpg]
[www.clic-formation.net/gareoult/consommer-de-l-eau.html]
[www.clic-formation.net/images/quizz/se-loger-centre-ville/centre-lyon.jpg]
[www.clic-formation.net/images/quizz/se-loger-centre-ville/carte.jpg]
[www.clic-formation.net/component/search/index85b7.html]
[www.clic-formation.net/images/quizz/se-loger-centre-ville/tram.jpg]
[www.clic-formation.net/images/quizz/se-loger-centre-ville/embouteillage.jpg]
[www.clic-formation.net/gareoult/se-loger-en-centre-ville.html]
[www.clic-formation.net/images/quizz/vivre-a-versailles/cour.jpg]
[www.clic-formation.net/images/quizz/vivre-a-versailles/domestique.jpg]
[www.clic-formation.net/gareoult/vivre-a-versailles.html]
[www.clic-formation.net/component/search/indexf4e4.html]
[www.clic-formation.net/indexc01c.html]
[www.clic-formation.net/component/search/index9f8c.html]
[www.clic-formation.net/images/quizz/henri4/mariage.jpg]
[www.clic-formation.net/images/quizz/henri4/blanche.jpg]
[www.clic-formation.net/images/quizz/henri4/alienor.jpg]
[www.clic-formation.net/images/quizz/henri4/anne-de-bretagne.jpg]
[www.clic-formation.net/images/quizz/henri4/catherine-de-medecis.jpg]
[www.clic-formation.net/gareoult/le-temps-des-reines.html]
[www.clic-formation.net/component/search/indexdccf.html]
[www.clic-formation.net/indexb32e.html]
[www.clic-formation.net/images/quizz/henri4/HenriIVenfants.jpg]
[www.clic-formation.net/images/quizz/henri4/poule-au-pot.jpg]
[www.clic-formation.net/images/quizz/henri4/poussin_louis13.jpg]
[www.clic-formation.net/images/quizz/henri4/laicite.jpg]
[www.clic-formation.net/gareoult/l-heritage-d-henri-iv.html]
[www.clic-formation.net/component/search/index4721.html]
[www.clic-formation.net/index1488.html]
[www.clic-formation.net/images/quizz/electricite-01/a.gif]
[www.clic-formation.net/images/quizz/electricite-01/b1.jpg]
[www.clic-formation.net/images/quizz/electricite-01/paysage.jpg]
[www.clic-formation.net/gareoult/consommer-de-l-electricite.html]
[www.clic-formation.net/modules/mod_geekgame_quiz/assets/script5438.js]
[www.clic-formation.net/jeux-de-connaissances/quiz-15-questions-serie-4.html]
[www.clic-formation.net/component/search/indexbcfa.html]
[www.clic-formation.net/modules/mod_geekgame_wordfind/assets/wordfind5438.js]
[www.clic-formation.net/component/search/index2dd8.html]
[www.clic-formation.net/jeux-de-connaissances/mots-meles-montagnes-des-pyrenees.html]
[www.clic-formation.net/modules/mod_geekgame_wordfind/assets/script5438.js]
[www.clic-formation.net/modules/mod_geekgame_matching/assets/script5438.js]
[www.clic-formation.net/jeux-de-connaissances/association-01-panneaux-dinterdiction.html]
[www.clic-formation.net/component/search/indexfb1a.html]
[www.clic-formation.net/images/puzzle/france.webp]
[www.clic-formation.net/jeux-de-connaissances/puzzle-france.html]
[www.clic-formation.net/component/search/indexd85c.html]
[www.clic-formation.net/modules/mod_geekgame_sudoku/assets/script5438.js]
[www.clic-formation.net/jeux-de-connaissances/sudoku-level-1.html]
[www.clic-formation.net/component/search/index7c73.html]
[www.clic-formation.net/component/search/indexc72c.html]
[cdnjs.cloudflare.com/ajax/libs/jqueryui/1.14.1/jquery-ui.min.js]
[www.clic-formation.net/modules/mod_geekgame_fillblanks/assets/script5438.js]
[www.clic-formation.net/jeux-de-connaissances/texte-a-trous-01-les-fleuves-francais.html]
[www.clic-formation.net/jeux-de-connaissances/mots-meles-rivieres.html]
[www.clic-formation.net/component/search/indexd73b.html]
[www.clic-formation.net/modules/mod_geekgame_memorycards/assets/script5438.js]
[www.clic-formation.net/etape-12-memory-difficile.html]
[www.clic-formation.net/jeux-de-connaissances/association-02-regions-francaises.html]
[www.clic-formation.net/jeux-de-connaissances/quiz-15-questions-serie-1.html]
[www.clic-formation.net/jeux-de-connaissances/quiz-15-questions-serie-2.html]
[www.clic-formation.net/component/search/index1cf1.html]
[www.clic-formation.net/jeux-de-connaissances/quiz-15-questions-serie-3.html]
[www.clic-formation.net/component/search/index9fd3.html]
[www.clic-formation.net/component/search/indexfcec.html]
[www.clic-formation.net/component/search/indexea0d.html]
[www.clic-formation.net/media/com_rsform/css/front.minea31.css]
[www.clic-formation.net/media/com_rsform/css/frameworks/responsive/responsive.minea31.css]
[www.clic-formation.net/media/plg_system_rsfpregistration/css/password-strengthea31.css]
[www.clic-formation.net/indexffc5.html]
[www.clic-formation.net/component/search/indexc7a4.html]
[www.clic-formation.net/images/01-excel/exercices-pratiques/cas-dates-et-annees/cas-dates-et-annees.xlsx]
[www.clic-formation.net/component/search/indexaa0a.html]
[www.clic-formation.net/images/01-excel/exercices-pratiques/cas-dates-et-annees/cas-dates-et-annees.gif]
[www.clic-formation.net/images/01-excel/exercices-pratiques/cas-dates-et-annees/cas-dates-et-annees-solution.gif]
[www.clic-formation.net/categories-telechargement/7-formations-informatiques/8-excel/cas-dates-et-annees-solution3820.xlsx]
[www.clic-formation.net/exercice-complet/cas-date-et-annees.html]
[www.clic-formation.net/exercices-asca-ul21-excel.html]
[www.clic-formation.net/accueil/rgpd.html]
[www.clic-formation.net/accueil/comment-ca-marchedbfe.html]
[www.clic-formation.net/component/search/indexb44a.html]
[www.clic-formation.net/component/search/index5b56.html]
[www.clic-formation.net/component/search/index65aa.html]
[www.clic-formation.net/media/com_phocadownload/images/folder.png]
[www.clic-formation.net/media/com_phocadownload/images/icon-document-16.png]
[www.clic-formation.net/media/com_phocadownload/images/icon-document-32.png]
[www.clic-formation.net/media/com_phocadownload/images/icon-document-48.png]
[www.clic-formation.net/media/com_phocadownload/images/icon-document-64.png]
[www.clic-formation.net/media/com_phocadownload/images/document.png]
[www.clic-formation.net/media/com_phocadownload/css/main/phocadownloadea31.css]
[www.clic-formation.net/media/plg_content_phocadownload/images/icon-download-16.png]
[www.clic-formation.net/media/plg_content_phocadownload/images/icon-download-32.png]
[www.clic-formation.net/media/plg_content_phocadownload/images/icon-download-48.png]
[www.clic-formation.net/media/plg_content_phocadownload/images/icon-download-64.png]
[www.clic-formation.net/media/plg_content_phocadownload/images/icon-categories-32.png]
[www.clic-formation.net/media/plg_content_phocadownload/images/icon-category-32.png]
[www.clic-formation.net/media/plg_content_phocadownload/images/icon-play-32.png]
[www.clic-formation.net/media/plg_content_phocadownload/images/icon-preview-32.png]
[www.clic-formation.net/media/plg_content_phocadownload/images/icon-categories-48.png]
[www.clic-formation.net/media/plg_content_phocadownload/images/icon-category-48.png]
[www.clic-formation.net/media/plg_content_phocadownload/images/icon-play-48.png]
[www.clic-formation.net/media/plg_content_phocadownload/images/icon-preview-48.png]
[www.clic-formation.net/media/plg_content_phocadownload/images/icon-categories-16.png]
[www.clic-formation.net/media/plg_content_phocadownload/images/icon-category-16.png]
[www.clic-formation.net/media/plg_content_phocadownload/images/icon-play-16.png]
[www.clic-formation.net/media/plg_content_phocadownload/images/icon-preview-16.png]
[www.clic-formation.net/media/plg_content_phocadownload/images/icon-categories-64.png]
[www.clic-formation.net/media/plg_content_phocadownload/images/icon-category-64.png]
[www.clic-formation.net/media/plg_content_phocadownload/images/icon-play-64.png]
[www.clic-formation.net/media/plg_content_phocadownload/images/icon-preview-64.png]
[www.clic-formation.net/media/plg_content_phocadownload/css/phocadownloadea31.css]
[www.clic-formation.net/component/search/index767f.html]
[www.clic-formation.net/tableur/liste-exercices-par-tags/si5a94.html]
[www.clic-formation.net/tableur/liste-exercices-par-tags/si.html]
[www.clic-formation.net/tableur/liste-exercices-par-tags/si4abd.html]
[www.clic-formation.net/tableur/liste-exercices-par-tags/graphique.html]
[www.clic-formation.net/component/search/indexb7d1.html]
[www.clic-formation.net/component/search/indexced6.html]
[www.clic-formation.net/tableur/liste-exercices-par-tags/recherche-x-v-h.html]
[www.clic-formation.net/tableur/liste-exercices-par-tags/recherche-x-v-h5a94.html]
[www.clic-formation.net/tableur/liste-exercices-par-tags/liste.html]
[www.clic-formation.net/component/tags/tag/colonne.html]
[www.clic-formation.net/component/tags/tag/format-page.html]
[www.clic-formation.net/component/search/index484d.html]
[www.clic-formation.net/images/01-excel/excel-trucs/ex-001/ex-001.xlsx]
[www.clic-formation.net/component/search/index3f77.html]
[www.clic-formation.net/component/search/index48fe.html]
[www.clic-formation.net/images/01-excel/excel-trucs/ex-001/tuto-01.webp]
[www.clic-formation.net/component/search/index0c39.html]
[www.clic-formation.net/images/01-excel/excel-trucs/ex-001/tuto-02.webp]
[www.clic-formation.net/images/01-excel/excel-trucs/ex-001/tuto-03.webp]
[www.clic-formation.net/images/01-excel/excel-trucs/ex-001/tuto-04.webp]
[www.clic-formation.net/exercice-1.html]
[www.clic-formation.net/images/01-excel/excel-trucs/ex-002/ex-002.webp]
[www.clic-formation.net/images/01-excel/excel-trucs/ex-002/ex-002-solution.webp]
[www.clic-formation.net/exercice-2.html]
[www.clic-formation.net/component/search/index621f.html]
[www.clic-formation.net/images/01-excel/excel-trucs/ex-003/ex-003.xlsx]
[www.clic-formation.net/exercice-3.html]
[www.clic-formation.net/images/01-excel/excel-trucs/ex-003/ex-003-tuto.webp]
[www.clic-formation.net/component/search/index4784.html]
[www.clic-formation.net/images/01-excel/excel-trucs/ex-004/ex-004.xlsx]
[www.clic-formation.net/images/01-excel/excel-trucs/ex-004/ex-004.webp]
[www.clic-formation.net/component/search/index78db.html]
[www.clic-formation.net/images/01-excel/excel-trucs/ex-004/tuto-01.webp]
[www.clic-formation.net/images/01-excel/excel-trucs/ex-004/tuto-02.webp]
[www.clic-formation.net/images/01-excel/excel-trucs/ex-004/ex-004-solution.webp]
[www.clic-formation.net/exercice-4.html]
[www.clic-formation.net/images/01-excel/excel-trucs/ex-005/ex-005.xlsx]
[www.clic-formation.net/images/01-excel/excel-trucs/ex-005/ex-005-solution-1.webp]
[www.clic-formation.net/component/search/index53c3.html]
[www.clic-formation.net/images/01-excel/excel-trucs/ex-005/ex-005-solution-2.webp]
[www.clic-formation.net/images/01-excel/excel-trucs/ex-005/ex-005-1.webp]
[www.clic-formation.net/images/01-excel/excel-trucs/ex-005/ex-005-2.webp]
[www.clic-formation.net/categories-telechargement/7-formations-informatiques/8-excel/ex-005-solutiona528.xlsx]
[www.clic-formation.net/exercice-5.html]
[www.clic-formation.net/etape-1-trait-simple.html]
[www.clic-formation.net/component/search/index8c78.html]
[www.clic-formation.net/images/parcours/01-souris_verte/dessin/classic_with_gui/couleur-figure.gif]
[www.clic-formation.net/images/parcours/outils/crayon.gif]
[www.clic-formation.net/component/search/indexf93b.html]
[www.clic-formation.net/images/parcours/outils/rond.gif]
[www.clic-formation.net/images/parcours/outils/zoom-moins.gif]
[www.clic-formation.net/images/parcours/outils/zoom-plus.gif]
[www.clic-formation.net/images/parcours/outils/trait.gif]
[www.clic-formation.net/images/parcours/outils/gomme.gif]
[www.clic-formation.net/images/parcours/outils/texte.gif]
[www.clic-formation.net/images/parcours/outils/clear.gif]
[www.clic-formation.net/images/parcours/outils/deplacer.gif]
[www.clic-formation.net/images/parcours/outils/polygone.gif]
[www.clic-formation.net/images/parcours/outils/taille.gif]
[www.clic-formation.net/images/parcours/outils/annuler-retablir.gif]
[www.clic-formation.net/images/parcours/outils/couleur.gif]
[www.clic-formation.net/etape-2-coloriage.html]
[www.clic-formation.net/images/parcours/01-souris_verte/dessin/classic_with_gui/couleur-tulipe.gif]
[www.clic-formation.net/b2i-etape-3.html]
[www.clic-formation.net/component/search/index1925.html]
[www.clic-formation.net/images/parcours/01-souris_verte/puzzle-vache/vache.jpg]
[www.clic-formation.net/etape-4-tour-eiffel.html]
[www.clic-formation.net/component/search/index2233.html]
[www.clic-formation.net/etape-5-coloriage.html]
[www.clic-formation.net/etape-6.html]
[www.clic-formation.net/component/search/indexfa79.html]
[www.clic-formation.net/component/search/indexd90c.html]
[www.clic-formation.net/images/parcours/01-souris_verte/galerie-voyelle/example_images/a.jpg]
[www.clic-formation.net/component/search/indexcff9.html]
[www.clic-formation.net/images/parcours/01-souris_verte/galerie-voyelle/example_images/e.jpg]
[www.clic-formation.net/images/parcours/01-souris_verte/galerie-voyelle/example_images/i.jpg]
[www.clic-formation.net/images/parcours/01-souris_verte/galerie-voyelle/example_images/o.jpg]
[www.clic-formation.net/images/parcours/01-souris_verte/galerie-voyelle/example_images/u.jpg]
[www.clic-formation.net/images/parcours/01-souris_verte/galerie-voyelle/example_images/y.jpg]
[www.clic-formation.net/etape-7.html]
[www.clic-formation.net/etape-8.html]
[www.clic-formation.net/component/search/index5f84.html]
[www.clic-formation.net/etape-9-la-rose.html]
[www.clic-formation.net/etape-12.html]
[www.clic-formation.net/component/search/indexa0a3.html]
[www.clic-formation.net/etape-13.html]
[www.clic-formation.net/etape-12-memory-facile.html]
[www.clic-formation.net/component/search/indexf6fe.html]
[www.clic-formation.net/component/search/indexdf1b.html]
[www.clic-formation.net/component/search/indexcf84.html]
[www.clic-formation.net/etape-1-trait-simple-bleu.html]
[www.clic-formation.net/images/parcours/02-souris_bleue/dessin/classic_with_gui/mondrian.gif]
[www.clic-formation.net/component/search/index5383.html]
[www.clic-formation.net/etape-2-caricature-ton-voisin.html]
[www.clic-formation.net/component/search/index3374.html]
[www.clic-formation.net/images/parcours/02-souris_bleue/dessin/classic_with_gui/couleur-maison.gif]
[www.clic-formation.net/etape-3-mosaiques.html]
[www.clic-formation.net/component/search/index1ebf.html]
[www.clic-formation.net/images/parcours/02-souris_bleue/puzzle-insecte/insecte.jpg]
[www.clic-formation.net/etape-4-paysages.html]
[www.clic-formation.net/component/search/indexca2a.html]
[www.clic-formation.net/etape-5-formes.html]
[www.clic-formation.net/component/search/index5866.html]
[www.clic-formation.net/etape-6-maisons-et-paysages.html]
[www.clic-formation.net/etape-7-le-pigouin.html]
[www.clic-formation.net/component/search/indexec88.html]
[www.clic-formation.net/etape-8-loie.html]
[www.clic-formation.net/component/search/index0dfe.html]
[www.clic-formation.net/etape-9-la-sorciere.html]
[www.clic-formation.net/component/search/index7303.html]
[www.clic-formation.net/etape-12-clic-precis.html]
[www.clic-formation.net/etape-13-clic-rapide.html]
[www.clic-formation.net/component/search/indexb79a.html]
[www.clic-formation.net/component/search/index05e6.html]
[www.clic-formation.net/component/search/index7fdb.html]
[www.clic-formation.net/images/parcours/03-souris_rouge/dessin/classic_without_gui/modele.png]
[www.clic-formation.net/etape-1-trait-simple-rouge.html]
[www.clic-formation.net/component/search/index8c9d.html]
[www.clic-formation.net/images/parcours/03-souris_rouge/dessin/classic_without_gui/modele2.png]
[www.clic-formation.net/etape-2-animation-interactive.html]
[www.clic-formation.net/component/search/index68a7.html]
[www.clic-formation.net/images/parcours/03-souris_rouge/dessin/classic_with_gui/raisin.jpg]
[www.clic-formation.net/etape-3-didapage-entrainement-menu-deroulant.html]
[www.clic-formation.net/component/search/index9e99.html]
[www.clic-formation.net/images/parcours/03-souris_rouge/puzzle-mouflon/mouflon.jpg]
[www.clic-formation.net/etape-4-animation-interactive-cliquer-glisser.html]
[www.clic-formation.net/component/search/index6ea6.html]
[www.clic-formation.net/etape-5-animation-interactive-selection-clic.html]
[www.clic-formation.net/etape-6-animation-interactive-materiel-informatique.html]
[www.clic-formation.net/component/search/index744f.html]
[www.clic-formation.net/etape-7-labyrinthe-facile.html]
[www.clic-formation.net/component/search/index5d28.html]
[www.clic-formation.net/etape-8-labyrinthe-difficile.html]
[www.clic-formation.net/component/search/index2094.html]
[www.clic-formation.net/component/search/index4776.html]
[www.clic-formation.net/etape-9-la-bonne-heure.html]
[www.clic-formation.net/etape-10-legumes.html]
[www.clic-formation.net/etape-11-pendu.html]
[www.clic-formation.net/modules/mod_accordeonmenuck/themes/default/cssf6f2.css]
[www.clic-formation.net/component/search/index7c7c.html]
[www.clic-formation.net/component/search/index49da.html]
[www.clic-formation.net/component/search/index31fc.html]
[www.clic-formation.net/etape-1-jeux-de-touche.html]
[www.clic-formation.net/component/search/indexb8b2.html]
[www.clic-formation.net/etape-2-decouverte-du-clavier.html]
[www.clic-formation.net/component/search/indexce3e.html]
[www.clic-formation.net/etape-3-les-caracteres.html]
[www.clic-formation.net/etape-4-petit-challenge.html]
[www.clic-formation.net/component/search/index88f0.html]
[www.clic-formation.net/component/search/index353c.html]
[www.clic-formation.net/etape-5-les-mots-en-br-cr.html]
[www.clic-formation.net/component/search/index8b82.html]
[www.clic-formation.net/etape-6-encore-des-mots.html]
[www.clic-formation.net/component/search/index16e7.html]
[www.clic-formation.net/etape-7-accents.html]
[www.clic-formation.net/etape-1.html]
[www.clic-formation.net/component/search/index243a.html]
[www.clic-formation.net/component/search/index16eb.html]
[www.clic-formation.net/images/parcours/05-clavier-bleu/texte-accent.png]
[www.clic-formation.net/etape-2-rappel-clavier.html]
[www.clic-formation.net/images/parcours/05-clavier-bleu/caractere-speciaux.gif]
[www.clic-formation.net/component/search/indexc5f4.html]
[www.clic-formation.net/component/search/index0f53.html]
[www.clic-formation.net/etape-3-ecrire-les-mots.html]
[www.clic-formation.net/images/parcours/05-clavier-bleu/texte-long.png]
[www.clic-formation.net/etape-4-texte-a-trous.html]
[www.clic-formation.net/component/search/indexc9c4.html]
[www.clic-formation.net/etape-5-mots-difficiles.html]
[www.clic-formation.net/etape-6-pluie-de-lettres.html]
[www.clic-formation.net/component/search/index0f0e.html]
[www.clic-formation.net/component/search/index0324.html]
[www.clic-formation.net/etape-7-petit-jeu.html]
[www.clic-formation.net/pages/c-01/clavier_bleu/clavier_bleu.html]
[www.clic-formation.net/images/parcours/exo-clavier/editor/1combinaison.html]
[www.clic-formation.net/etape-1-combinaison-de-touches.html]
[www.clic-formation.net/component/search/index809a.html]
[www.clic-formation.net/images/parcours/06-clavier-rouge/copiercoller/resultat-attendu.jpg]
[www.clic-formation.net/etape-2-raccourci-copier-coller.html]
[www.clic-formation.net/etape-3-les-touches.html]
[www.clic-formation.net/component/search/index1c6e.html]
[www.clic-formation.net/component/search/index00eb.html]
[www.clic-formation.net/etape-4-les-phrases.html]
[www.clic-formation.net/component/search/index32d9.html]
[www.clic-formation.net/etape-5-26-prenoms.html]
[www.clic-formation.net/component/search/index364f.html]
[www.clic-formation.net/etape-6-pluie-de-lettre.html]
[www.clic-formation.net/component/search/index511e.html]
[www.clic-formation.net/etape-7-pluie-de-lettres.html]
[www.clic-formation.net/component/search/index0132.html]
[www.clic-formation.net/component/search/indexbd4a.html]
[www.clic-formation.net/images/parcours/texte_vert/02-recopie.doc]
[www.clic-formation.net/etape-02-parcours-vert-traitement-de-texte.html]
[www.clic-formation.net/images/parcours/texte_vert/03-recopie-minuscule.doc]
[www.clic-formation.net/etape-03-parcours-vert-traitement-de-texte.html]
[www.clic-formation.net/component/search/indexc5a3-2.html]
[www.clic-formation.net/images/parcours/texte_vert/04-recopie-majuscule.doc]
[www.clic-formation.net/etape-04-parcours-vert-traitement-de-texte.html]
[www.clic-formation.net/component/search/index91a1.html]
[www.clic-formation.net/images/parcours/texte_vert/05-positionner-effacer.doc]
[www.clic-formation.net/etape-05-parcours-vert-traitement-de-texte.html]
[www.clic-formation.net/component/search/indexf366.html]
[www.clic-formation.net/component/search/index6ca7.html]
[www.clic-formation.net/images/parcours/texte_vert/06-positionner-effacer.doc]
[www.clic-formation.net/etape-06-parcours-vert-traitement-de-texte.html]
[www.clic-formation.net/images/parcours/texte_vert/07-positionner-espace.doc]
[www.clic-formation.net/component/search/index3fa5.html]
[www.clic-formation.net/component/search/index819c.html]
[www.clic-formation.net/images/parcours/texte_vert/caractere-lbo.jpg]
[www.clic-formation.net/images/parcours/texte_vert/caractere-word.jpg]
[www.clic-formation.net/etape-07-parcours-vert-traitement-de-texte.html]
[www.clic-formation.net/images/parcours/texte_vert/08-positionner-espace.doc]
[www.clic-formation.net/etape-08-parcours-vert-traitement-de-texte.html]
[www.clic-formation.net/component/search/indexd14f.html]
[www.clic-formation.net/images/parcours/texte_vert/09-positionner-effacer-ligne.doc]
[www.clic-formation.net/etape-09-parcours-vert-traitement-de-texte.html]
[www.clic-formation.net/component/search/indexa11a.html]
[www.clic-formation.net/images/parcours/texte_vert/10-positionner-effacer-ligne.doc]
[www.clic-formation.net/etape-10-parcours-vert-traitement-de-texte.html]
[www.clic-formation.net/images/parcours/texte_vert/11-positionner-creation-ligne.doc]
[www.clic-formation.net/etape-11-parcours-vert-traitement-de-texte.html]
[www.clic-formation.net/component/search/index53b5-2.html]
[www.clic-formation.net/component/search/index88e4.html]
[www.clic-formation.net/images/parcours/texte_vert/12-positionner-creation-ligne.doc]
[www.clic-formation.net/etape-12-parcours-vert-traitement-de-texte.html]
[www.clic-formation.net/images/parcours/texte_vert/13-positionner-creation-ligne.doc]
[www.clic-formation.net/etape-13-parcours-vert-traitement-de-texte.html]
[www.clic-formation.net/component/search/index7c67.html]
[www.clic-formation.net/component/search/index5fab.html]
[www.clic-formation.net/images/parcours/texte_vert/14-positionner-effacer-vide.doc]
[www.clic-formation.net/etape-14-parcours-vert-traitement-de-texte.html]
[www.clic-formation.net/images/parcours/texte_vert/15-positionner-espace.doc]
[www.clic-formation.net/etape-15-parcours-vert-traitement-de-texte.html]
[www.clic-formation.net/component/search/indexd16c.html]
[www.clic-formation.net/images/pages/texte_enfant/texte_bleu/02-police.doc]
[www.clic-formation.net/component/search/index30c1.html]
[www.clic-formation.net/images/parcours/texte_bleu/police-lbo.jpg]
[www.clic-formation.net/component/search/indexb03e.html]
[www.clic-formation.net/images/parcours/texte_bleu/police-word.jpg]
[www.clic-formation.net/etape-2-texte-bleu.html]
[www.clic-formation.net/images/pages/texte_enfant/texte_bleu/03-police.doc]
[www.clic-formation.net/etape-3-texte-bleu.html]
[www.clic-formation.net/images/pages/texte_enfant/texte_bleu/04-police.doc]
[www.clic-formation.net/etape-4-texte-bleu.html]
[www.clic-formation.net/component/search/index226f.html]
[www.clic-formation.net/images/pages/texte_enfant/texte_bleu/05-couleur-gras.doc]
[www.clic-formation.net/component/search/indexd663.html]
[www.clic-formation.net/images/parcours/texte_bleu/couleur-lbo.jpg]
[www.clic-formation.net/component/search/index5a66.html]
[www.clic-formation.net/images/parcours/texte_bleu/couleur-word.jpg]
[www.clic-formation.net/etape-5-texte-bleu.html]
[www.clic-formation.net/images/pages/texte_enfant/texte_bleu/06-gras.doc]
[www.clic-formation.net/etape-6-texte-bleu.html]
[www.clic-formation.net/images/pages/texte_enfant/texte_bleu/07-taille-police.doc]
[www.clic-formation.net/component/search/indexa317.html]
[www.clic-formation.net/images/parcours/texte_bleu/taille-lbo.jpg]
[www.clic-formation.net/component/search/index9a0a.html]
[www.clic-formation.net/images/parcours/texte_bleu/taille-word.jpg]
[www.clic-formation.net/etape-7-texte-bleu.html]
[www.clic-formation.net/images/pages/texte_enfant/texte_bleu/08-taille-police.doc]
[www.clic-formation.net/etape-8-texte-bleu.html]
[www.clic-formation.net/component/search/index99e5.html]
[www.clic-formation.net/etape-9-texte-bleu.html]
[www.clic-formation.net/component/search/index7bd7.html]
[www.clic-formation.net/images/pages/texte_enfant/texte_bleu/10-gras_barre.doc]
[www.clic-formation.net/component/search/index3413.html]
[www.clic-formation.net/images/parcours/texte_bleu/barre-lbo.jpg]
[www.clic-formation.net/images/parcours/texte_bleu/barre-word.jpg]
[www.clic-formation.net/etape-10-texte-bleu.html]
[www.clic-formation.net/images/pages/texte_enfant/texte_bleu/11-gras-couleur.doc]
[www.clic-formation.net/etape-11-texte-bleu.html]
[www.clic-formation.net/component/search/index1db1.html]
[www.clic-formation.net/component/search/indexa012.html]
[www.clic-formation.net/images/parcours/texte_bleu/soulignement-double-lbo.jpg]
[www.clic-formation.net/images/parcours/texte_bleu/soulignement-double-word.jpg]
[www.clic-formation.net/etape-12-texte-bleu.html]
[www.clic-formation.net/images/pages/texte_enfant/texte_bleu/13-couleur_police.doc]
[www.clic-formation.net/etape-13-texte-bleu.html]
[www.clic-formation.net/images/pages/texte_enfant/texte_bleu/14-gras-couleur-tab.doc]
[www.clic-formation.net/component/search/index9bd4.html]
[www.clic-formation.net/images/parcours/texte_bleu/tabindex.png]
[www.clic-formation.net/component/search/index8341.html]
[www.clic-formation.net/images/parcours/texte_bleu/Backspace.png]
[www.clic-formation.net/etape-14-texte-bleu.html]
[www.clic-formation.net/images/pages/texte_enfant/texte_bleu/15-tab-couleur.doc]
[www.clic-formation.net/etape-15-texte-bleu.html]
[www.clic-formation.net/images/pages/texte_enfant/texte_bleu/16-tab-couleur.doc]
[www.clic-formation.net/etape-16-texte-bleu.html]
[www.clic-formation.net/component/search/index1e2b.html]
[www.clic-formation.net/images/parcours/texte_rouge/02-copier-coller.doc]
[www.clic-formation.net/etape-2-texte-rouge.html]
[www.clic-formation.net/component/search/index5d1a.html]
[www.clic-formation.net/images/parcours/texte_rouge/03-couper-coller.doc]
[www.clic-formation.net/etape-3-texte-rouge.html]
[www.clic-formation.net/component/search/indexb966.html]
[www.clic-formation.net/component/search/index2307.html]
[www.clic-formation.net/images/parcours/texte_rouge/04-couper_coller.doc]
[www.clic-formation.net/etape-4-texte-rouge.html]
[www.clic-formation.net/component/search/index9fec.html]
[www.clic-formation.net/images/parcours/texte_rouge/05-interligne.doc]
[www.clic-formation.net/etape-5-texte-rouge.html]
[www.clic-formation.net/component/search/indexff1d.html]
[www.clic-formation.net/images/parcours/texte_rouge/06-recopier-tab.doc]
[www.clic-formation.net/component/search/indexe27d.html]
[www.clic-formation.net/images/parcours/texte_rouge/tabulation.jpg]
[www.clic-formation.net/images/parcours/texte_rouge/tabulation2.jpg]
[www.clic-formation.net/etape-6-texte-rouge.html]
[www.clic-formation.net/images/parcours/texte_rouge/07-tab.doc]
[www.clic-formation.net/etape-7-texte-rouge.html]
[www.clic-formation.net/images/parcours/texte_rouge/08-marge.doc]
[www.clic-formation.net/component/search/indexadbb.html]
[www.clic-formation.net/images/parcours/texte_rouge/marge-01.jpg]
[www.clic-formation.net/component/search/index64a0.html]
[www.clic-formation.net/images/parcours/texte_rouge/marge-02.jpg]
[www.clic-formation.net/etape-8-texte-rouge.html]
[www.clic-formation.net/images/parcours/texte_rouge/09-justifier-marge-police-taille.doc]
[www.clic-formation.net/etape-9-texte-rouge.html]
[www.clic-formation.net/images/parcours/texte_rouge/10-importation-image.doc]
[www.clic-formation.net/etape-10-texte-rouge.html]
[www.clic-formation.net/component/search/indexd269.html]
[www.clic-formation.net/images/parcours/texte_rouge/11-tableau01.doc]
[www.clic-formation.net/etape-11-texte-rouge.html]
[www.clic-formation.net/component/search/indexf5c9.html]
[www.clic-formation.net/images/parcours/texte_rouge/12-tableau02.doc]
[www.clic-formation.net/etape-12-texte-rouge.html]
[www.clic-formation.net/component/search/index4565.html]
[www.clic-formation.net/component/search/index3d34.html]
[www.clic-formation.net/component/search/indexcea4-2.html]
[www.clic-formation.net/tableur/liste-exercices-par-tags/excel-prise-en-main.html]
[www.clic-formation.net/tableur/liste-exercices-par-tags/excel-prise-en-main5a94.html]
[www.clic-formation.net/tableur/liste-exercices-par-tags/poignee-de-recopie.html]
[www.clic-formation.net/component/search/index1b5e.html]
[www.clic-formation.net/component/search/indexb23c.html]
[www.clic-formation.net/tableur/liste-exercices-par-tags/somme.html]
[www.clic-formation.net/images/01-excel/excel-competence-11/ex-001/ex-003.html]
[www.clic-formation.net/tableur/liste-exercices-par-tags/somme5a94.html]
[www.clic-formation.net/tableur/liste-exercices-par-tags/transposer.html]
[www.clic-formation.net/index0e28.html]
[www.clic-formation.net/tableur/liste-exercices-par-tags/format-cellule.html]
[www.clic-formation.net/index76e1.html]
[www.clic-formation.net/component/search/index3971.html]
[www.clic-formation.net/component/search/indexc2d7.html]
[www.clic-formation.net/media/com_phocadownload/css/custom/defaultea31.css]
[www.clic-formation.net/component/search/index8450.html]
[www.clic-formation.net/media/com_phocadownload/js/mainea31.js]
[www.clic-formation.net/media/com_phocadownload/images/mime/32/icon-spreadsheet.png]
[www.clic-formation.net/categories-telechargement/7-formations-informatiques/8-excel/31-competences-19/315-ex-001bd57.html]
[www.clic-formation.net/categories-telechargement/7-formations-informatiques/8-excel/31-competences-19/316-ex-003bd57.html]
[www.clic-formation.net/categories-telechargement/7-formations-informatiques/8-excel/31-competences-19/317-ex-004bd57.html]
[www.clic-formation.net/categories-telechargement/7-formations-informatiques/8-excel/31-competences-19/318-ex-005bd57.html]
[www.clic-formation.net/categories-telechargement/7-formations-informatiques/8-excel/31-competences-19/319-ex-006bd57.html]
[www.clic-formation.net/categories-telechargement/7-formations-informatiques/8-excel/31-competences-19/332-ex-07-graphiquebd57.html]
[www.clic-formation.net/categories-telechargement/7-formations-informatiques/8-excel/31-competences-19/333-ex-08-graphiquebd57.html]
[www.clic-formation.net/categories-telechargement/7-formations-informatiques/8-excel/31-competences-19/344-exercice-9bd57.html]
[www.clic-formation.net/categories-telechargement/7-formations-informatiques/8-excel/31-competences-19/382-ex-002-graphiquebd57.html]
[www.clic-formation.net/categories-telechargement/7-formations-informatiques/8-excel/31-competences-19/430-ex-10-graphiquebd57.html]
[www.clic-formation.net/categories-telechargement/7-formations-informatiques/8-excel/31-competences-19/515-ex-11-graphique-sparklinebd57.html]
[www.clic-formation.net/categories-telechargement/7-formations-informatiques/8-excel/31-competences-19.html]
[www.clic-formation.net/plugins/editors-xtd/imageeffectckbutton/assets/images/icon_button_imageeffectck.png]
[www.clic-formation.net/plugins/editors-xtd/imageeffectckbutton/assets/imageeffectckbutton.css]
[www.clic-formation.net/media/plg_system_imageeffectck/css/imageeffectck.css]
[www.clic-formation.net/plugins/editors-xtd/mediaboxckbutton/assets/images/icon_button_mediaboxck.png]
[www.clic-formation.net/plugins/editors-xtd/mediaboxckbutton/assets/images/ajax-loader.gif]
[www.clic-formation.net/plugins/editors-xtd/mediaboxckbutton/assets/mediaboxckbutton.css]
[www.clic-formation.net/plugins/editors-xtd/mediaboxckbutton/assets/ajax-loader.gif]
[www.clic-formation.net/plugins/editors-xtd/mediaboxckbutton/assets/ckbox.css]
[www.clic-formation.net/media/com_pagebuilderck/assets/ajax-loader.gif]
[www.clic-formation.net/media/com_pagebuilderck/assets/ckbox.css]
[www.clic-formation.net/plugins/editors-xtd/tooltipgcbutton/assets/images/icon_button_tooltipgc.png]
[www.clic-formation.net/plugins/editors-xtd/tooltipgcbutton/assets/tooltipgcbutton.css]
[www.clic-formation.net/media/com_pagebuilderck/assets/adminlist.css]
[www.clic-formation.net/media/system/css/joomla-fontawesome.min.css]
[www.clic-formation.net/templates/clic/css/custom.css]
[www.clic-formation.net/index1de5.html]
[www.clic-formation.net/media/com_cjlib/jquery/jquery.message.css]
[www.clic-formation.net/media/com_cjlib/plugins/imagepicker/image-picker.css]
[www.clic-formation.net/media/com_communityquiz/katex/fonts/KaTeX_AMS-Regular.woff2]
[www.clic-formation.net/media/com_communityquiz/katex/fonts/KaTeX_AMS-Regular.woff]
[www.clic-formation.net/media/com_communityquiz/katex/fonts/KaTeX_AMS-Regular.ttf]
[www.clic-formation.net/media/com_communityquiz/katex/fonts/KaTeX_Caligraphic-Bold.woff2]
[www.clic-formation.net/media/com_communityquiz/katex/fonts/KaTeX_Caligraphic-Bold.woff]
[www.clic-formation.net/media/com_communityquiz/katex/fonts/KaTeX_Caligraphic-Bold.ttf]
[www.clic-formation.net/media/com_communityquiz/katex/fonts/KaTeX_Caligraphic-Regular.woff2]
[www.clic-formation.net/media/com_communityquiz/katex/fonts/KaTeX_Caligraphic-Regular.woff]
[www.clic-formation.net/media/com_communityquiz/katex/fonts/KaTeX_Caligraphic-Regular.ttf]
[www.clic-formation.net/media/com_communityquiz/katex/fonts/KaTeX_Fraktur-Bold.woff2]
[www.clic-formation.net/media/com_communityquiz/katex/fonts/KaTeX_Fraktur-Bold.woff]
[www.clic-formation.net/media/com_communityquiz/katex/fonts/KaTeX_Fraktur-Bold.ttf]
[www.clic-formation.net/media/com_communityquiz/katex/fonts/KaTeX_Fraktur-Regular.woff2]
[www.clic-formation.net/media/com_communityquiz/katex/fonts/KaTeX_Fraktur-Regular.woff]
[www.clic-formation.net/media/com_communityquiz/katex/fonts/KaTeX_Fraktur-Regular.ttf]
[www.clic-formation.net/media/com_communityquiz/katex/fonts/KaTeX_Main-Bold.woff2]
[www.clic-formation.net/media/com_communityquiz/katex/fonts/KaTeX_Main-Bold.woff]
[www.clic-formation.net/media/com_communityquiz/katex/fonts/KaTeX_Main-Bold.ttf]
[www.clic-formation.net/media/com_communityquiz/katex/fonts/KaTeX_Main-BoldItalic.woff2]
[www.clic-formation.net/media/com_communityquiz/katex/fonts/KaTeX_Main-BoldItalic.woff]
[www.clic-formation.net/media/com_communityquiz/katex/fonts/KaTeX_Main-BoldItalic.ttf]
[www.clic-formation.net/media/com_communityquiz/katex/fonts/KaTeX_Main-Italic.woff2]
[www.clic-formation.net/media/com_communityquiz/katex/fonts/KaTeX_Main-Italic.woff]
[www.clic-formation.net/media/com_communityquiz/katex/fonts/KaTeX_Main-Italic.ttf]
[www.clic-formation.net/media/com_communityquiz/katex/fonts/KaTeX_Main-Regular.woff2]
[www.clic-formation.net/media/com_communityquiz/katex/fonts/KaTeX_Main-Regular.woff]
[www.clic-formation.net/media/com_communityquiz/katex/fonts/KaTeX_Main-Regular.ttf]
[www.clic-formation.net/media/com_communityquiz/katex/fonts/KaTeX_Math-BoldItalic.woff2]
[www.clic-formation.net/media/com_communityquiz/katex/fonts/KaTeX_Math-BoldItalic.woff]
[www.clic-formation.net/media/com_communityquiz/katex/fonts/KaTeX_Math-BoldItalic.ttf]
[www.clic-formation.net/media/com_communityquiz/katex/fonts/KaTeX_Math-Italic.woff2]
[www.clic-formation.net/media/com_communityquiz/katex/fonts/KaTeX_Math-Italic.woff]
[www.clic-formation.net/media/com_communityquiz/katex/fonts/KaTeX_Math-Italic.ttf]
[www.clic-formation.net/media/com_communityquiz/katex/fonts/KaTeX_SansSerif-Bold.woff2]
[www.clic-formation.net/media/com_communityquiz/katex/fonts/KaTeX_SansSerif-Bold.woff]
[www.clic-formation.net/media/com_communityquiz/katex/fonts/KaTeX_SansSerif-Bold.ttf]
[www.clic-formation.net/media/com_communityquiz/katex/fonts/KaTeX_SansSerif-Italic.woff2]
[www.clic-formation.net/media/com_communityquiz/katex/fonts/KaTeX_SansSerif-Italic.woff]
[www.clic-formation.net/media/com_communityquiz/katex/fonts/KaTeX_SansSerif-Italic.ttf]
[www.clic-formation.net/media/com_communityquiz/katex/fonts/KaTeX_SansSerif-Regular.woff2]
[www.clic-formation.net/media/com_communityquiz/katex/fonts/KaTeX_SansSerif-Regular.woff]
[www.clic-formation.net/media/com_communityquiz/katex/fonts/KaTeX_SansSerif-Regular.ttf]
[www.clic-formation.net/media/com_communityquiz/katex/fonts/KaTeX_Script-Regular.woff2]
[www.clic-formation.net/media/com_communityquiz/katex/fonts/KaTeX_Script-Regular.woff]
[www.clic-formation.net/media/com_communityquiz/katex/fonts/KaTeX_Script-Regular.ttf]
[www.clic-formation.net/media/com_communityquiz/katex/fonts/KaTeX_Size1-Regular.woff2]
[www.clic-formation.net/media/com_communityquiz/katex/fonts/KaTeX_Size1-Regular.woff]
[www.clic-formation.net/media/com_communityquiz/katex/fonts/KaTeX_Size1-Regular.ttf]
[www.clic-formation.net/media/com_communityquiz/katex/fonts/KaTeX_Size2-Regular.woff2]
[www.clic-formation.net/media/com_communityquiz/katex/fonts/KaTeX_Size2-Regular.woff]
[www.clic-formation.net/media/com_communityquiz/katex/fonts/KaTeX_Size2-Regular.ttf]
[www.clic-formation.net/media/com_communityquiz/katex/fonts/KaTeX_Size3-Regular.woff2]
[www.clic-formation.net/media/com_communityquiz/katex/fonts/KaTeX_Size3-Regular.woff]
[www.clic-formation.net/media/com_communityquiz/katex/fonts/KaTeX_Size3-Regular.ttf]
[www.clic-formation.net/media/com_communityquiz/katex/fonts/KaTeX_Size4-Regular.woff2]
[www.clic-formation.net/media/com_communityquiz/katex/fonts/KaTeX_Size4-Regular.woff]
[www.clic-formation.net/media/com_communityquiz/katex/fonts/KaTeX_Size4-Regular.ttf]
[www.clic-formation.net/media/com_communityquiz/katex/fonts/KaTeX_Typewriter-Regular.woff2]
[www.clic-formation.net/media/com_communityquiz/katex/fonts/KaTeX_Typewriter-Regular.woff]
[www.clic-formation.net/media/com_communityquiz/katex/fonts/KaTeX_Typewriter-Regular.ttf]
[www.clic-formation.net/media/com_communityquiz/katex/katex.min.css]
[www.clic-formation.net/evaluation/quizz-evaluation3756.html]
[www.clic-formation.net/evaluation/quizz-evaluation4215.html]
[www.clic-formation.net/evaluation/quizz-evaluation6e5d.html]
[www.clic-formation.net/evaluation/quizz-evaluation16f0.html]
[www.clic-formation.net/evaluation/quizz-evaluation5483.html]
[www.clic-formation.net/evaluation/quizz-evaluation51bd.html]
[www.clic-formation.net/evaluation/quizz-evaluationdb23.html]
[www.clic-formation.net/component/search/index854d.html]
[www.clic-formation.net/evaluation/quizz-operations-simples3756.html]
[www.clic-formation.net/evaluation/quizz-operations-simples4215.html]
[www.clic-formation.net/evaluation/quizz-operations-simples6e5d.html]
[www.clic-formation.net/evaluation/quizz-operations-simples16f0.html]
[www.clic-formation.net/evaluation/quizz-operations-simples5483.html]
[www.clic-formation.net/evaluation/quizz-operations-simples51bd.html]
[www.clic-formation.net/evaluation/quizz-operations-simplesdb23.html]
[www.clic-formation.net/component/search/index8c98.html]
[www.clic-formation.net/evaluation/evaluation-pourcentage3756.html]
[www.clic-formation.net/evaluation/evaluation-pourcentage4215.html]
[www.clic-formation.net/evaluation/evaluation-pourcentage6e5d.html]
[www.clic-formation.net/evaluation/evaluation-pourcentage16f0.html]
[www.clic-formation.net/evaluation/evaluation-pourcentagedb23.html]
[www.clic-formation.net/evaluation/evaluation-pourcentage5483.html]
[www.clic-formation.net/evaluation/evaluation-pourcentage51bd.html]
[www.clic-formation.net/indexf1b6.html]
[www.clic-formation.net/index8f09.html]
[www.clic-formation.net/indexed4e.html]
[www.clic-formation.net/index9f80.html]
[www.clic-formation.net/index567d.html]
[www.clic-formation.net/index906b.html]
[www.clic-formation.net/indexc10d.html]
[www.clic-formation.net/index00f1.html]
[www.clic-formation.net/index60a5.html]
[www.clic-formation.net/format-de-celulle.html]
[www.clic-formation.net/images/01-excel/excel-competence-07/ex-01/04-04-solution.html]
[www.clic-formation.net/tableur/liste-exercices-par-tags/filtre.html]
[www.clic-formation.net/tableur/liste-exercices-par-tags/tri.html]
[www.clic-formation.net/component/search/index05c1.html]
[www.clic-formation.net/tableur/liste-exercices-par-tags/gauche.html]
[www.clic-formation.net/component/search/index1cae.html]
[www.clic-formation.net/component/search/indexe492.html]
[www.clic-formation.net/tableur/liste-exercices-par-tags/nbcar.html]
[www.clic-formation.net/component/search/index4d28.html]
[www.clic-formation.net/component/search/index2a47.html]
[www.clic-formation.net/component/search/index4c72.html]
[www.clic-formation.net/component/search/index55e1.html]
[www.clic-formation.net/tableur/liste-exercices-par-tags/mefc.html]
[www.clic-formation.net/tableur/liste-exercices-par-tags/mefc5a94.html]
[www.clic-formation.net/categories-telechargement/7-formations-informatiques/8-excel/30-competences-17/309-ex-001bd57.html]
[www.clic-formation.net/component/search/index96c1.html]
[www.clic-formation.net/categories-telechargement/7-formations-informatiques/8-excel/30-competences-17/310-ex-002bd57.html]
[www.clic-formation.net/categories-telechargement/7-formations-informatiques/8-excel/30-competences-17/311-ex-003bd57.html]
[www.clic-formation.net/categories-telechargement/7-formations-informatiques/8-excel/30-competences-17/516-ex-008-mefcbd57.html]
[www.clic-formation.net/categories-telechargement/7-formations-informatiques/8-excel/30-competences-17/312-ex-004bd57.html]
[www.clic-formation.net/categories-telechargement/7-formations-informatiques/8-excel/30-competences-17/313-ex-005bd57.html]
[www.clic-formation.net/categories-telechargement/7-formations-informatiques/8-excel/30-competences-17/314-ex-006bd57.html]
[www.clic-formation.net/categories-telechargement/7-formations-informatiques/8-excel/30-competences-17/431-ex-007bd57.html]
[www.clic-formation.net/media/com_phocadownload/images/mime/32/icon-img.png]
[www.clic-formation.net/categories-telechargement/7-formations-informatiques/8-excel/30-competences-17/598-ex-009-mefcbd57.html]
[www.clic-formation.net/categories-telechargement/7-formations-informatiques/8-excel/30-competences-17.html]
[www.clic-formation.net/Exercice 1.html]
[www.clic-formation.net/component/search/indexbd70.html]
[www.clic-formation.net/categories-telechargement/7-formations-informatiques/8-excel/17-competences-20/122-ex-01bd57.html]
[www.clic-formation.net/categories-telechargement/7-formations-informatiques/8-excel/17-competences-20/236-ex-002bd57.html]
[www.clic-formation.net/categories-telechargement/7-formations-informatiques/8-excel/17-competences-20/254-ex-003bd57.html]
[www.clic-formation.net/categories-telechargement/7-formations-informatiques/8-excel/ex-004-solution4664.xlsx]
[www.clic-formation.net/categories-telechargement/7-formations-informatiques/8-excel/17-competences-20/255-ex-004bd57.html]
[www.clic-formation.net/categories-telechargement/7-formations-informatiques/8-excel/17-competences-20/256-ex-005bd57.html]
[www.clic-formation.net/categories-telechargement/7-formations-informatiques/8-excel/17-competences-20/257-ex-006bd57.html]
[www.clic-formation.net/categories-telechargement/7-formations-informatiques/8-excel/17-competences-20/347-ex-007bd57.html]
[www.clic-formation.net/categories-telechargement/7-formations-informatiques/8-excel/17-competences-20/381-ex-008bd57.html]
[www.clic-formation.net/categories-telechargement/7-formations-informatiques/8-excel/17-competences-20.html]
[www.clic-formation.net/tableur/liste-exercices-par-tags/nommage-de-cellule.html]
[www.clic-formation.net/component/search/indexa6f2.html]
[www.clic-formation.net/categories-telechargement/7-formations-informatiques/8-excel/35-competences-30/337-ex-001bd57.html]
[www.clic-formation.net/component/search/index3928.html]
[www.clic-formation.net/categories-telechargement/7-formations-informatiques/8-excel/35-competences-30/338-ex-002bd57.html]
[www.clic-formation.net/categories-telechargement/7-formations-informatiques/8-excel/35-competences-30/339-ex-003bd57.html]
[www.clic-formation.net/categories-telechargement/7-formations-informatiques/8-excel/35-competences-30/340-ex-004bd57.html]
[www.clic-formation.net/categories-telechargement/7-formations-informatiques/8-excel/35-competences-30/341-ex-005bd57.html]
[www.clic-formation.net/categories-telechargement/7-formations-informatiques/8-excel/35-competences-30/342-ex-006bd57.html]
[www.clic-formation.net/categories-telechargement/7-formations-informatiques/8-excel/35-competences-30/343-ex-007bd57.html]
[www.clic-formation.net/categories-telechargement/7-formations-informatiques/8-excel/35-competences-30/383-ex-008bd57.html]
[www.clic-formation.net/categories-telechargement/7-formations-informatiques/8-excel/35-competences-30.html]
[www.clic-formation.net/tableur/liste-exercices-par-tags/macro.html]
[www.clic-formation.net/tableur/liste-exercices-par-tags/nb-val.html]
[www.clic-formation.net/tableur/liste-exercices-par-tags/matriciel.html]
[www.clic-formation.net/component/search/index6c33.html]
[www.clic-formation.net/component/search/indexf29a.html]
[www.clic-formation.net/tableur/liste-exercices-par-tags/nb.html]
[www.clic-formation.net/index21c1.html]
[www.clic-formation.net/component/search/index8a1f.html]
[www.clic-formation.net/component/search/index18cf.html]
[www.clic-formation.net/quizz-evaluation-connexion-requise-2/quizz-valeur-absolue3756.html]
[www.clic-formation.net/quizz-evaluation-connexion-requise-2/quizz-valeur-absolue4215.html]
[www.clic-formation.net/quizz-evaluation-connexion-requise-2/quizz-valeur-absolue6e5d.html]
[www.clic-formation.net/quizz-evaluation-connexion-requise-2/quizz-valeur-absolue16f0.html]
[www.clic-formation.net/quizz-evaluation-connexion-requise-2/quizz-valeur-absoluedb23.html]
[www.clic-formation.net/quizz-evaluation-connexion-requise-2/quizz-valeur-absolue5483.html]
[www.clic-formation.net/quizz-evaluation-connexion-requise-2/quizz-valeur-absolue51bd.html]
[www.clic-formation.net/component/search/indexfb6f.html]
[www.clic-formation.net/images/01-excel/excel-competence-35/ex-001/ex-001.xlsx]
[www.clic-formation.net/component/search/indexd307.html]
[www.clic-formation.net/images/01-excel/excel-competence-35/ex-001/ex-001.gif]
[www.clic-formation.net/images/01-excel/excel-competence-35/ex-001/ex-001-solution.gif]
[www.clic-formation.net/categories-telechargement/7-formations-informatiques/8-excel/ex-001-solution0930.xlsx]
[www.clic-formation.net/exercie-1-carte-europe.html]
[www.clic-formation.net/images/01-excel/excel-competence-35/ex-002/ex-002.xlsx]
[www.clic-formation.net/component/search/indexebbc.html]
[www.clic-formation.net/images/01-excel/excel-competence-35/ex-002/ex-002.gif]
[www.clic-formation.net/images/01-excel/excel-competence-35/ex-002/ex-002-solution.gif]
[www.clic-formation.net/categories-telechargement/7-formations-informatiques/8-excel/ex-002-solution1d45.xlsx]
[www.clic-formation.net/exercie-2-region-france.html]
[www.clic-formation.net/images/01-excel/excel-competence-35/ex-003/ex-003.xlsx]
[www.clic-formation.net/images/01-excel/excel-competence-35/ex-003/ex-003.gif]
[www.clic-formation.net/component/search/indexe940.html]
[www.clic-formation.net/images/01-excel/excel-competence-35/ex-003/ex-0003-solution.gif]
[www.clic-formation.net/categories-telechargement/7-formations-informatiques/8-excel/ex-003-solution3736.xlsx]
[www.clic-formation.net/exercie-3-departement-france.html]
[www.clic-formation.net/images/01-excel/excel-competence-35/ex-004/ex-004.xlsx]
[www.clic-formation.net/images/01-excel/excel-competence-35/ex-004/ex-004.gif]
[www.clic-formation.net/component/search/index13a1.html]
[www.clic-formation.net/images/01-excel/excel-competence-35/ex-004/ex-004-solution.gif]
[www.clic-formation.net/categories-telechargement/7-formations-informatiques/8-excel/ex-004-solution66c6.xlsx]
[www.clic-formation.net/exercie-4-ville-departement.html]
[www.clic-formation.net/exercices-asca-ul11-word.html]
[www.clic-formation.net/tableur/liste-exercices-par-tags/min.html]
[www.cdformation.com/images/01-excel/exercices-pratiques/2008-05-mosaique/2008-05-mosaique-capture.html]
[www.cdformation.com/images/01-excel/exercices-pratiques/2008-05-mosaique/2008-05-mosaique-resultat-tableau.html]
[www.cdformation.com/images/01-excel/exercices-pratiques/2008-05-mosaique/2008-05-mosaique-resultat.html]
[www.clic-formation.net/tableur/liste-exercices-par-tags/no-semaine.html]
[www.clic-formation.net/tableur/liste-exercices-par-tags/joursem.html]
[www.clic-formation.net/component/search/indexff11.html]
[www.clic-formation.net/component/search/index2cc3.html]
[www.clic-formation.net/tableur/liste-exercices-par-tags/indirect.html]
[www.clic-formation.net/component/search/indexd8b5.html]
[www.clic-formation.net/tableur/liste-exercices-par-tags/nb-si.html]
[www.clic-formation.net/tableur/liste-exercices-par-tags/moyenne.html]
[www.clic-formation.net/component/search/indexe1af.html]
[www.clic-formation.net/tableur/liste-exercices-par-tags/somme-si.html]
[www.clic-formation.net/component/search/indexbc17-2.html]
[www.clic-formation.net/component/search/index26ea.html]
[www.clic-formation.net/tableur/liste-exercices-par-tags/max.html]
[www.clic-formation.net/component/search/index9bc3.html]
[www.clic-formation.net/tableur/liste-exercices-par-tags/rang.html]
[www.clic-formation.net/component/search/index58f3.html]
[www.clic-formation.net/tableur/liste-exercices-par-tags/nb-si-ens.html]
[www.clic-formation.net/indexe458.html]
[www.clic-formation.net/component/search/index0b03.html]
[www.clic-formation.net/tableur/liste-exercices-par-tags/stxt.html]
[www.clic-formation.net/component/search/index1e73.html]
[www.clic-formation.net/tableur/liste-exercices-par-tags/jour.html]
[www.clic-formation.net/tableur/liste-exercices-par-tags/minuscule.html]
[www.clic-formation.net/component/search/index5905.html]
[www.clic-formation.net/tableur/liste-exercices-par-tags/mois.html]
[www.clic-formation.net/component/search/index1d85.html]
[www.clic-formation.net/component/search/index34f5.html]
[www.clic-formation.net/tableur/liste-exercices-par-tags/tcd.html]
[www.clic-formation.net/component/search/index73b2.html]
[www.clic-formation.net/tableur/liste-exercices-par-tags/ou.html]
[www.clic-formation.net/images/01-excel/excel-competence-142/ex-si/09/09.html]
[www.clic-formation.net/component/search/index39af.html]
[www.clic-formation.net/component/search/index0993.html]
[www.clic-formation.net/component/search/indexfdf1.html]
[www.clic-formation.net/evaluation-fonction-logiques/evaluation-fonction-logique3756.html]
[www.clic-formation.net/evaluation-fonction-logiques/evaluation-fonction-logique4215.html]
[www.clic-formation.net/evaluation-fonction-logiques/evaluation-fonction-logique6e5d.html]
[www.clic-formation.net/evaluation-fonction-logiques/evaluation-fonction-logique16f0.html]
[www.clic-formation.net/evaluation-fonction-logiques/evaluation-fonction-logique5483.html]
[www.clic-formation.net/evaluation-fonction-logiques/evaluation-fonction-logique51bd.html]
[www.clic-formation.net/evaluation-fonction-logiques/evaluation-fonction-logiquedb23.html]
[www.clic-formation.net/tableur/liste-exercices-par-tags/nb-vide.html]
[www.clic-formation.net/tableur/liste-exercices-par-tags/moyenne-si.html]
[www.clic-formation.net/tableur/liste-exercices-par-tags/moyenne-si-ens.html]
[www.clic-formation.net/component/search/index461e.html]
[www.clic-formation.net/component/search/indexe4eb.html]
[www.clic-formation.net/component/search/indexe2cf.html]
[www.clic-formation.net/component/search/indexcc81.html]
[www.clic-formation.net/images/01-excel/exercices-pratiques/revision-statistique-03/revisions-fonctions-statistiques-3.xlsx]
[www.clic-formation.net/component/search/index7e35.html]
[www.clic-formation.net/images/01-excel/exercices-pratiques/revision-statistique-03/stats-03-01.gif]
[www.clic-formation.net/images/01-excel/exercices-pratiques/revision-statistique-03/stats-03.gif]
[www.clic-formation.net/images/01-excel/exercices-pratiques/revision-statistique-03/stats-03-solution.gif]
[www.clic-formation.net/categories-telechargement/7-formations-informatiques/8-excel/revisions-statistiques-3-solution2f32.xlsx]
[www.clic-formation.net/revisions-fonctions-statistiques-221c1.html]
[www.clic-formation.net/evaluation-fonction-stats/evaluation-fonction-statistiques3756.html]
[www.clic-formation.net/evaluation-fonction-stats/evaluation-fonction-statistiques4215.html]
[www.clic-formation.net/evaluation-fonction-stats/evaluation-fonction-statistiques6e5d.html]
[www.clic-formation.net/evaluation-fonction-stats/evaluation-fonction-statistiques16f0.html]
[www.clic-formation.net/evaluation-fonction-stats/evaluation-fonction-statistiquesdb23.html]
[www.clic-formation.net/evaluation-fonction-stats/evaluation-fonction-statistiques5483.html]
[www.clic-formation.net/evaluation-fonction-stats/evaluation-fonction-statistiques51bd.html]
[www.clic-formation.net/fonction-index.html]
[www.clic-formation.net/tableur/liste-exercices-par-tags/index.html]
[www.clic-formation.net/tableur/liste-exercices-par-tags/unique.html]
[www.clic-formation.net/component/search/index02a5.html]
[www.clic-formation.net/component/search/indexbb03.html]
[www.clic-formation.net/component/search/index3d18.html]
[www.clic-formation.net/component/search/index9944.html]
[www.clic-formation.net/evaluation-fonction-recherche/quizz-recherche3756.html]
[www.clic-formation.net/evaluation-fonction-recherche/quizz-recherche4215.html]
[www.clic-formation.net/evaluation-fonction-recherche/quizz-recherche6e5d.html]
[www.clic-formation.net/evaluation-fonction-recherche/quizz-recherche16f0.html]
[www.clic-formation.net/evaluation-fonction-recherche/quizz-recherchedb23.html]
[www.clic-formation.net/evaluation-fonction-recherche/quizz-recherche5483.html]
[www.clic-formation.net/evaluation-fonction-recherche/quizz-recherche51bd.html]
[www.clic-formation.net/component/search/index3475.html]
[www.clic-formation.net/component/search/index0558.html]
[www.clic-formation.net/images/01-excel/excel-competence-27/somme-si-ens/ex-004/ex-004-somme-si.xlsx]
[www.clic-formation.net/images/01-excel/excel-competence-27/somme-si-ens/ex-004/ex-004-enonce.gif]
[www.clic-formation.net/images/01-excel/excel-competence-27/somme-si-ens/ex-004/ex-004-solution.gif]
[www.clic-formation.net/categories-telechargement/7-formations-informatiques/8-excel/ex-004-somme-si-solution9f15.xlsx]
[www.clic-formation.net/fonction-somme-si-ens/exercice-3-somme-si-ense458.html]
[www.clic-formation.net/component/search/index4e65.html]
[www.clic-formation.net/fonction-sommeprod/exercice-3-sommeprod9648.html]
[www.clic-formation.net/tableur/liste-exercices-par-tags/majuscule.html]
[www.clic-formation.net/images/01-excel/excel-competence-25/ex-004/ex-004-resultat.html]
[www.clic-formation.net/tableur/liste-exercices-par-tags/trouve.html]
[www.clic-formation.net/images/01-excel/excel-competence-25/ex-006/ex-006.html]
[www.clic-formation.net/fonction-cherche/exercice-1-cherche1e01.html]
[www.clic-formation.net/component/search/indexdb0a.html]
[www.clic-formation.net/component/search/indexef40.html]
[www.clic-formation.net/component/search/indexe273.html]
[www.clic-formation.net/evaluation-fonction-logiques-2/evaluation-fonction-texte3756.html]
[www.clic-formation.net/evaluation-fonction-logiques-2/evaluation-fonction-texte4215.html]
[www.clic-formation.net/evaluation-fonction-logiques-2/evaluation-fonction-texte6e5d.html]
[www.clic-formation.net/evaluation-fonction-logiques-2/evaluation-fonction-texte16f0.html]
[www.clic-formation.net/evaluation-fonction-logiques-2/evaluation-fonction-texte5483.html]
[www.clic-formation.net/evaluation-fonction-logiques-2/evaluation-fonction-texte51bd.html]
[www.clic-formation.net/images/01-excel/excel-competence-25/ex-005/ex-005-telecharger.html]
[www.clic-formation.net/images/01-excel/excel-competence-25/ex-005/ex-005.html]
[www.clic-formation.net/images/01-excel/excel-competence-25/ex-005/ex-005-resultat.html]
[www.clic-formation.net/evaluation-fonction-logiques-2/recap1e01.html]
[www.clic-formation.net/evaluation-fonction-logiques-2/evaluation-fonction-textedb23.html]
[www.clic-formation.net/component/search/indexa7f8.html]
[www.clic-formation.net/component/search/index6c84.html]
[www.clic-formation.net/categories-telechargement/7-formations-informatiques/8-excel/ex-001-solution7224.xlsx]
[www.clic-formation.net/fonction-fin-mois/support13c2.html]
[www.clic-formation.net/fonction-fin-mois/exercice-1-fin-mois13c2.html]
[www.clic-formation.net/tableur/liste-exercices-par-tags/addition5a94.html]
[www.clic-formation.net/tableur/liste-exercices-par-tags/import.html]
[www.clic-formation.net/component/search/index534a.html]
[www.clic-formation.net/tableur/liste-exercices-par-tags/somme-si-ens.html]
[www.clic-formation.net/component/search/indexf7b2.html]
[www.clic-formation.net/component/search/indexc4b7.html]
[www.clic-formation.net/tableur/liste-exercices-par-tags/sommeprod.html]
[www.clic-formation.net/images/02-word/word-competence-01/ex-01/ex-001.html]
[www.clic-formation.net/component/tags/tag/clavier.html]
[www.clic-formation.net/component/search/indexd4cd.html]
[www.clic-formation.net/component/tags/tag/paragraphe.html]
[www.clic-formation.net/component/search/index37b3.html]
[www.clic-formation.net/component/tags/tag/puces.html]
[www.clic-formation.net/component/search/indexa652.html]
[www.clic-formation.net/component/search/indexc2ed.html]
[www.clic-formation.net/component/tags/tag/symboles.html]
[www.clic-formation.net/component/tags/tag/image.html]
[www.clic-formation.net/component/search/indexa2c3.html]
[www.clic-formation.net/component/tags/tag/saut-et-section.html]
[www.clic-formation.net/component/search/indexe24e.html]
[www.clic-formation.net/component/tags/tag/word-art.html]
[www.clic-formation.net/component/search/index8bb3.html]
[www.clic-formation.net/component/search/indexcbf6.html]
[www.clic-formation.net/images/images/02-word/word-competence-07/ex-003/ex-003.html]
[www.clic-formation.net/images/01-excel/excel-competence-08/ex-005/ex-005.html]
[www.clic-formation.net/images/02-word/word-competence-06/ex-006/lettrine.html]
[www.clic-formation.net/component/tags/tag/formes.html]
[www.clic-formation.net/component/tags/tag/smart-art.html]
[www.clic-formation.net/component/search/indexea6a.html]
[www.clic-formation.net/component/tags/tag/zone-de-texte.html]
[www.clic-formation.net/component/search/indexf653.html]
[www.clic-formation.net/.net/images/02-word/word-competence-08/ex-010/010-exercice.html]
[www.clic-formation.net/component/tags/tag/documents-longs.html]
[www.clic-formation.net/component/search/index2c3c.html]
[www.clic-formation.net/component/search/indexd5ef.html]
[www.clic-formation.net/component/tags/tag/en-tete-et-pied-de-page.html]
[www.clic-formation.net/component/tags/tag/tableau.html]
[www.clic-formation.net/component/search/index81d6.html]
[www.clic-formation.net/component/tags/tag/styles.html]
[www.clic-formation.net/component/search/indexa6ae.html]
[www.clic-formation.net/images/02-word/word-competence-16/ex-008/ex-003.html]
[www.clic-formation.net/component/tags/tag/tabulation.html]
[www.clic-formation.net/component/search/index3e11.html]
[www.clic-formation.net/component/search/index75b3.html]
[www.clic-formation.net/component/tags/tag/ctrl-h.html]
[www.clic-formation.net/images/02-word/word-competence-18/ex-001/ex-01.html]
[www.clic-formation.net/images/02-word/word-competence-19/ex-007/ex-003.html]
[www.clic-formation.net/component/tags/tag/affichage.html]
[www.clic-formation.net/component/search/indexebfd.html]
[www.clic-formation.net/component/tags/tag/modeles.html]
[www.clic-formation.net/component/search/index2389.html]
[www.clic-formation.net/component/search/index4fe3.html]
[www.clic-formation.net/component/search/index08ea.html]
[www.clic-formation.net/component/search/indexe665.html]
[www.clic-formation.net/images/02-word/tags/publipostage.png]
[www.clic-formation.net/component/tags/tag/publipostage.html]
[www.clic-formation.net/images/02-word/word-competence-18/ex-01/ex-01.html]
[www.clic-formation.net/images/02-word/word-competence-18/ex-02/exo-02.html]
[www.clic-formation.net/images/02-word/word-competence-18/ex-03/ex-03.html]
[www.clic-formation.net/images/02-word/word-competence-28/ex-005/ex-005.html]
[www.clic-formation.net/images/02-word/word-competence-28/ex-005/ex-005-solution.html]
[www.clic-formation.net/images/02-word/word-competence-03/ex-009/exo9-resultat.html]
[www.clic-formation.net/component/search/index7a9c.html]
[www.clic-formation.net/quizz-generalites3756.html]
[www.clic-formation.net/quizz-generalites4215.html]
[www.clic-formation.net/quizz-generalites6e5d.html]
[www.clic-formation.net/quizz-generalites16f0.html]
[www.clic-formation.net/quizz-generalites5483.html]
[www.clic-formation.net/quizz-generalites51bd.html]
[www.clic-formation.net/quizz-generalitesdb23.html]
[www.clic-formation.net/component/search/indexc12e.html]
[www.clic-formation.net/images/07-power-point/ex-004/aleou-corporate.pdf]
[www.clic-formation.net/component/search/index0a95.html]
[www.clic-formation.net/images/07-power-point/ex-004/images.zip]
[www.clic-formation.net/images/stories/icone-txt.png]
[www.clic-formation.net/images/07-power-point/ex-004/images/01.gif]
[www.clic-formation.net/images/07-power-point/ex-004/images/02.gif]
[www.clic-formation.net/images/07-power-point/ex-004/images/03.gif]
[www.clic-formation.net/images/07-power-point/ex-004/images/04.gif]
[www.clic-formation.net/images/07-power-point/ex-004/images/05.gif]
[www.clic-formation.net/images/07-power-point/ex-004/images/06.gif]
[www.clic-formation.net/images/07-power-point/ex-004/images/07.gif]
[www.clic-formation.net/images/07-power-point/ex-004/images/08.gif]
[www.clic-formation.net/categories-telechargement/ex-004-solution7bf9.pptx]
[www.clic-formation.net/exercice-ppt-3712a.html]
[www.clic-formation.net/exercice-ppt-5712a.html]
[www.clic-formation.net/component/search/indexfe6c.html]
[www.clic-formation.net/component/search/index6532.html]
[www.clic-formation.net/03-les-outils-outils-photofiltre/exercice-2-outils-photofiltrec3c0.html]
[www.clic-formation.net/03-les-outils-outils-photofiltre/exercice-2-outils-photofiltrea62c.html]
[www.clic-formation.net/categories-telechargement/54-power-bi/ex-00178cd.pbix]
[www.clic-formation.net/categories-telechargement/54-power-bi/ex-0022091.pbix]
[www.clic-formation.net/categories-telechargement/54-power-bi/ex-001-entreprisesd657.pbix]
[www.clic-formation.net/categories-telechargement/54-power-bi/ex-002-solution6a15.pbix]
[www.clic-formation.net/categories-telechargement/54-power-bi/ex-00131c1.pbix]
[www.clic-formation.net/images/08-powerbi/visualisation/01-histogramme-barre/003-graphique-barre-groupee/ex-002/ex-002-solution.html]
[www.clic-formation.net/categories-telechargement/54-power-bi/ex-0029b90.pbix]
[www.clic-formation.net/categories-telechargement/54-power-bi/ex-001-resultat37e0.pbix]
[www.clic-formation.net/categories-telechargement/54-power-bi/ex-002-resultat47dc.pbix]
[www.clic-formation.net/categories-telechargement/54-power-bi/graphique-empile-1008f8f.pbix]
[www.clic-formation.net/categories-telechargement/54-power-bi/ex-002-solutiond884.pbix]
[www.clic-formation.net/categories-telechargement/54-power-bi/ex-0015caa.pbix]
[www.clic-formation.net/categories-telechargement/54-power-bi/ex-0013075.pbix]
[www.clic-formation.net/categories-telechargement/54-power-bi/ex-001024c.pbix]
[www.clic-formation.net/categories-telechargement/54-power-bi/ex-001a4eb.pbix]
[www.clic-formation.net/categories-telechargement/54-power-bi/ex-0011796.pbix]
[www.clic-formation.net/categories-telechargement/54-power-bi/ex-002d272.pbix]
[www.clic-formation.net/categories-telechargement/54-power-bi/ex-0013650.pbix]
[www.clic-formation.net/categories-telechargement/54-power-bi/ex-002f423.pbix]
[www.clic-formation.net/categories-telechargement/54-power-bi/67-025-segment/567-ex-001-segmentbd57.html]
[www.clic-formation.net/categories-telechargement/54-power-bi/67-025-segment.html]
[www.clic-formation.net/categories-telechargement/54-power-bi/ex-001-resultata478.pbix]
[www.clic-formation.net/categories-telechargement/54-power-bi/ex-0029d41.pbix]
[www.clic-formation.net/categories-telechargement/ex-007-sum0dc9.pbix]
[www.clic-formation.net/categories-telechargement/gare-count7169.pbix]
[www.clic-formation.net/categories-telechargement/gare-ifa5e1.pbix]
[www.clic-formation.net/categories-telechargement/ex-003-sumxc004.pbix]
[www.clic-formation.net/categories-telechargement/ex-004-averagecd5c.pbix]
[www.clic-formation.net/categories-telechargement/calculate725e.pbix]
[www.clic-formation.net/categories-telechargement/produit93a3.pbix]
[www.clic-formation.net/categories-telechargement/livres724f.pbix]
[www.clic-formation.net/categories-telechargement/power-bi-course-visuel1332.pbix]
[www.clic-formation.net/categories-telechargement/power-bi-course-calcul62eb.pbix]
[www.clic-formation.net/telechargement/e_c3_01a.html]
[www.clic-formation.net/images/c-03/zip.html]
[www.clic-formation.net/component/search/indexd0b1.html]
[www.clic-formation.net/images/iut/police.jpg]
[www.clic-formation.net/debutant1dda.html]
[www.clic-formation.net/images/06-windows/bases/exercices/exos.css]
[www.clic-formation.net/component/search/index1c75.html]
[www.clic-formation.net/images/06-windows/bases/exercices/xtras/jquery-3.1.1.js]
[www.clic-formation.net/images/06-windows/bases/exercices/clic/index.html]
[www.clic-formation.net/images/06-windows/bases/exercices/texteselection/index.html]
[www.clic-formation.net/media/geekgames/general5438.css]
[www.clic-formation.net/modules/mod_geekgame_puzzles/assets/style5438.css]
[www.clic-formation.net/images/06-windows/exercice-04/css/demos.css]
[www.clic-formation.net/images/06-windows/exercice-04/js/drag-drop-custom.js]
[www.clic-formation.net/images/06-windows/exercice-04/drapeau.html]
[www.clic-formation.net/images/06-windows/exercice-05/index.html]
[www.clic-formation.net/images/06-windows/exercice-06/insert.gif]
[www.clic-formation.net/images/06-windows/exercice-06/index.html]
[www.clic-formation.net/images/06-windows/bases/clic_rapide.html]
[www.clic-formation.net/images/06-windows/bases/clic_precis.html]
[www.clic-formation.net/images/z1-puzzle/big.jpg]
[www.clic-formation.net/images/z1-puzzle/0.jpg]
[www.clic-formation.net/images/z1-puzzle/1.jpg]
[www.clic-formation.net/images/z1-puzzle/2.jpg]
[www.clic-formation.net/images/z1-puzzle/3.jpg]
[www.clic-formation.net/images/z1-puzzle/4.jpg]
[www.clic-formation.net/images/z1-puzzle/5.jpg]
[www.clic-formation.net/images/z1-puzzle/6.jpg]
[www.clic-formation.net/images/z1-puzzle/7.jpg]
[www.clic-formation.net/images/z1-puzzle/8.jpg]
[www.clic-formation.net/images/z1-puzzle/index.html]
[www.clic-formation.net/images/06-windows/exercice-010/1.gif]
[www.clic-formation.net/images/06-windows/exercice-010/index.html]
[www.clic-formation.net/images/06-windows/exercice-011/1.gif]
[www.clic-formation.net/images/06-windows/exercice-011/index.html]
[www.clic-formation.net/images/06-windows/exercice-012/1.gif]
[www.clic-formation.net/images/06-windows/exercice-012/index.html]
[www.clic-formation.net/images/06-windows/bases/exercices/editor/tinymce4-5-2/tinymce.min.js]
[www.clic-formation.net/images/06-windows/bases/exercices/editor/index.html]
[www.clic-formation.net/images/06-windows/bases/exercices/editor/editmodificationkeys.html]
[www.clic-formation.net/images/06-windows/bases/exercices/editor/ponctuation.html]
[www.clic-formation.net/images/06-windows/bases/exercices/editor/accents.html]
[www.clic-formation.net/images/06-windows/bases/exercices/editor/suppr.html]
[www.clic-formation.net/images/06-windows/bases/exercices/editor/tab.html]
[www.clic-formation.net/images/06-windows/bases/exercices/editor/shortcuts.html]
[www.clic-formation.net/images/06-windows/bases/exercices/editor/moves.html]
[www.clic-formation.net/images/06-windows/bases/exercices/copiercoller/index.html]
[www.clic-formation.net/tables-des-caracteres3756.html]
[www.clic-formation.net/tables-des-caracteres4215.html]
[www.clic-formation.net/tables-des-caracteres6e5d.html]
[www.clic-formation.net/tables-des-caracteres16f0.html]
[www.clic-formation.net/tables-des-caracteres5483.html]
[www.clic-formation.net/tables-des-caracteres51bd.html]
[www.clic-formation.net/tables-des-caracteresdb23.html]
[www.clic-formation.net/component/search/indexf5de.html]
[www.clic-formation.net/exercice-9cf06.html]
[www.cdformation.com/images/04-web/competence-02/disque-ssd-1200x1200.html]
[www.cdformation.com/images/04-web/competence-02/disque-dur-externe-usb.html]
[www.cdformation.com/images/04-web/competence-04/ram-1.html]
[www.clic-formation.net/support-poidscf06.html]
[www.clic-formation.net/images/04-web/competence-02/ex-002/index.html]
[www.clic-formation.net/component/search/index7f30.html]
[www.clic-formation.net/component/search/index3e98-2.html]
[www.clic-formation.net/images/06-windows/extension/ex-003/index.html]
[www.clic-formation.net/images/06-windows/exercice-10-extensions/index.html]
[www.clic-formation.net/extension3756.html]
[www.clic-formation.net/extension4215.html]
[www.clic-formation.net/extension6e5d.html]
[www.clic-formation.net/extension16f0.html]
[www.clic-formation.net/extension5483.html]
[www.clic-formation.net/extension51bd.html]
[www.clic-formation.net/extensiondb23.html]
[www.clic-formation.net/component/search/indexde64.html]
[www.clic-formation.net/images/06-windows/exercice-9-peripheriques/insert.gif]
[www.clic-formation.net/images/06-windows/exercice-9-peripheriques/index.html]
[www.clic-formation.net/evaluation-windows/peripherique3756.html]
[www.clic-formation.net/evaluation-windows/peripherique4215.html]
[www.clic-formation.net/evaluation-windows/peripherique6e5d.html]
[www.clic-formation.net/evaluation-windows/peripherique16f0.html]
[www.clic-formation.net/evaluation-windows/peripheriquedb23.html]
[www.clic-formation.net/evaluation-windows/peripherique5483.html]
[www.clic-formation.net/evaluation-windows/peripherique51bd.html]
[www.clic-formation.net/component/search/indexeef2.html]
[www.clic-formation.net/evaluation-windows/raccourcis-clavier3756.html]
[www.clic-formation.net/evaluation-windows/raccourcis-clavier4215.html]
[www.clic-formation.net/evaluation-windows/raccourcis-clavier6e5d.html]
[www.clic-formation.net/evaluation-windows/raccourcis-clavier16f0.html]
[www.clic-formation.net/evaluation-windows/raccourcis-clavierdb23.html]
[www.clic-formation.net/evaluation-windows/raccourcis-clavier5483.html]
[www.clic-formation.net/evaluation-windows/raccourcis-clavier51bd.html]
[www.clic-formation.net/images/04-web/competence-08/index.html]
[www.clic-formation.net/component/search/indexd2b7.html]
[www.clic-formation.net/quizz-messagerie3756.html]
[www.clic-formation.net/quizz-messagerie4215.html]
[www.clic-formation.net/quizz-messagerie6e5d.html]
[www.clic-formation.net/quizz-messagerie16f0.html]
[www.clic-formation.net/quizz-messagerie5483.html]
[www.clic-formation.net/quizz-messageriedb23.html]
[www.clic-formation.net/quizz-messagerie51bd.html]
[www.clic-formation.net/images/c-20/exo_scribus_05/scribus-motifs.html]
[www.clic-formation.net/images/c-20/exo_scribus_06/scribus-gestionnaire-de-style-page001.html]
[www.clic-formation.net/images/c-14/schema_fonctionnel_cloud.html]
[www.clic-formation.net/images/c-21/telecharger-pdf.html]
[www.clic-formation.net/seance-10-reseau/exercice-montage-pc7388.html]
[www.clic-formation.net/images/site/telecharger.html]
[www.clic-formation.net/seance-10-reseau/exercice-schema-reseau-017388.html]
[www.clic-formation.net/seance-16-xml.html]
[www.clic-formation.net/component/search/indexe4da.html]
[www.clic-formation.net/component/search/index4eff.html]
[www.clic-formation.net/component/search/index9b82.html]
[www.clic-formation.net/component/search/indexfeed.html]
[www.clic-formation.net/images/iut/operateur-recherche.jpg]
[www.clic-formation.net/html-2/html-3f3ab.html]
[www.clic-formation.net/component/search/indexc8a9.html]
[www.clic-formation.net/images/html/html_01.zip]
[www.clic-formation.net/html-2/html-3c9ad.html]
[www.clic-formation.net/html-2/exercice-02-cssc9ad.html]
[www.clic-formation.net/component/search/indexd5ba.html]
[www.clic-formation.net/component/search/index8ce5.html]
[www.clic-formation.net/component/search/index7e7e-2.html]
[www.clic-formation.net/09-facebookb1a8.html]
[www.clic-formation.net/10-repondre-a-un-avis-negatifb1a8.html]
[www.clic-formation.net/images/c-23-audacity/mp3.html]
[www.clic-formation.net/images/c-23-audacity/lame_enc.html]
[www.clic-formation.net/https_/haveibeenpwned.html]
[www.clic-formation.net/etat/exercice-1-etat296c.html]
[www.clic-formation.net/media/com_cjlib/plugins/raty/fonts/raty.svg]
[www.clic-formation.net/liste-quizz/qcm-examen-civique/56-morbihan.html]
[www.clic-formation.net/liste-quizz/qcm-examen-civique/58-nievres.html]
[www.clic-formation.net/liste-quizz/qcm-examen-civique/63-puy-de-dome.html]
[www.clic-formation.net/liste-quizz/qcm-examen-civique16f0.html]
[www.clic-formation.net/liste-quizz/excel/56-morbihan.html]
[www.clic-formation.net/liste-quizz/excel/58-nievres.html]
[www.clic-formation.net/liste-quizz/excel/63-puy-de-dome.html]
[www.clic-formation.net/liste-quizz/word/56-morbihan.html]
[www.clic-formation.net/liste-quizz/word/58-nievres.html]
[www.clic-formation.net/liste-quizz/word/63-puy-de-dome.html]
[www.clic-formation.net/liste-quizz/joomla2a1b.xml]
[www.clic-formation.net/liste-quizz/joomla4107.xml]
[www.clic-formation.net/liste-quizz/generalites-informatiques/56-morbihan.html]
[www.clic-formation.net/liste-quizz/generalites-informatiques/58-nievres.html]
[www.clic-formation.net/liste-quizz/generalites-informatiques/63-puy-de-dome.html]
[www.clic-formation.net/liste-quizz/joomlab39f.xml]
[www.clic-formation.net/liste-quizz/joomla632d.xml]
[www.clic-formation.net/liste-quizz/web/56-morbihan.html]
[www.clic-formation.net/liste-quizz/web/58-nievres.html]
[www.clic-formation.net/liste-quizz/web/63-puy-de-dome.html]
[www.clic-formation.net/liste-quizz/geographie/56-morbihan.html]
[www.clic-formation.net/liste-quizz/geographie/58-nievres.html]
[www.clic-formation.net/liste-quizz/geographie/63-puy-de-dome.html]
[www.clic-formation.net/liste-quizz/histoire/56-morbihan.html]
[www.clic-formation.net/liste-quizz/histoire/58-nievres.html]
[www.clic-formation.net/liste-quizz/histoire/63-puy-de-dome.html]
[www.clic-formation.net/liste-quizz/culture-generale/56-morbihan.html]
[www.clic-formation.net/liste-quizz/culture-generale/58-nievres.html]
[www.clic-formation.net/liste-quizz/culture-generale/63-puy-de-dome.html]
[www.clic-formation.net/liste-quizz/primaire/56-morbihan.html]
[www.clic-formation.net/liste-quizz/primaire/58-nievres.html]
[www.clic-formation.net/liste-quizz/primaire/63-puy-de-dome.html]
[www.clic-formation.net/component/users/_/accueil/rgpd616c.html]
[www.clic-formation.net/accueil/rgpdbd57.html]
[www.clic-formation.net/component/search/indexb7a2.html]
[www.clic-formation.net/component/search/index15e3.html]
[www.clic-formation.net/component/search/index4cca.html]
[www.clic-formation.net/component/communityquiz/quizzes49bc.html]
[www.clic-formation.net/component/communityquiz/quizzes6c76.html]
[www.clic-formation.net/component/communityquiz/search49bc.html]
[www.clic-formation.net/index71b6.html]
[www.clic-formation.net/images/quizz/fabrication-yaourts/lait/04.gif]
[www.clic-formation.net/images/quizz/fabrication-yaourts/lait/02.gif]
[www.clic-formation.net/images/quizz/fabrication-yaourts/lait/06.gif]
[www.clic-formation.net/images/quizz/fabrication-yaourts/lait/01.gif]
[www.clic-formation.net/images/quizz/fabrication-yaourts/lait/05.gif]
[www.clic-formation.net/images/quizz/fabrication-yaourts/lait/03.gif]
[www.clic-formation.net/images/quizz/fabrication-yaourts/lait/index.html]
[www.clic-formation.net/index55d1.html]
[www.clic-formation.net/indexc01c.html]
[www.clic-formation.net/indexb32e.html]
[www.clic-formation.net/index1488.html]
[www.clic-formation.net/component/search/index0b99.html]
[www.clic-formation.net/component/search/index5252.html]
[www.clic-formation.net/component/search/indexedae.html]
[www.clic-formation.net/component/search/index8597.html]
[www.clic-formation.net/indexe999.html]
[www.clic-formation.net/modules/mod_geekgame_quiz/assets/style5438.css]
[www.clic-formation.net/modules/mod_geekgame_wordfind/assets/style5438.css]
[www.clic-formation.net/modules/mod_geekgame_matching/assets/style5438.css]
[www.clic-formation.net/modules/mod_geekgame_sudoku/assets/style5438.css]
[www.clic-formation.net/modules/mod_geekgame_fillblanks/assets/style5438.css]
[www.clic-formation.net/modules/mod_geekgame_memorycards/assets/style5438.css]
[www.clic-formation.net/tableur/liste-exercices-par-tags/si5a94.html]
[www.clic-formation.net/tableur/liste-exercices-par-tags/si4abd.html]
[www.clic-formation.net/tableur/liste-exercices-par-tags/recherche-x-v-h5a94.html]
[www.clic-formation.net/component/search/indexa23c.html]
[www.clic-formation.net/component/search/index4d46.html]
[www.clic-formation.net/component/search/index8b32.html]
[www.clic-formation.net/images/parcours/01-souris_verte/dessin/_js_libs/react-0.14.3.js]
[www.clic-formation.net/images/parcours/01-souris_verte/dessin/_js_libs/literallycanvas.js]
[www.clic-formation.net/images/parcours/01-souris_verte/dessin/classic_without_gui/couleur-1.html]
[www.clic-formation.net/images/parcours/01-souris_verte/dessin/classic_with_gui/couleur-1.gif]
[www.clic-formation.net/images/parcours/01-souris_verte/dessin/classic_with_gui/couleur-1.html]
[www.clic-formation.net/images/parcours/01-souris_verte/dessin/classic_with_gui/tulipe.gif]
[www.clic-formation.net/images/parcours/01-souris_verte/dessin/classic_with_gui/tulipe.html]
[www.clic-formation.net/images/parcours/01-souris_verte/puzzle-vache/1.jpg]
[www.clic-formation.net/images/parcours/01-souris_verte/puzzle-vache/2.jpg]
[www.clic-formation.net/images/parcours/01-souris_verte/puzzle-vache/3.jpg]
[www.clic-formation.net/images/parcours/01-souris_verte/puzzle-vache/4.jpg]
[www.clic-formation.net/images/parcours/01-souris_verte/puzzle-vache/5.jpg]
[www.clic-formation.net/images/parcours/01-souris_verte/puzzle-vache/6.jpg]
[www.clic-formation.net/images/parcours/01-souris_verte/puzzle-vache/7.jpg]
[www.clic-formation.net/images/parcours/01-souris_verte/puzzle-vache/8.jpg]
[www.clic-formation.net/images/parcours/01-souris_verte/puzzle-vache/9.jpg]
[www.clic-formation.net/images/parcours/01-souris_verte/puzzle-vache/index.html]
[www.clic-formation.net/images/parcours/01-souris_verte/dessin/classic_with_gui/point-1.gif]
[www.clic-formation.net/images/parcours/01-souris_verte/dessin/classic_with_gui/point-1.html]
[www.clic-formation.net/images/parcours/01-souris_verte/dessin/classic_with_gui/point-2.gif]
[www.clic-formation.net/images/parcours/01-souris_verte/dessin/classic_with_gui/point-2.html]
[www.clic-formation.net/images/parcours/01-souris_verte/galerie-voyelle/js/floating-gallery.js]
[www.clic-formation.net/images/parcours/01-souris_verte/galerie-voyelle/images/marker_top.gif]
[www.clic-formation.net/images/parcours/01-souris_verte/galerie-voyelle/images/marker_middle.gif]
[www.clic-formation.net/images/parcours/01-souris_verte/galerie-voyelle/images/marker_bottom.gif]
[www.clic-formation.net/images/parcours/01-souris_verte/galerie-voyelle/index.html]
[www.clic-formation.net/images/parcours/01-souris_verte/reflexe/point-1.png]
[www.clic-formation.net/images/parcours/01-souris_verte/reflexe/index.html]
[www.clic-formation.net/images/parcours/01-souris_verte/tour-1.html]
[www.clic-formation.net/images/parcours/01-souris_verte/clic_precis.html]
[www.clic-formation.net/images/parcours/01-souris_verte/clic_rapide.html]
[www.clic-formation.net/images/parcours/02-souris_bleue/dessin/classic_with_gui/modele1.png]
[www.clic-formation.net/images/parcours/02-souris_bleue/dessin/_js_libs/react-0.14.3.js]
[www.clic-formation.net/images/parcours/02-souris_bleue/dessin/_js_libs/literallycanvas.js]
[www.clic-formation.net/images/parcours/02-souris_bleue/dessin/classic_with_gui/couleur-1.html]
[www.clic-formation.net/images/parcours/02-souris_bleue/dessin/classic_with_gui/couleur-2.gif]
[www.clic-formation.net/images/parcours/02-souris_bleue/dessin/classic_with_gui/index-couleur-2.html]
[www.clic-formation.net/images/parcours/02-souris_bleue/dessin/classic_with_gui/couleur-3.gif]
[www.clic-formation.net/images/parcours/02-souris_bleue/dessin/classic_with_gui/index-couleur-21.html]
[www.clic-formation.net/images/parcours/02-souris_bleue/puzzle-insecte/1.jpg]
[www.clic-formation.net/images/parcours/02-souris_bleue/puzzle-insecte/2.jpg]
[www.clic-formation.net/images/parcours/02-souris_bleue/puzzle-insecte/3.jpg]
[www.clic-formation.net/images/parcours/02-souris_bleue/puzzle-insecte/4.jpg]
[www.clic-formation.net/images/parcours/02-souris_bleue/puzzle-insecte/5.jpg]
[www.clic-formation.net/images/parcours/02-souris_bleue/puzzle-insecte/6.jpg]
[www.clic-formation.net/images/parcours/02-souris_bleue/puzzle-insecte/7.jpg]
[www.clic-formation.net/images/parcours/02-souris_bleue/puzzle-insecte/8.jpg]
[www.clic-formation.net/images/parcours/02-souris_bleue/puzzle-insecte/9.jpg]
[www.clic-formation.net/images/parcours/02-souris_bleue/puzzle-insecte/10.jpg]
[www.clic-formation.net/images/parcours/02-souris_bleue/puzzle-insecte/11.jpg]
[www.clic-formation.net/images/parcours/02-souris_bleue/puzzle-insecte/12.jpg]
[www.clic-formation.net/images/parcours/02-souris_bleue/puzzle-insecte/13.jpg]
[www.clic-formation.net/images/parcours/02-souris_bleue/puzzle-insecte/14.jpg]
[www.clic-formation.net/images/parcours/02-souris_bleue/puzzle-insecte/15.jpg]
[www.clic-formation.net/images/parcours/02-souris_bleue/puzzle-insecte/16.jpg]
[www.clic-formation.net/images/parcours/02-souris_bleue/puzzle-insecte/index.html]
[www.clic-formation.net/images/parcours/02-souris_bleue/dessin/classic_with_gui/point-2.gif]
[www.clic-formation.net/images/parcours/02-souris_bleue/dessin/classic_with_gui/index-point-2.html]
[www.clic-formation.net/images/parcours/02-souris_bleue/dessin/classic_with_gui/point-3.gif]
[www.clic-formation.net/images/parcours/02-souris_bleue/dessin/classic_with_gui/index-point-3.html]
[www.clic-formation.net/images/parcours/02-souris_bleue/galerie-consonne/js/floating-gallery.js]
[www.clic-formation.net/images/parcours/02-souris_bleue/galerie-consonne/example_images/h.jpg]
[www.clic-formation.net/images/parcours/02-souris_bleue/galerie-consonne/example_images/v.jpg]
[www.clic-formation.net/images/parcours/02-souris_bleue/galerie-consonne/example_images/x.jpg]
[www.clic-formation.net/images/parcours/02-souris_bleue/galerie-consonne/example_images/f.jpg]
[www.clic-formation.net/images/parcours/02-souris_bleue/galerie-consonne/example_images/k.jpg]
[www.clic-formation.net/images/parcours/02-souris_bleue/galerie-consonne/example_images/g.jpg]
[www.clic-formation.net/images/parcours/02-souris_bleue/galerie-consonne/example_images/z.jpg]
[www.clic-formation.net/images/parcours/02-souris_bleue/galerie-consonne/example_images/t.jpg]
[www.clic-formation.net/images/parcours/02-souris_bleue/galerie-consonne/example_images/m.jpg]
[www.clic-formation.net/images/parcours/02-souris_bleue/galerie-consonne/example_images/s.jpg]
[www.clic-formation.net/images/parcours/02-souris_bleue/galerie-consonne/example_images/w.jpg]
[www.clic-formation.net/images/parcours/02-souris_bleue/galerie-consonne/example_images/j.jpg]
[www.clic-formation.net/images/parcours/02-souris_bleue/galerie-consonne/example_images/r.jpg]
[www.clic-formation.net/images/parcours/02-souris_bleue/galerie-consonne/example_images/c.jpg]
[www.clic-formation.net/images/parcours/02-souris_bleue/galerie-consonne/example_images/d.jpg]
[www.clic-formation.net/images/parcours/02-souris_bleue/galerie-consonne/example_images/n.jpg]
[www.clic-formation.net/images/parcours/02-souris_bleue/galerie-consonne/example_images/p.jpg]
[www.clic-formation.net/images/parcours/02-souris_bleue/galerie-consonne/example_images/b.jpg]
[www.clic-formation.net/images/parcours/02-souris_bleue/galerie-consonne/example_images/l.jpg]
[www.clic-formation.net/images/parcours/02-souris_bleue/galerie-consonne/example_images/q.jpg]
[www.clic-formation.net/images/parcours/02-souris_bleue/galerie-consonne/images/marker_top.gif]
[www.clic-formation.net/images/parcours/02-souris_bleue/galerie-consonne/images/marker_middle.gif]
[www.clic-formation.net/images/parcours/02-souris_bleue/galerie-consonne/images/marker_bottom.gif]
[www.clic-formation.net/images/parcours/02-souris_bleue/galerie-consonne/index.html]
[www.clic-formation.net/images/parcours/02-souris_bleue/reflexe/point-2.png]
[www.clic-formation.net/images/parcours/02-souris_bleue/reflexe/rapide.html]
[www.clic-formation.net/images/parcours/02-souris_bleue/tour-2.html]
[www.clic-formation.net/images/parcours/02-souris_bleue/clic_precis.html]
[www.clic-formation.net/images/parcours/03-souris_rouge/dessin/_js_libs/jquery-1.8.2.js]
[www.clic-formation.net/images/parcours/03-souris_rouge/dessin/_js_libs/literallycanvas-core.js]
[www.clic-formation.net/images/parcours/03-souris_rouge/dessin/classic_without_gui/index.html]
[www.clic-formation.net/images/parcours/03-souris_rouge/dessin/classic_without_gui/index2.html]
[www.clic-formation.net/images/parcours/03-souris_rouge/dessin/classic_with_gui/blanc.gif]
[www.clic-formation.net/images/parcours/03-souris_rouge/dessin/_js_libs/react-0.14.3.js]
[www.clic-formation.net/images/parcours/03-souris_rouge/dessin/_js_libs/literallycanvas.js]
[www.clic-formation.net/images/parcours/03-souris_rouge/dessin/classic_with_gui/index-couleur-1.html]
[www.clic-formation.net/images/parcours/03-souris_rouge/puzzle-mouflon/1.jpg]
[www.clic-formation.net/images/parcours/03-souris_rouge/puzzle-mouflon/2.jpg]
[www.clic-formation.net/images/parcours/03-souris_rouge/puzzle-mouflon/3.jpg]
[www.clic-formation.net/images/parcours/03-souris_rouge/puzzle-mouflon/4.jpg]
[www.clic-formation.net/images/parcours/03-souris_rouge/puzzle-mouflon/5.jpg]
[www.clic-formation.net/images/parcours/03-souris_rouge/puzzle-mouflon/6.jpg]
[www.clic-formation.net/images/parcours/03-souris_rouge/puzzle-mouflon/7.jpg]
[www.clic-formation.net/images/parcours/03-souris_rouge/puzzle-mouflon/8.jpg]
[www.clic-formation.net/images/parcours/03-souris_rouge/puzzle-mouflon/9.jpg]
[www.clic-formation.net/images/parcours/03-souris_rouge/puzzle-mouflon/10.jpg]
[www.clic-formation.net/images/parcours/03-souris_rouge/puzzle-mouflon/11.jpg]
[www.clic-formation.net/images/parcours/03-souris_rouge/puzzle-mouflon/12.jpg]
[www.clic-formation.net/images/parcours/03-souris_rouge/puzzle-mouflon/13.jpg]
[www.clic-formation.net/images/parcours/03-souris_rouge/puzzle-mouflon/14.jpg]
[www.clic-formation.net/images/parcours/03-souris_rouge/puzzle-mouflon/15.jpg]
[www.clic-formation.net/images/parcours/03-souris_rouge/puzzle-mouflon/16.jpg]
[www.clic-formation.net/images/parcours/03-souris_rouge/puzzle-mouflon/17.jpg]
[www.clic-formation.net/images/parcours/03-souris_rouge/puzzle-mouflon/18.jpg]
[www.clic-formation.net/images/parcours/03-souris_rouge/puzzle-mouflon/19.jpg]
[www.clic-formation.net/images/parcours/03-souris_rouge/puzzle-mouflon/20.jpg]
[www.clic-formation.net/images/parcours/03-souris_rouge/puzzle-mouflon/21.jpg]
[www.clic-formation.net/images/parcours/03-souris_rouge/puzzle-mouflon/22.jpg]
[www.clic-formation.net/images/parcours/03-souris_rouge/puzzle-mouflon/23.jpg]
[www.clic-formation.net/images/parcours/03-souris_rouge/puzzle-mouflon/24.jpg]
[www.clic-formation.net/images/parcours/03-souris_rouge/puzzle-mouflon/25.jpg]
[www.clic-formation.net/images/parcours/03-souris_rouge/puzzle-mouflon/index.html]
[www.clic-formation.net/images/parcours/03-souris_rouge/clic/index.html]
[www.clic-formation.net/images/parcours/03-souris_rouge/reflexe/point-3.png]
[www.clic-formation.net/images/parcours/03-souris_rouge/reflexe/rapide.html]
[www.clic-formation.net/images/parcours/03-souris_rouge/tour-3.html]
[pagead2.googlesyndication.com/pagead/f.txt]
[www.clic-formation.net/images/parcours/03-souris_rouge/clic_precis.html]
[www.clic-formation.net/images/parcours/03-souris_rouge/pendu/script/pendu_donnees.js]
[www.clic-formation.net/images/parcours/03-souris_rouge/pendu/script/pendu_lettres.js]
[www.clic-formation.net/images/parcours/03-souris_rouge/pendu/script/pendu_alpha.js]
[www.clic-formation.net/images/parcours/03-souris_rouge/pendu/script/pendu_theme.js]
[www.clic-formation.net/images/parcours/03-souris_rouge/pendu/script/pendu_mot.js]
[www.clic-formation.net/images/parcours/03-souris_rouge/pendu/script/pendu_image.js]
[www.clic-formation.net/images/parcours/03-souris_rouge/pendu/script/pendu_comments.js]
[www.clic-formation.net/images/parcours/03-souris_rouge/pendu/script/pendu_score.js]
[www.clic-formation.net/images/parcours/03-souris_rouge/pendu/script/pendu_jeu.js]
[www.clic-formation.net/images/parcours/03-souris_rouge/pendu/images/penduv20.gif]
[www.clic-formation.net/images/parcours/03-souris_rouge/pendu/images/penduv21.gif]
[www.clic-formation.net/images/parcours/03-souris_rouge/pendu/images/penduv22.gif]
[www.clic-formation.net/images/parcours/03-souris_rouge/pendu/pendu.html]
[code.jquery.com/jquery-2.1.1.js]
[www.clic-formation.net/images/parcours/04-clavier-vert/pendu/index.html]
[www.clic-formation.net/images/parcours/04-clavier-vert/pendu/scriptV3p.js]
[www.clic-formation.net/images/parcours/exo-clavier/exos.css]
[www.clic-formation.net/images/parcours/exo-clavier/xtras/jquery-3.1.1.js]
[www.clic-formation.net/images/parcours/exo-clavier/editor/tinymce4-5-2/tinymce.min.js]
[www.clic-formation.net/images/parcours/exo-clavier/editor/ecrire.html]
[www.clic-formation.net/images/parcours/exo-clavier/editor/accents-lettre-e.html]
[www.clic-formation.net/images/parcours/exo-clavier/editor/ponctuation.html]
[www.clic-formation.net/images/parcours/04-clavier-vert/bravo3.html]
[www.clic-formation.net/images/parcours/04-clavier-vert/01-minuscule.html]
[www.clic-formation.net/images/parcours/04-clavier-vert/bravo1.html]
[www.clic-formation.net/images/parcours/04-clavier-vert/02-majuscule.html]
[www.clic-formation.net/images/parcours/04-clavier-vert/pluie/rainjs.js]
[www.clic-formation.net/images/parcours/04-clavier-vert/pluie/browserjs.js]
[www.clic-formation.net/images/parcours/04-clavier-vert/pluie/cookiesjs.js]
[www.clic-formation.net/images/parcours/04-clavier-vert/pluie/grfing.gif]
[www.clic-formation.net/images/parcours/04-clavier-vert/pluie/green.gif]
[www.clic-formation.net/images/parcours/04-clavier-vert/pluie/greenalpfa.gif]
[www.clic-formation.net/images/parcours/04-clavier-vert/pluie/floweryellow.gif]
[www.clic-formation.net/images/parcours/04-clavier-vert/pluie/vert.html]
[www.clic-formation.net/images/parcours/exo-clavier/editor/deplacement.html]
[www.clic-formation.net/images/parcours/exo-clavier/editor/ecrire-special.html]
[www.clic-formation.net/images/parcours/exo-clavier/editor/textelong.html]
[www.clic-formation.net/images/parcours/05-clavier-bleu/bravo4.html]
[www.clic-formation.net/images/parcours/05-clavier-bleu/06_accent.html]
[www.clic-formation.net/images/parcours/05-clavier-bleu/07_prenom.html]
[www.clic-formation.net/images/parcours/05-clavier-bleu/pluie/rainjs.js]
[www.clic-formation.net/images/parcours/05-clavier-bleu/pluie/browserjs.js]
[www.clic-formation.net/images/parcours/05-clavier-bleu/pluie/cookiesjs.js]
[www.clic-formation.net/images/parcours/05-clavier-bleu/pluie/grfing.gif]
[www.clic-formation.net/images/parcours/05-clavier-bleu/pluie/green.gif]
[www.clic-formation.net/images/parcours/05-clavier-bleu/pluie/greenalpfa.gif]
[www.clic-formation.net/images/parcours/05-clavier-bleu/pluie/floweryellow.gif]
[www.clic-formation.net/images/parcours/05-clavier-bleu/pluie/bleu.html]
[www.clic-formation.net/images/parcours/exo-clavier/editor/1combinaison.html]
[www.clic-formation.net/images/parcours/06-clavier-rouge/copiercoller/index.html]
[www.clic-formation.net/images/parcours/exo-clavier/editor/tabulation.html]
[www.clic-formation.net/images/parcours/exo-clavier/editor/ctrl.html]
[www.clic-formation.net/images/parcours/exo-clavier/editor/ctrl-fin.html]
[www.clic-formation.net/images/parcours/06-clavier-rouge/pluie/rainjs.js]
[www.clic-formation.net/images/parcours/06-clavier-rouge/pluie/browserjs.js]
[www.clic-formation.net/images/parcours/06-clavier-rouge/pluie/cookiesjs.js]
[www.clic-formation.net/images/parcours/06-clavier-rouge/pluie/grfing.gif]
[www.clic-formation.net/images/parcours/06-clavier-rouge/pluie/green.gif]
[www.clic-formation.net/images/parcours/06-clavier-rouge/pluie/greenalpfa.gif]
[www.clic-formation.net/images/parcours/06-clavier-rouge/pluie/floweryellow.gif]
[www.clic-formation.net/images/parcours/06-clavier-rouge/pluie/rouge.html]
[www.clic-formation.net/images/pages/texte_enfant/texte_bleu/08-gras-italique.html]
[www.clic-formation.net/images/pages/texte_enfant/texte_bleu/13-souligne-double.html]
[www.clic-formation.net/tableur/liste-exercices-par-tags/excel-prise-en-main5a94.html]
[www.clic-formation.net/tableur/liste-exercices-par-tags/somme5a94.html]
[www.clic-formation.net/component/search/index06d9.html]
[www.clic-formation.net/component/search/indexf877.html]
[www.clic-formation.net/media/com_phocadownload/images/icon-voting.png]
[www.clic-formation.net/media/com_phocadownload/images/icon-voting-small.png]
[www.clic-formation.net/media/com_phocadownload/css/main/ratingea31.css]
[www.clic-formation.net/media/com_phocadownload/css/custom/defaultea31.css]
[www.clic-formation.net/media/com_phocadownload/js/overlib/overlib_mini.js]
[www.clic-formation.net/categories-telechargement/7-formations-informatiques/8-excel/31-competences-19/315-ex-001bd57.html]
[www.clic-formation.net/categories-telechargement/7-formations-informatiques/8-excel/31-competences-19/316-ex-003bd57.html]
[www.clic-formation.net/categories-telechargement/7-formations-informatiques/8-excel/31-competences-19/317-ex-004bd57.html]
[www.clic-formation.net/categories-telechargement/7-formations-informatiques/8-excel/31-competences-19/318-ex-005bd57.html]
[www.clic-formation.net/categories-telechargement/7-formations-informatiques/8-excel/31-competences-19/319-ex-006bd57.html]
[www.clic-formation.net/categories-telechargement/7-formations-informatiques/8-excel/31-competences-19/332-ex-07-graphiquebd57.html]
[www.clic-formation.net/categories-telechargement/7-formations-informatiques/8-excel/31-competences-19/333-ex-08-graphiquebd57.html]
[www.clic-formation.net/categories-telechargement/7-formations-informatiques/8-excel/31-competences-19/344-exercice-9bd57.html]
[www.clic-formation.net/categories-telechargement/7-formations-informatiques/8-excel/31-competences-19/382-ex-002-graphiquebd57.html]
[www.clic-formation.net/categories-telechargement/7-formations-informatiques/8-excel/31-competences-19/430-ex-10-graphiquebd57.html]
[www.clic-formation.net/categories-telechargement/7-formations-informatiques/8-excel/31-competences-19/515-ex-11-graphique-sparklinebd57.html]
[www.clic-formation.net/media/com_pagebuilderck/assets/adminlist.css]
[www.clic-formation.net/templates/clic/css/bootstrap.css]
[www.clic-formation.net/templates/clic/css/template.css]
[www.clic-formation.net/media/system/css/joomla-fontawesome.min.css]
[www.clic-formation.net/templates/clic/css/mobile.css]
[www.clic-formation.net/templates/clic/css/custom.css]
[www.clic-formation.net/media/com_pagebuilderck/images/ajax-loader.gif]
[www.clic-formation.net/media/com_pagebuilderck/images/disable.png]
[www.clic-formation.net/media/com_pagebuilderck/images/logo_pagebuilderck_large_48.png]
[www.clic-formation.net/media/com_pagebuilderck/images/ajax-loader-24.gif]
[www.clic-formation.net/media/com_pagebuilderck/images/arrow_move.gif]
[www.clic-formation.net/media/com_pagebuilderck/images/icon_star_pagebuilderck.png]
[www.clic-formation.net/media/com_pagebuilderck/images/pin.png]
[www.clic-formation.net/media/com_pagebuilderck/images/pin_active.png]
[www.clic-formation.net/media/com_pagebuilderck/images/lock_open.png]
[www.clic-formation.net/media/com_pagebuilderck/images/lock.png]
[www.clic-formation.net/media/com_pagebuilderck/assets/pagebuilderckf8ee.css]
[www.clic-formation.net/components/com_pagebuilderck/fonts/fontawesome-webfont3e6e.eot]
[www.clic-formation.net/components/com_pagebuilderck/fonts/fontawesome-webfontd41d.eot]
[www.clic-formation.net/components/com_pagebuilderck/fonts/fontawesome-webfont3e6e.woff2]
[www.clic-formation.net/components/com_pagebuilderck/fonts/fontawesome-webfont3e6e.woff]
[www.clic-formation.net/components/com_pagebuilderck/fonts/fontawesome-webfont3e6e.ttf]
[www.clic-formation.net/components/com_pagebuilderck/assets/font-awesome.min.css]
[www.clic-formation.net/evaluation/quizz-evaluation3756.html]
[www.clic-formation.net/evaluation/quizz-evaluation4215.html]
[www.clic-formation.net/evaluation/quizz-evaluation6e5d.html]
[www.clic-formation.net/evaluation/quizz-evaluationdb23.html]
[www.clic-formation.net/component/search/index4304.html]
[www.clic-formation.net/component/search/indexe8a9.html]
[www.clic-formation.net/component/search/index508b.html]
[www.clic-formation.net/evaluation/quizz-operations-simples3756.html]
[www.clic-formation.net/evaluation/quizz-operations-simples4215.html]
[www.clic-formation.net/evaluation/quizz-operations-simples6e5d.html]
[www.clic-formation.net/component/search/indexfa47.html]
[www.clic-formation.net/evaluation/quizz-operations-simplesdb23.html]
[www.clic-formation.net/component/search/index4d8d.html]
[www.clic-formation.net/component/search/indexa451.html]
[www.clic-formation.net/component/search/index0d9a.html]
[www.clic-formation.net/evaluation/evaluation-pourcentage3756.html]
[www.clic-formation.net/evaluation/evaluation-pourcentage4215.html]
[www.clic-formation.net/evaluation/evaluation-pourcentage6e5d.html]
[www.clic-formation.net/component/search/indexfe0c.html]
[www.clic-formation.net/evaluation/evaluation-pourcentagedb23.html]
[www.clic-formation.net/component/search/index9216.html]
[www.clic-formation.net/component/search/indexc165.html]
[www.clic-formation.net/tableur/liste-exercices-par-tags/mefc5a94.html]
[www.clic-formation.net/component/search/index614d.html]
[www.clic-formation.net/categories-telechargement/7-formations-informatiques/8-excel/30-competences-17/309-ex-001bd57.html]
[www.clic-formation.net/categories-telechargement/7-formations-informatiques/8-excel/30-competences-17/310-ex-002bd57.html]
[www.clic-formation.net/categories-telechargement/7-formations-informatiques/8-excel/30-competences-17/311-ex-003bd57.html]
[www.clic-formation.net/categories-telechargement/7-formations-informatiques/8-excel/30-competences-17/516-ex-008-mefcbd57.html]
[www.clic-formation.net/categories-telechargement/7-formations-informatiques/8-excel/30-competences-17/312-ex-004bd57.html]
[www.clic-formation.net/categories-telechargement/7-formations-informatiques/8-excel/30-competences-17/313-ex-005bd57.html]
[www.clic-formation.net/categories-telechargement/7-formations-informatiques/8-excel/30-competences-17/314-ex-006bd57.html]
[www.clic-formation.net/categories-telechargement/7-formations-informatiques/8-excel/30-competences-17/431-ex-007bd57.html]
[www.clic-formation.net/categories-telechargement/7-formations-informatiques/8-excel/30-competences-17/598-ex-009-mefcbd57.html]
[www.clic-formation.net/images/phocadownload/16-excel.html]
[www.clic-formation.net/categories-telechargement/7-formations-informatiques/8-excel/17-competences-20/122-ex-01bd57.html]
[www.clic-formation.net/categories-telechargement/7-formations-informatiques/8-excel/17-competences-20/236-ex-002bd57.html]
[www.clic-formation.net/categories-telechargement/7-formations-informatiques/8-excel/17-competences-20/254-ex-003bd57.html]
[www.clic-formation.net/categories-telechargement/7-formations-informatiques/8-excel/17-competences-20/255-ex-004bd57.html]
[www.clic-formation.net/categories-telechargement/7-formations-informatiques/8-excel/17-competences-20/256-ex-005bd57.html]
[www.clic-formation.net/categories-telechargement/7-formations-informatiques/8-excel/17-competences-20/257-ex-006bd57.html]
[www.clic-formation.net/categories-telechargement/7-formations-informatiques/8-excel/17-competences-20/347-ex-007bd57.html]
[www.clic-formation.net/categories-telechargement/7-formations-informatiques/8-excel/17-competences-20/381-ex-008bd57.html]
[www.clic-formation.net/categories-telechargement/7-formations-informatiques/8-excel/35-competences-30/337-ex-001bd57.html]
[www.clic-formation.net/categories-telechargement/7-formations-informatiques/8-excel/35-competences-30/338-ex-002bd57.html]
[www.clic-formation.net/categories-telechargement/7-formations-informatiques/8-excel/35-competences-30/339-ex-003bd57.html]
[www.clic-formation.net/categories-telechargement/7-formations-informatiques/8-excel/35-competences-30/340-ex-004bd57.html]
[www.clic-formation.net/categories-telechargement/7-formations-informatiques/8-excel/35-competences-30/341-ex-005bd57.html]
[www.clic-formation.net/categories-telechargement/7-formations-informatiques/8-excel/35-competences-30/342-ex-006bd57.html]
[www.clic-formation.net/categories-telechargement/7-formations-informatiques/8-excel/35-competences-30/343-ex-007bd57.html]
[www.clic-formation.net/categories-telechargement/7-formations-informatiques/8-excel/35-competences-30/383-ex-008bd57.html]
[www.clic-formation.net/index21c1.html]
[www.clic-formation.net/quizz-evaluation-connexion-requise-2/quizz-valeur-absolue3756.html]
[www.clic-formation.net/component/search/index6c70.html]
[www.clic-formation.net/quizz-evaluation-connexion-requise-2/quizz-valeur-absolue4215.html]
[www.clic-formation.net/component/search/index842b.html]
[www.clic-formation.net/quizz-evaluation-connexion-requise-2/quizz-valeur-absolue6e5d.html]
[www.clic-formation.net/component/search/indexb3fc.html]
[www.clic-formation.net/component/search/indexdbfb.html]
[www.clic-formation.net/quizz-evaluation-connexion-requise-2/quizz-valeur-absoluedb23.html]
[www.clic-formation.net/indexe458.html]
[www.clic-formation.net/component/search/indexbeef.html]
[www.clic-formation.net/evaluation-fonction-logiques/evaluation-fonction-logique3756.html]
[www.clic-formation.net/component/search/index2fb9.html]
[www.clic-formation.net/evaluation-fonction-logiques/evaluation-fonction-logique4215.html]
[www.clic-formation.net/component/search/index931d.html]
[www.clic-formation.net/component/search/indexe51f.html]
[www.clic-formation.net/evaluation-fonction-logiques/evaluation-fonction-logique6e5d.html]
[www.clic-formation.net/evaluation-fonction-logiques/evaluation-fonction-logiquedb23.html]
[www.clic-formation.net/component/search/indexc147.html]
[www.clic-formation.net/evaluation-fonction-stats/evaluation-fonction-statistiques3756.html]
[www.clic-formation.net/component/search/index809c.html]
[www.clic-formation.net/evaluation-fonction-stats/evaluation-fonction-statistiques4215.html]
[www.clic-formation.net/component/search/index14c5.html]
[www.clic-formation.net/component/search/index4322.html]
[www.clic-formation.net/evaluation-fonction-stats/evaluation-fonction-statistiques6e5d.html]
[www.clic-formation.net/component/search/index43ab.html]
[www.clic-formation.net/evaluation-fonction-stats/evaluation-fonction-statistiquesdb23.html]
[www.clic-formation.net/evaluation-fonction-recherche/quizz-recherche3756.html]
[www.clic-formation.net/component/search/indexc667.html]
[www.clic-formation.net/evaluation-fonction-recherche/quizz-recherche4215.html]
[www.clic-formation.net/component/search/indexd09e.html]
[www.clic-formation.net/component/search/indexc87a.html]
[www.clic-formation.net/evaluation-fonction-recherche/quizz-recherche6e5d.html]
[www.clic-formation.net/evaluation-fonction-recherche/quizz-recherchedb23.html]
[www.clic-formation.net/component/search/index34d7.html]
[www.clic-formation.net/images/01-excel/excel-competence-27/ex-016/ex-016-enonce.html]
[www.clic-formation.net/images/01-excel/excel-competence-27/ex-016/ex-016.html]
[www.clic-formation.net/images/01-excel/excel-competence-27/ex-016/ex-016-solution.html]
[www.clic-formation.net/images/01-excel/excel-competence-27/ex-014/ex-014.html]
[www.clic-formation.net/evaluation-fonction-logiques-2/evaluation-fonction-texte3756.html]
[www.clic-formation.net/component/search/index1f8c.html]
[www.clic-formation.net/evaluation-fonction-logiques-2/evaluation-fonction-texte4215.html]
[www.clic-formation.net/component/search/indexfe65.html]
[www.clic-formation.net/component/search/indexe30e.html]
[www.clic-formation.net/evaluation-fonction-logiques-2/evaluation-fonction-texte6e5d.html]
[www.clic-formation.net/evaluation-fonction-logiques-2/evaluation-fonction-textedb23.html]
[www.clic-formation.net/component/search/index3dc9.html]
[www.clic-formation.net/quizz-generalites3756.html]
[www.clic-formation.net/component/search/index2e36.html]
[www.clic-formation.net/quizz-generalites4215.html]
[www.clic-formation.net/component/search/index8896.html]
[www.clic-formation.net/component/search/indexf37a.html]
[www.clic-formation.net/quizz-generalites6e5d.html]
[www.clic-formation.net/quizz-generalitesdb23.html]
[www.clic-formation.net/component/search/index1fbb.html]
[www.clic-formation.net/images/c-21/exo_ppt_04/texte-aleou-corporate.html]
[www.clic-formation.net/telechargement/e_pht3_03.html]
[www.clic-formation.net/03-les-outils-outils-photofiltre/exercice-2-outils-photofiltrec3c0.html]
[www.clic-formation.net/component/search/indexd547.html]
[www.clic-formation.net/categories-telechargement/54-power-bi/67-025-segment/567-ex-001-segmentbd57.html]
[www.clic-formation.net/images/06-windows/bases/exercices/exos.css]
[www.clic-formation.net/images/06-windows/exercice-04/css/demos.css]
[www.clic-formation.net/tables-des-caracteres3756.html]
[www.clic-formation.net/component/search/indexfbe5.html]
[www.clic-formation.net/component/search/index08b4.html]
[www.clic-formation.net/tables-des-caracteres4215.html]
[www.clic-formation.net/tables-des-caracteres6e5d.html]
[www.clic-formation.net/component/search/indexbe03.html]
[www.clic-formation.net/tables-des-caracteresdb23.html]
[www.clic-formation.net/component/search/index41a4.html]
[www.clic-formation.net/images/muc1-extension-de-fichiers.html]
[www.clic-formation.net/images/06-windows/extension/ex-003/images/insert.html]
[www.clic-formation.net/extension3756.html]
[www.clic-formation.net/component/search/indexbb11.html]
[www.clic-formation.net/component/search/indexb42b.html]
[www.clic-formation.net/extension4215.html]
[www.clic-formation.net/extension6e5d.html]
[www.clic-formation.net/component/search/indexc32b.html]
[www.clic-formation.net/extensiondb23.html]
[www.clic-formation.net/component/search/indexb25a.html]
[www.clic-formation.net/evaluation-windows/peripherique3756.html]
[www.clic-formation.net/component/search/indexaa8c.html]
[www.clic-formation.net/component/search/index5f1c.html]
[www.clic-formation.net/evaluation-windows/peripherique4215.html]
[www.clic-formation.net/evaluation-windows/peripherique6e5d.html]
[www.clic-formation.net/component/search/index3a58.html]
[www.clic-formation.net/evaluation-windows/peripheriquedb23.html]
[www.clic-formation.net/component/search/indexa814.html]
[www.clic-formation.net/evaluation-windows/raccourcis-clavier3756.html]
[www.clic-formation.net/component/search/index889b.html]
[www.clic-formation.net/component/search/index603b.html]
[www.clic-formation.net/component/search/index33a1.html]
[www.clic-formation.net/evaluation-windows/raccourcis-clavier4215.html]
[www.clic-formation.net/evaluation-windows/raccourcis-clavier6e5d.html]
[www.clic-formation.net/evaluation-windows/raccourcis-clavierdb23.html]
[www.clic-formation.net/component/search/index8bc3.html]
[www.clic-formation.net/quizz-messagerie3756.html]
[www.clic-formation.net/component/search/index6b5d.html]
[www.clic-formation.net/component/search/indexcb4b.html]
[www.clic-formation.net/component/search/indexab34.html]
[www.clic-formation.net/quizz-messagerie4215.html]
[www.clic-formation.net/quizz-messagerie6e5d.html]
[www.clic-formation.net/quizz-messageriedb23.html]
[www.clic-formation.net/component/search/index42f4.html]
[journalmetrocom.wordpress.com/wp-content/uploads/2014/01/38-outils-gratuits-pour-surveiller-et-analyser-votre-prc3a9sence-sur-les-mc3a9dias-sociaux0cad.html]
[www.clic-formation.net/component/search/index3824.html]
[www.clic-formation.net/component/search/index6198.html]
[www.clic-formation.net/component/search/index0f56.html]
[www.clic-formation.net/component/communityquiz/quiz/56-morbihan47e6.html]
[www.clic-formation.net/component/communityquiz/category/voyage-en-france49bc.html]
[www.clic-formation.net/component/communityquiz/quiz/58-nievres47e6.html]
[www.clic-formation.net/component/communityquiz/quizzes49bc.html]
[www.clic-formation.net/component/communityquiz/quizzes6c76.html]
[www.clic-formation.net/component/communityquiz/search49bc.html]
[www.clic-formation.net/images/parcours/01-souris_verte/dessin/_assets/literallycanvas.css]
[www.clic-formation.net/images/parcours/01-souris_verte/dessin/classic_without_gui/couleur-2.html]
[www.clic-formation.net/images/parcours/02-souris_bleue/dessin/_assets/literallycanvas.css]
[www.clic-formation.net/images/parcours/03-souris_rouge/dessin/_assets/literallycanvas.css]
[www.clic-formation.net/images/parcours/03-souris_rouge/exos.html]
[www.clic-formation.net/images/parcours/03-souris_rouge/xtras/jquery-3.1.1.html]
[www.clic-formation.net/images/parcours/03-souris_rouge/pendu/script/pendu.css]
[www.clic-formation.net/images/parcours/04-clavier-vert/pendu/styleV3.css]
[www.clic-formation.net/images/parcours/exo-clavier/exos.css]
[www.clic-formation.net/component/communityquiz/quiz/63-puy-de-dome47e6.html]
[www.clic-formation.net/component/search/indexb962.html]
[www.clic-formation.net/images/parcours/04-clavier-vert/super2.gif]
[www.clic-formation.net/images/parcours/04-clavier-vert/bravo3.html]
[www.clic-formation.net/images/parcours/04-clavier-vert/ant-bravo.gif]
[www.clic-formation.net/images/parcours/04-clavier-vert/bravo1.html]
[www.clic-formation.net/images/parcours/04-clavier-vert/pluie/raincss.css]
[www.clic-formation.net/images/parcours/04-clavier-vert/pluie/blank.html]
[www.clic-formation.net/images/parcours/04-clavier-vert/pluie/cbrain.html]
[www.clic-formation.net/images/parcours/05-clavier-bleu/bravo4.html]
[www.clic-formation.net/images/parcours/05-clavier-bleu/bravo5.html]
[www.clic-formation.net/images/parcours/05-clavier-bleu/pluie/raincss.css]
[www.clic-formation.net/images/parcours/05-clavier-bleu/pluie/blank.html]
[www.clic-formation.net/images/parcours/05-clavier-bleu/pluie/cbrain.html]
[www.clic-formation.net/images/parcours/06-clavier-rouge/exos.html]
[www.clic-formation.net/images/parcours/06-clavier-rouge/xtras/jquery-3.1.1.html]
[www.clic-formation.net/images/parcours/06-clavier-rouge/pluie/raincss.css]
[www.clic-formation.net/images/parcours/06-clavier-rouge/pluie/blank.html]
[www.clic-formation.net/images/parcours/06-clavier-rouge/pluie/cbrain.html]
[www.clic-formation.net/media/com_pagebuilderck/assets/icons.css]
[www.clic-formation.net/media/com_pagebuilderck/images/ajax-loader-2.html]
[www.clic-formation.net/media/com_pagebuilderck/images/fondheader.html]
[www.clic-formation.net/media/com_pagebuilderck/images/bg-handle-resize-h.html]
[www.clic-formation.net/media/com_pagebuilderck/images/toolbar/edition.html]
[www.clic-formation.net/media/com_pagebuilderck/images/toolbar/delete.svg]
[www.clic-formation.net/media/com_pagebuilderck/images/toolbar/arrow_up.html]
[www.clic-formation.net/media/com_pagebuilderck/images/toolbar/arrow_down.html]
[www.clic-formation.net/media/com_pagebuilderck/images/toolbar/addblock.html]
[www.clic-formation.net/media/com_pagebuilderck/images/toolbar/addwrapper.html]
[www.clic-formation.net/media/com_pagebuilderck/images/toolbar/arrow_left.html]
[www.clic-formation.net/media/com_pagebuilderck/images/toolbar/arrow_right.html]
[www.clic-formation.net/media/com_pagebuilderck/images/toolbar/edit.svg]
[www.clic-formation.net/media/com_pagebuilderck/images/toolbar/options.html]
[www.clic-formation.net/media/com_pagebuilderck/images/toolbar/move.svg]
[www.clic-formation.net/media/com_pagebuilderck/images/toolbar/magic.svg]
[www.clic-formation.net/media/com_pagebuilderck/images/toolbar/copy.svg]
[www.clic-formation.net/media/com_pagebuilderck/images/toolbar/edit-column.svg]
[www.clic-formation.net/media/com_pagebuilderck/images/toolbar/fullwidth.svg]
[www.clic-formation.net/media/com_pagebuilderck/images/toolbar/cogs.html]
[www.clic-formation.net/media/com_pagebuilderck/images/toolbar/save.svg]
[www.clic-formation.net/media/com_pagebuilderck/images/toolbar/v_align.svg]
[www.clic-formation.net/media/com_pagebuilderck/images/toolbar/v_aligndefault.svg]
[www.clic-formation.net/media/com_pagebuilderck/images/toolbar/gutter.html]
[www.clic-formation.net/media/com_pagebuilderck/images/toolbar/key.svg]
[www.clic-formation.net/media/com_pagebuilderck/images/toolbar/responsive_aligned.svg]
[www.clic-formation.net/media/com_pagebuilderck/images/toolbar/responsive_stacked.svg]
[www.clic-formation.net/media/com_pagebuilderck/images/toolbar/eye.svg]
[www.clic-formation.net/media/com_pagebuilderck/images/toolbar/eye_slash.svg]
[www.clic-formation.net/media/com_pagebuilderck/images/toolbar/toggle-on.svg]
[www.clic-formation.net/media/com_pagebuilderck/images/toolbar/toggle-off.svg]
[www.clic-formation.net/media/com_pagebuilderck/images/toolbar/more.svg]
[www.clic-formation.net/media/com_pagebuilderck/images/fondpopup.html]
[www.clic-formation.net/media/com_pagebuilderck/images/fondpopup_main.html]
[www.clic-formation.net/media/com_pagebuilderck/images/phone_portrait.html]
[www.clic-formation.net/media/com_pagebuilderck/images/computer.html]
[www.clic-formation.net/components/com_pagebuilderck/fonts/fontawesome-webfont3e6e.svg]
[www.clic-formation.net/component/communityquiz/quiz/56-morbihan47e6.html]
[www.clic-formation.net/component/communityquiz/category/voyage-en-france49bc.html]
[www.clic-formation.net/component/communityquiz/quiz/58-nievres47e6.html]
[www.clic-formation.net/component/communityquiz/quiz/63-puy-de-dome47e6.html]
[www.clic-formation.net/component/search/index3af8.html]
[www.clic-formation.net/component/search/index1338.html]
[www.clic-formation.net/component/search/indexe6d2.html]
[www.clic-formation.net/images/parcours/04-clavier-vert/fond.html]
[www.clic-formation.net/images/parcours/05-clavier-bleu/fond.html]
[www.clic-formation.net/images/parcours/05-clavier-bleu/gagner.html]
[www.clic-formation.net/component/search/index6d98.html]
